detection_id,recording_id,period,captured_at,local_path,relative_path,start_seconds,end_seconds,taxon_id,name_zh,scientific_name,birdnet_label,confidence,review_status,reviewer,review_notes
challenge_a14655c56ec1784d846a_pycnonotus_sinensis_00003000,challenge_a14655c56ec1784d846a,2026A 0116-0122,2026-01-16T12:00:05,E:\tmp\生声不息AI挑战资料\2026_07_31_生声不息AI挑战说明\2026A 0116-0122\AAA001_20260116_120005.wav,2026A 0116-0122/AAA001_20260116_120005.wav,3.0,6.0,pycnonotus_sinensis,白头鹎,Pycnonotus sinensis,Pycnonotus sinensis_Light-vented Bulbul,0.061846,pending,,BirdNET候选；人工回听前不作为物种事实。
challenge_a14655c56ec1784d846a_pycnonotus_sinensis_00021000,challenge_a14655c56ec1784d846a,2026A 0116-0122,2026-01-16T12:00:05,E:\tmp\生声不息AI挑战资料\2026_07_31_生声不息AI挑战说明\2026A 0116-0122\AAA001_20260116_120005.wav,2026A 0116-0122/AAA001_20260116_120005.wav,21.0,24.0,pycnonotus_sinensis,白头鹎,Pycnonotus sinensis,Pycnonotus sinensis_Light-vented Bulbul,0.057022,pending,,BirdNET候选；人工回听前不作为物种事实。
challenge_a14655c56ec1784d846a_pycnonotus_sinensis_00024000,challenge_a14655c56ec1784d846a,2026A 0116-0122,2026-01-16T12:00:05,E:\tmp\生声不息AI挑战资料\2026_07_31_生声不息AI挑战说明\2026A 0116-0122\AAA001_20260116_120005.wav,2026A 0116-0122/AAA001_20260116_120005.wav,24.0,27.0,pycnonotus_sinensis,白头鹎,Pycnonotus sinensis,Pycnonotus sinensis_Light-vented Bulbul,0.154464,pending,,BirdNET候选；人工回听前不作为物种事实。
challenge_a14655c56ec1784d846a_pycnonotus_sinensis_00030000,challenge_a14655c56ec1784d846a,2026A 0116-0122,2026-01-16T12:00:05,E:\tmp\生声不息AI挑战资料\2026_07_31_生声不息AI挑战说明\2026A 0116-0122\AAA001_20260116_120005.wav,2026A 0116-0122/AAA001_20260116_120005.wav,30.0,33.0,pycnonotus_sinensis,白头鹎,Pycnonotus sinensis,Pycnonotus sinensis_Light-vented Bulbul,0.058005,pending,,BirdNET候选；人工回听前不作为物种事实。
challenge_a14655c56ec1784d846a_pycnonotus_sinensis_00039000,challenge_a14655c56ec1784d846a,2026A 0116-0122,2026-01-16T12:00:05,E:\tmp\生声不息AI挑战资料\2026_07_31_生声不息AI挑战说明\2026A 0116-0122\AAA001_20260116_120005.wav,2026A 0116-0122/AAA001_20260116_120005.wav,39.0,42.0,pycnonotus_sinensis,白头鹎,Pycnonotus sinensis,Pycnonotus sinensis_Light-vented Bulbul,0.106088,pending,,BirdNET候选；人工回听前不作为物种事实。
challenge_a14655c56ec1784d846a_pycnonotus_sinensis_00042000,challenge_a14655c56ec1784d846a,2026A 0116-0122,2026-01-16T12:00:05,E:\tmp\生声不息AI挑战资料\2026_07_31_生声不息AI挑战说明\2026A 0116-0122\AAA001_20260116_120005.wav,2026A 0116-0122/AAA001_20260116_120005.wav,42.0,45.0,pycnonotus_sinensis,白头鹎,Pycnonotus sinensis,Pycnonotus sinensis_Light-vented Bulbul,0.122788,pending,,BirdNET候选；人工回听前不作为物种事实。
challenge_a14655c56ec1784d846a_pycnonotus_sinensis_00045000,challenge_a14655c56ec1784d846a,2026A 0116-0122,2026-01-16T12:00:05,E:\tmp\生声不息AI挑战资料\2026_07_31_生声不息AI挑战说明\2026A 0116-0122\AAA001_20260116_120005.wav,2026A 0116-0122/AAA001_20260116_120005.wav,45.0,48.0,pycnonotus_sinensis,白头鹎,Pycnonotus sinensis,Pycnonotus sinensis_Light-vented Bulbul,0.120305,pending,,BirdNET候选；人工回听前不作为物种事实。
challenge_a14655c56ec1784d846a_pycnonotus_sinensis_00048000,challenge_a14655c56ec1784d846a,2026A 0116-0122,2026-01-16T12:00:05,E:\tmp\生声不息AI挑战资料\2026_07_31_生声不息AI挑战说明\2026A 0116-0122\AAA001_20260116_120005.wav,2026A 0116-0122/AAA001_20260116_120005.wav,48.0,51.0,pycnonotus_sinensis,白头鹎,Pycnonotus sinensis,Pycnonotus sinensis_Light-vented Bulbul,0.096062,pending,,BirdNET候选；人工回听前不作为物种事实。
challenge_a14655c56ec1784d846a_pycnonotus_sinensis_00054000,challenge_a14655c56ec1784d846a,2026A 0116-0122,2026-01-16T12:00:05,E:\tmp\生声不息AI挑战资料\2026_07_31_生声不息AI挑战说明\2026A 0116-0122\AAA001_20260116_120005.wav,2026A 0116-0122/AAA001_20260116_120005.wav,54.0,57.0,pycnonotus_sinensis,白头鹎,Pycnonotus sinensis,Pycnonotus sinensis_Light-vented Bulbul,0.083238,pending,,BirdNET候选；人工回听前不作为物种事实。
challenge_a14655c56ec1784d846a_pycnonotus_sinensis_00057000,challenge_a14655c56ec1784d846a,2026A 0116-0122,2026-01-16T12:00:05,E:\tmp\生声不息AI挑战资料\2026_07_31_生声不息AI挑战说明\2026A 0116-0122\AAA001_20260116_120005.wav,2026A 0116-0122/AAA001_20260116_120005.wav,57.0,60.0,pycnonotus_sinensis,白头鹎,Pycnonotus sinensis,Pycnonotus sinensis_Light-vented Bulbul,0.067941,pending,,BirdNET候选；人工回听前不作为物种事实。
challenge_4785014132b8158913ef_pycnonotus_sinensis_00006000,challenge_4785014132b8158913ef,2026A 0116-0122,2026-01-18T05:30:04,E:\tmp\生声不息AI挑战资料\2026_07_31_生声不息AI挑战说明\2026A 0116-0122\AAA001_20260118_053004.wav,2026A 0116-0122/AAA001_20260118_053004.wav,6.0,9.0,pycnonotus_sinensis,白头鹎,Pycnonotus sinensis,Pycnonotus sinensis_Light-vented Bulbul,0.073972,pending,,BirdNET候选；人工回听前不作为物种事实。
challenge_4785014132b8158913ef_turdus_mandarinus_00015000,challenge_4785014132b8158913ef,2026A 0116-0122,2026-01-18T05:30:04,E:\tmp\生声不息AI挑战资料\2026_07_31_生声不息AI挑战说明\2026A 0116-0122\AAA001_20260118_053004.wav,2026A 0116-0122/AAA001_20260118_053004.wav,15.0,18.0,turdus_mandarinus,乌鸫,Turdus mandarinus,Turdus mandarinus_Chinese Blackbird,0.06562,pending,,BirdNET候选；人工回听前不作为物种事实。
challenge_4785014132b8158913ef_turdus_mandarinus_00051000,challenge_4785014132b8158913ef,2026A 0116-0122,2026-01-18T05:30:04,E:\tmp\生声不息AI挑战资料\2026_07_31_生声不息AI挑战说明\2026A 0116-0122\AAA001_20260118_053004.wav,2026A 0116-0122/AAA001_20260118_053004.wav,51.0,54.0,turdus_mandarinus,乌鸫,Turdus mandarinus,Turdus mandarinus_Chinese Blackbird,0.075316,pending,,BirdNET候选；人工回听前不作为物种事实。
challenge_ea16b75db63458fe1a1b_turdus_mandarinus_00030000,challenge_ea16b75db63458fe1a1b,2026A 0116-0122,2026-01-19T05:25:02,E:\tmp\生声不息AI挑战资料\2026_07_31_生声不息AI挑战说明\2026A 0116-0122\AAA001_20260119_052502.wav,2026A 0116-0122/AAA001_20260119_052502.wav,30.0,33.0,turdus_mandarinus,乌鸫,Turdus mandarinus,Turdus mandarinus_Chinese Blackbird,0.058885,pending,,BirdNET候选；人工回听前不作为物种事实。
challenge_a5d1ba113a71a2a63cc3_pycnonotus_sinensis_00051000,challenge_a5d1ba113a71a2a63cc3,2026A 0116-0122,2026-01-19T11:35:03,E:\tmp\生声不息AI挑战资料\2026_07_31_生声不息AI挑战说明\2026A 0116-0122\AAA001_20260119_113503.wav,2026A 0116-0122/AAA001_20260119_113503.wav,51.0,54.0,pycnonotus_sinensis,白头鹎,Pycnonotus sinensis,Pycnonotus sinensis_Light-vented Bulbul,0.071139,pending,,BirdNET候选；人工回听前不作为物种事实。
challenge_7ba4333dc83492706bca_turdus_mandarinus_00009000,challenge_7ba4333dc83492706bca,2026A 0116-0122,2026-01-21T05:50:03,E:\tmp\生声不息AI挑战资料\2026_07_31_生声不息AI挑战说明\2026A 0116-0122\AAA001_20260121_055003.wav,2026A 0116-0122/AAA001_20260121_055003.wav,9.0,12.0,turdus_mandarinus,乌鸫,Turdus mandarinus,Turdus mandarinus_Chinese Blackbird,0.060131,pending,,BirdNET候选；人工回听前不作为物种事实。
challenge_7ba4333dc83492706bca_turdus_mandarinus_00045000,challenge_7ba4333dc83492706bca,2026A 0116-0122,2026-01-21T05:50:03,E:\tmp\生声不息AI挑战资料\2026_07_31_生声不息AI挑战说明\2026A 0116-0122\AAA001_20260121_055003.wav,2026A 0116-0122/AAA001_20260121_055003.wav,45.0,48.0,turdus_mandarinus,乌鸫,Turdus mandarinus,Turdus mandarinus_Chinese Blackbird,0.144733,pending,,BirdNET候选；人工回听前不作为物种事实。
challenge_2e6ed7db933d35fef615_spilopelia_chinensis_00006000,challenge_2e6ed7db933d35fef615,2026A 0116-0122,2026-01-22T12:00:01,E:\tmp\生声不息AI挑战资料\2026_07_31_生声不息AI挑战说明\2026A 0116-0122\AAA001_20260122_120001.wav,2026A 0116-0122/AAA001_20260122_120001.wav,6.0,9.0,spilopelia_chinensis,珠颈斑鸠,Spilopelia chinensis,Streptopelia chinensis_Spotted Dove,0.752391,pending,,BirdNET候选；人工回听前不作为物种事实。
challenge_2e6ed7db933d35fef615_spilopelia_chinensis_00009000,challenge_2e6ed7db933d35fef615,2026A 0116-0122,2026-01-22T12:00:01,E:\tmp\生声不息AI挑战资料\2026_07_31_生声不息AI挑战说明\2026A 0116-0122\AAA001_20260122_120001.wav,2026A 0116-0122/AAA001_20260122_120001.wav,9.0,12.0,spilopelia_chinensis,珠颈斑鸠,Spilopelia chinensis,Streptopelia chinensis_Spotted Dove,0.288729,pending,,BirdNET候选；人工回听前不作为物种事实。
challenge_2e6ed7db933d35fef615_spilopelia_chinensis_00012000,challenge_2e6ed7db933d35fef615,2026A 0116-0122,2026-01-22T12:00:01,E:\tmp\生声不息AI挑战资料\2026_07_31_生声不息AI挑战说明\2026A 0116-0122\AAA001_20260122_120001.wav,2026A 0116-0122/AAA001_20260122_120001.wav,12.0,15.0,spilopelia_chinensis,珠颈斑鸠,Spilopelia chinensis,Streptopelia chinensis_Spotted Dove,0.599189,pending,,BirdNET候选；人工回听前不作为物种事实。
challenge_2e6ed7db933d35fef615_passer_montanus_00024000,challenge_2e6ed7db933d35fef615,2026A 0116-0122,2026-01-22T12:00:01,E:\tmp\生声不息AI挑战资料\2026_07_31_生声不息AI挑战说明\2026A 0116-0122\AAA001_20260122_120001.wav,2026A 0116-0122/AAA001_20260122_120001.wav,24.0,27.0,passer_montanus,麻雀,Passer montanus,Passer montanus_Eurasian Tree Sparrow,0.068902,pending,,BirdNET候选；人工回听前不作为物种事实。
challenge_5f46989630dc3bef1b66_pycnonotus_sinensis_00015000,challenge_5f46989630dc3bef1b66,2026B 0326-0401,2026-03-26T12:00:02,E:\tmp\生声不息AI挑战资料\2026_07_31_生声不息AI挑战说明\2026B 0326-0401\AAA001_20260326_120002.wav,2026B 0326-0401/AAA001_20260326_120002.wav,15.0,18.0,pycnonotus_sinensis,白头鹎,Pycnonotus sinensis,Pycnonotus sinensis_Light-vented Bulbul,0.26417,pending,,BirdNET候选；人工回听前不作为物种事实。
challenge_5f46989630dc3bef1b66_pycnonotus_sinensis_00021000,challenge_5f46989630dc3bef1b66,2026B 0326-0401,2026-03-26T12:00:02,E:\tmp\生声不息AI挑战资料\2026_07_31_生声不息AI挑战说明\2026B 0326-0401\AAA001_20260326_120002.wav,2026B 0326-0401/AAA001_20260326_120002.wav,21.0,24.0,pycnonotus_sinensis,白头鹎,Pycnonotus sinensis,Pycnonotus sinensis_Light-vented Bulbul,0.075627,pending,,BirdNET候选；人工回听前不作为物种事实。
challenge_f34cb35c5b96509325ba_spilopelia_chinensis_00012000,challenge_f34cb35c5b96509325ba,2026B 0326-0401,2026-03-26T17:40:02,E:\tmp\生声不息AI挑战资料\2026_07_31_生声不息AI挑战说明\2026B 0326-0401\AAA001_20260326_174002.wav,2026B 0326-0401/AAA001_20260326_174002.wav,12.0,15.0,spilopelia_chinensis,珠颈斑鸠,Spilopelia chinensis,Streptopelia chinensis_Spotted Dove,0.877229,pending,,BirdNET候选；人工回听前不作为物种事实。
challenge_f34cb35c5b96509325ba_spilopelia_chinensis_00024000,challenge_f34cb35c5b96509325ba,2026B 0326-0401,2026-03-26T17:40:02,E:\tmp\生声不息AI挑战资料\2026_07_31_生声不息AI挑战说明\2026B 0326-0401\AAA001_20260326_174002.wav,2026B 0326-0401/AAA001_20260326_174002.wav,24.0,27.0,spilopelia_chinensis,珠颈斑鸠,Spilopelia chinensis,Streptopelia chinensis_Spotted Dove,0.534326,pending,,BirdNET候选；人工回听前不作为物种事实。
challenge_f34cb35c5b96509325ba_spilopelia_chinensis_00036000,challenge_f34cb35c5b96509325ba,2026B 0326-0401,2026-03-26T17:40:02,E:\tmp\生声不息AI挑战资料\2026_07_31_生声不息AI挑战说明\2026B 0326-0401\AAA001_20260326_174002.wav,2026B 0326-0401/AAA001_20260326_174002.wav,36.0,39.0,spilopelia_chinensis,珠颈斑鸠,Spilopelia chinensis,Streptopelia chinensis_Spotted Dove,0.664795,pending,,BirdNET候选；人工回听前不作为物种事实。
challenge_c336fa6f5ee13e9780af_spilopelia_chinensis_00000000,challenge_c336fa6f5ee13e9780af,2026B 0326-0401,2026-03-27T06:05:01,E:\tmp\生声不息AI挑战资料\2026_07_31_生声不息AI挑战说明\2026B 0326-0401\AAA001_20260327_060501.wav,2026B 0326-0401/AAA001_20260327_060501.wav,0.0,3.0,spilopelia_chinensis,珠颈斑鸠,Spilopelia chinensis,Streptopelia chinensis_Spotted Dove,0.349294,pending,,BirdNET候选；人工回听前不作为物种事实。
challenge_c336fa6f5ee13e9780af_spilopelia_chinensis_00003000,challenge_c336fa6f5ee13e9780af,2026B 0326-0401,2026-03-27T06:05:01,E:\tmp\生声不息AI挑战资料\2026_07_31_生声不息AI挑战说明\2026B 0326-0401\AAA001_20260327_060501.wav,2026B 0326-0401/AAA001_20260327_060501.wav,3.0,6.0,spilopelia_chinensis,珠颈斑鸠,Spilopelia chinensis,Streptopelia chinensis_Spotted Dove,0.66884,pending,,BirdNET候选；人工回听前不作为物种事实。
challenge_c336fa6f5ee13e9780af_spilopelia_chinensis_00006000,challenge_c336fa6f5ee13e9780af,2026B 0326-0401,2026-03-27T06:05:01,E:\tmp\生声不息AI挑战资料\2026_07_31_生声不息AI挑战说明\2026B 0326-0401\AAA001_20260327_060501.wav,2026B 0326-0401/AAA001_20260327_060501.wav,6.0,9.0,spilopelia_chinensis,珠颈斑鸠,Spilopelia chinensis,Streptopelia chinensis_Spotted Dove,0.571661,pending,,BirdNET候选；人工回听前不作为物种事实。
challenge_c336fa6f5ee13e9780af_spilopelia_chinensis_00009000,challenge_c336fa6f5ee13e9780af,2026B 0326-0401,2026-03-27T06:05:01,E:\tmp\生声不息AI挑战资料\2026_07_31_生声不息AI挑战说明\2026B 0326-0401\AAA001_20260327_060501.wav,2026B 0326-0401/AAA001_20260327_060501.wav,9.0,12.0,spilopelia_chinensis,珠颈斑鸠,Spilopelia chinensis,Streptopelia chinensis_Spotted Dove,0.34563,pending,,BirdNET候选；人工回听前不作为物种事实。
challenge_c336fa6f5ee13e9780af_turdus_mandarinus_00009000,challenge_c336fa6f5ee13e9780af,2026B 0326-0401,2026-03-27T06:05:01,E:\tmp\生声不息AI挑战资料\2026_07_31_生声不息AI挑战说明\2026B 0326-0401\AAA001_20260327_060501.wav,2026B 0326-0401/AAA001_20260327_060501.wav,9.0,12.0,turdus_mandarinus,乌鸫,Turdus mandarinus,Turdus mandarinus_Chinese Blackbird,0.095653,pending,,BirdNET候选；人工回听前不作为物种事实。
challenge_c336fa6f5ee13e9780af_spilopelia_chinensis_00012000,challenge_c336fa6f5ee13e9780af,2026B 0326-0401,2026-03-27T06:05:01,E:\tmp\生声不息AI挑战资料\2026_07_31_生声不息AI挑战说明\2026B 0326-0401\AAA001_20260327_060501.wav,2026B 0326-0401/AAA001_20260327_060501.wav,12.0,15.0,spilopelia_chinensis,珠颈斑鸠,Spilopelia chinensis,Streptopelia chinensis_Spotted Dove,0.451517,pending,,BirdNET候选；人工回听前不作为物种事实。
challenge_c336fa6f5ee13e9780af_spilopelia_chinensis_00015000,challenge_c336fa6f5ee13e9780af,2026B 0326-0401,2026-03-27T06:05:01,E:\tmp\生声不息AI挑战资料\2026_07_31_生声不息AI挑战说明\2026B 0326-0401\AAA001_20260327_060501.wav,2026B 0326-0401/AAA001_20260327_060501.wav,15.0,18.0,spilopelia_chinensis,珠颈斑鸠,Spilopelia chinensis,Streptopelia chinensis_Spotted Dove,0.311226,pending,,BirdNET候选；人工回听前不作为物种事实。
challenge_c336fa6f5ee13e9780af_turdus_mandarinus_00015000,challenge_c336fa6f5ee13e9780af,2026B 0326-0401,2026-03-27T06:05:01,E:\tmp\生声不息AI挑战资料\2026_07_31_生声不息AI挑战说明\2026B 0326-0401\AAA001_20260327_060501.wav,2026B 0326-0401/AAA001_20260327_060501.wav,15.0,18.0,turdus_mandarinus,乌鸫,Turdus mandarinus,Turdus mandarinus_Chinese Blackbird,0.090733,pending,,BirdNET候选；人工回听前不作为物种事实。
challenge_c336fa6f5ee13e9780af_spilopelia_chinensis_00018000,challenge_c336fa6f5ee13e9780af,2026B 0326-0401,2026-03-27T06:05:01,E:\tmp\生声不息AI挑战资料\2026_07_31_生声不息AI挑战说明\2026B 0326-0401\AAA001_20260327_060501.wav,2026B 0326-0401/AAA001_20260327_060501.wav,18.0,21.0,spilopelia_chinensis,珠颈斑鸠,Spilopelia chinensis,Streptopelia chinensis_Spotted Dove,0.851914,pending,,BirdNET候选；人工回听前不作为物种事实。
challenge_c336fa6f5ee13e9780af_spilopelia_chinensis_00021000,challenge_c336fa6f5ee13e9780af,2026B 0326-0401,2026-03-27T06:05:01,E:\tmp\生声不息AI挑战资料\2026_07_31_生声不息AI挑战说明\2026B 0326-0401\AAA001_20260327_060501.wav,2026B 0326-0401/AAA001_20260327_060501.wav,21.0,24.0,spilopelia_chinensis,珠颈斑鸠,Spilopelia chinensis,Streptopelia chinensis_Spotted Dove,0.930148,pending,,BirdNET候选；人工回听前不作为物种事实。
challenge_c336fa6f5ee13e9780af_spilopelia_chinensis_00024000,challenge_c336fa6f5ee13e9780af,2026B 0326-0401,2026-03-27T06:05:01,E:\tmp\生声不息AI挑战资料\2026_07_31_生声不息AI挑战说明\2026B 0326-0401\AAA001_20260327_060501.wav,2026B 0326-0401/AAA001_20260327_060501.wav,24.0,27.0,spilopelia_chinensis,珠颈斑鸠,Spilopelia chinensis,Streptopelia chinensis_Spotted Dove,0.299338,pending,,BirdNET候选；人工回听前不作为物种事实。
challenge_c336fa6f5ee13e9780af_pycnonotus_sinensis_00024000,challenge_c336fa6f5ee13e9780af,2026B 0326-0401,2026-03-27T06:05:01,E:\tmp\生声不息AI挑战资料\2026_07_31_生声不息AI挑战说明\2026B 0326-0401\AAA001_20260327_060501.wav,2026B 0326-0401/AAA001_20260327_060501.wav,24.0,27.0,pycnonotus_sinensis,白头鹎,Pycnonotus sinensis,Pycnonotus sinensis_Light-vented Bulbul,0.110599,pending,,BirdNET候选；人工回听前不作为物种事实。
challenge_c336fa6f5ee13e9780af_spilopelia_chinensis_00027000,challenge_c336fa6f5ee13e9780af,2026B 0326-0401,2026-03-27T06:05:01,E:\tmp\生声不息AI挑战资料\2026_07_31_生声不息AI挑战说明\2026B 0326-0401\AAA001_20260327_060501.wav,2026B 0326-0401/AAA001_20260327_060501.wav,27.0,30.0,spilopelia_chinensis,珠颈斑鸠,Spilopelia chinensis,Streptopelia chinensis_Spotted Dove,0.488196,pending,,BirdNET候选；人工回听前不作为物种事实。
challenge_c336fa6f5ee13e9780af_pycnonotus_sinensis_00036000,challenge_c336fa6f5ee13e9780af,2026B 0326-0401,2026-03-27T06:05:01,E:\tmp\生声不息AI挑战资料\2026_07_31_生声不息AI挑战说明\2026B 0326-0401\AAA001_20260327_060501.wav,2026B 0326-0401/AAA001_20260327_060501.wav,36.0,39.0,pycnonotus_sinensis,白头鹎,Pycnonotus sinensis,Pycnonotus sinensis_Light-vented Bulbul,0.094845,pending,,BirdNET候选；人工回听前不作为物种事实。
challenge_c336fa6f5ee13e9780af_turdus_mandarinus_00039000,challenge_c336fa6f5ee13e9780af,2026B 0326-0401,2026-03-27T06:05:01,E:\tmp\生声不息AI挑战资料\2026_07_31_生声不息AI挑战说明\2026B 0326-0401\AAA001_20260327_060501.wav,2026B 0326-0401/AAA001_20260327_060501.wav,39.0,42.0,turdus_mandarinus,乌鸫,Turdus mandarinus,Turdus mandarinus_Chinese Blackbird,0.106409,pending,,BirdNET候选；人工回听前不作为物种事实。
challenge_c336fa6f5ee13e9780af_pycnonotus_sinensis_00048000,challenge_c336fa6f5ee13e9780af,2026B 0326-0401,2026-03-27T06:05:01,E:\tmp\生声不息AI挑战资料\2026_07_31_生声不息AI挑战说明\2026B 0326-0401\AAA001_20260327_060501.wav,2026B 0326-0401/AAA001_20260327_060501.wav,48.0,51.0,pycnonotus_sinensis,白头鹎,Pycnonotus sinensis,Pycnonotus sinensis_Light-vented Bulbul,0.09734,pending,,BirdNET候选；人工回听前不作为物种事实。
challenge_7b686a4647a31ee82f92_turdus_mandarinus_00051000,challenge_7b686a4647a31ee82f92,2026B 0326-0401,2026-03-27T11:45:02,E:\tmp\生声不息AI挑战资料\2026_07_31_生声不息AI挑战说明\2026B 0326-0401\AAA001_20260327_114502.wav,2026B 0326-0401/AAA001_20260327_114502.wav,51.0,54.0,turdus_mandarinus,乌鸫,Turdus mandarinus,Turdus mandarinus_Chinese Blackbird,0.074796,pending,,BirdNET候选；人工回听前不作为物种事实。
challenge_058fd808b73bfecb6f2c_spilopelia_chinensis_00000000,challenge_058fd808b73bfecb6f2c,2026B 0326-0401,2026-03-27T17:30:02,E:\tmp\生声不息AI挑战资料\2026_07_31_生声不息AI挑战说明\2026B 0326-0401\AAA001_20260327_173002.wav,2026B 0326-0401/AAA001_20260327_173002.wav,0.0,3.0,spilopelia_chinensis,珠颈斑鸠,Spilopelia chinensis,Streptopelia chinensis_Spotted Dove,0.088466,pending,,BirdNET候选；人工回听前不作为物种事实。
challenge_058fd808b73bfecb6f2c_spilopelia_chinensis_00003000,challenge_058fd808b73bfecb6f2c,2026B 0326-0401,2026-03-27T17:30:02,E:\tmp\生声不息AI挑战资料\2026_07_31_生声不息AI挑战说明\2026B 0326-0401\AAA001_20260327_173002.wav,2026B 0326-0401/AAA001_20260327_173002.wav,3.0,6.0,spilopelia_chinensis,珠颈斑鸠,Spilopelia chinensis,Streptopelia chinensis_Spotted Dove,0.413676,pending,,BirdNET候选；人工回听前不作为物种事实。
challenge_058fd808b73bfecb6f2c_pycnonotus_sinensis_00003000,challenge_058fd808b73bfecb6f2c,2026B 0326-0401,2026-03-27T17:30:02,E:\tmp\生声不息AI挑战资料\2026_07_31_生声不息AI挑战说明\2026B 0326-0401\AAA001_20260327_173002.wav,2026B 0326-0401/AAA001_20260327_173002.wav,3.0,6.0,pycnonotus_sinensis,白头鹎,Pycnonotus sinensis,Pycnonotus sinensis_Light-vented Bulbul,0.053307,pending,,BirdNET候选；人工回听前不作为物种事实。
challenge_058fd808b73bfecb6f2c_spilopelia_chinensis_00006000,challenge_058fd808b73bfecb6f2c,2026B 0326-0401,2026-03-27T17:30:02,E:\tmp\生声不息AI挑战资料\2026_07_31_生声不息AI挑战说明\2026B 0326-0401\AAA001_20260327_173002.wav,2026B 0326-0401/AAA001_20260327_173002.wav,6.0,9.0,spilopelia_chinensis,珠颈斑鸠,Spilopelia chinensis,Streptopelia chinensis_Spotted Dove,0.133148,pending,,BirdNET候选；人工回听前不作为物种事实。
challenge_058fd808b73bfecb6f2c_spilopelia_chinensis_00009000,challenge_058fd808b73bfecb6f2c,2026B 0326-0401,2026-03-27T17:30:02,E:\tmp\生声不息AI挑战资料\2026_07_31_生声不息AI挑战说明\2026B 0326-0401\AAA001_20260327_173002.wav,2026B 0326-0401/AAA001_20260327_173002.wav,9.0,12.0,spilopelia_chinensis,珠颈斑鸠,Spilopelia chinensis,Streptopelia chinensis_Spotted Dove,0.108481,pending,,BirdNET候选；人工回听前不作为物种事实。
challenge_058fd808b73bfecb6f2c_spilopelia_chinensis_00012000,challenge_058fd808b73bfecb6f2c,2026B 0326-0401,2026-03-27T17:30:02,E:\tmp\生声不息AI挑战资料\2026_07_31_生声不息AI挑战说明\2026B 0326-0401\AAA001_20260327_173002.wav,2026B 0326-0401/AAA001_20260327_173002.wav,12.0,15.0,spilopelia_chinensis,珠颈斑鸠,Spilopelia chinensis,Streptopelia chinensis_Spotted Dove,0.137511,pending,,BirdNET候选；人工回听前不作为物种事实。
challenge_058fd808b73bfecb6f2c_spilopelia_chinensis_00018000,challenge_058fd808b73bfecb6f2c,2026B 0326-0401,2026-03-27T17:30:02,E:\tmp\生声不息AI挑战资料\2026_07_31_生声不息AI挑战说明\2026B 0326-0401\AAA001_20260327_173002.wav,2026B 0326-0401/AAA001_20260327_173002.wav,18.0,21.0,spilopelia_chinensis,珠颈斑鸠,Spilopelia chinensis,Streptopelia chinensis_Spotted Dove,0.119601,pending,,BirdNET候选；人工回听前不作为物种事实。
challenge_058fd808b73bfecb6f2c_spilopelia_chinensis_00021000,challenge_058fd808b73bfecb6f2c,2026B 0326-0401,2026-03-27T17:30:02,E:\tmp\生声不息AI挑战资料\2026_07_31_生声不息AI挑战说明\2026B 0326-0401\AAA001_20260327_173002.wav,2026B 0326-0401/AAA001_20260327_173002.wav,21.0,24.0,spilopelia_chinensis,珠颈斑鸠,Spilopelia chinensis,Streptopelia chinensis_Spotted Dove,0.074221,pending,,BirdNET候选；人工回听前不作为物种事实。
challenge_058fd808b73bfecb6f2c_spilopelia_chinensis_00024000,challenge_058fd808b73bfecb6f2c,2026B 0326-0401,2026-03-27T17:30:02,E:\tmp\生声不息AI挑战资料\2026_07_31_生声不息AI挑战说明\2026B 0326-0401\AAA001_20260327_173002.wav,2026B 0326-0401/AAA001_20260327_173002.wav,24.0,27.0,spilopelia_chinensis,珠颈斑鸠,Spilopelia chinensis,Streptopelia chinensis_Spotted Dove,0.19664,pending,,BirdNET候选；人工回听前不作为物种事实。
challenge_058fd808b73bfecb6f2c_spilopelia_chinensis_00033000,challenge_058fd808b73bfecb6f2c,2026B 0326-0401,2026-03-27T17:30:02,E:\tmp\生声不息AI挑战资料\2026_07_31_生声不息AI挑战说明\2026B 0326-0401\AAA001_20260327_173002.wav,2026B 0326-0401/AAA001_20260327_173002.wav,33.0,36.0,spilopelia_chinensis,珠颈斑鸠,Spilopelia chinensis,Streptopelia chinensis_Spotted Dove,0.095244,pending,,BirdNET候选；人工回听前不作为物种事实。
challenge_058fd808b73bfecb6f2c_spilopelia_chinensis_00036000,challenge_058fd808b73bfecb6f2c,2026B 0326-0401,2026-03-27T17:30:02,E:\tmp\生声不息AI挑战资料\2026_07_31_生声不息AI挑战说明\2026B 0326-0401\AAA001_20260327_173002.wav,2026B 0326-0401/AAA001_20260327_173002.wav,36.0,39.0,spilopelia_chinensis,珠颈斑鸠,Spilopelia chinensis,Streptopelia chinensis_Spotted Dove,0.137892,pending,,BirdNET候选；人工回听前不作为物种事实。
challenge_058fd808b73bfecb6f2c_spilopelia_chinensis_00039000,challenge_058fd808b73bfecb6f2c,2026B 0326-0401,2026-03-27T17:30:02,E:\tmp\生声不息AI挑战资料\2026_07_31_生声不息AI挑战说明\2026B 0326-0401\AAA001_20260327_173002.wav,2026B 0326-0401/AAA001_20260327_173002.wav,39.0,42.0,spilopelia_chinensis,珠颈斑鸠,Spilopelia chinensis,Streptopelia chinensis_Spotted Dove,0.096456,pending,,BirdNET候选；人工回听前不作为物种事实。
challenge_058fd808b73bfecb6f2c_pycnonotus_sinensis_00039000,challenge_058fd808b73bfecb6f2c,2026B 0326-0401,2026-03-27T17:30:02,E:\tmp\生声不息AI挑战资料\2026_07_31_生声不息AI挑战说明\2026B 0326-0401\AAA001_20260327_173002.wav,2026B 0326-0401/AAA001_20260327_173002.wav,39.0,42.0,pycnonotus_sinensis,白头鹎,Pycnonotus sinensis,Pycnonotus sinensis_Light-vented Bulbul,0.068002,pending,,BirdNET候选；人工回听前不作为物种事实。
challenge_058fd808b73bfecb6f2c_spilopelia_chinensis_00042000,challenge_058fd808b73bfecb6f2c,2026B 0326-0401,2026-03-27T17:30:02,E:\tmp\生声不息AI挑战资料\2026_07_31_生声不息AI挑战说明\2026B 0326-0401\AAA001_20260327_173002.wav,2026B 0326-0401/AAA001_20260327_173002.wav,42.0,45.0,spilopelia_chinensis,珠颈斑鸠,Spilopelia chinensis,Streptopelia chinensis_Spotted Dove,0.233873,pending,,BirdNET候选；人工回听前不作为物种事实。
challenge_058fd808b73bfecb6f2c_spilopelia_chinensis_00045000,challenge_058fd808b73bfecb6f2c,2026B 0326-0401,2026-03-27T17:30:02,E:\tmp\生声不息AI挑战资料\2026_07_31_生声不息AI挑战说明\2026B 0326-0401\AAA001_20260327_173002.wav,2026B 0326-0401/AAA001_20260327_173002.wav,45.0,48.0,spilopelia_chinensis,珠颈斑鸠,Spilopelia chinensis,Streptopelia chinensis_Spotted Dove,0.211554,pending,,BirdNET候选；人工回听前不作为物种事实。
challenge_058fd808b73bfecb6f2c_spilopelia_chinensis_00048000,challenge_058fd808b73bfecb6f2c,2026B 0326-0401,2026-03-27T17:30:02,E:\tmp\生声不息AI挑战资料\2026_07_31_生声不息AI挑战说明\2026B 0326-0401\AAA001_20260327_173002.wav,2026B 0326-0401/AAA001_20260327_173002.wav,48.0,51.0,spilopelia_chinensis,珠颈斑鸠,Spilopelia chinensis,Streptopelia chinensis_Spotted Dove,0.301725,pending,,BirdNET候选；人工回听前不作为物种事实。
challenge_058fd808b73bfecb6f2c_spilopelia_chinensis_00051000,challenge_058fd808b73bfecb6f2c,2026B 0326-0401,2026-03-27T17:30:02,E:\tmp\生声不息AI挑战资料\2026_07_31_生声不息AI挑战说明\2026B 0326-0401\AAA001_20260327_173002.wav,2026B 0326-0401/AAA001_20260327_173002.wav,51.0,54.0,spilopelia_chinensis,珠颈斑鸠,Spilopelia chinensis,Streptopelia chinensis_Spotted Dove,0.127524,pending,,BirdNET候选；人工回听前不作为物种事实。
challenge_058fd808b73bfecb6f2c_spilopelia_chinensis_00054000,challenge_058fd808b73bfecb6f2c,2026B 0326-0401,2026-03-27T17:30:02,E:\tmp\生声不息AI挑战资料\2026_07_31_生声不息AI挑战说明\2026B 0326-0401\AAA001_20260327_173002.wav,2026B 0326-0401/AAA001_20260327_173002.wav,54.0,57.0,spilopelia_chinensis,珠颈斑鸠,Spilopelia chinensis,Streptopelia chinensis_Spotted Dove,0.156569,pending,,BirdNET候选；人工回听前不作为物种事实。
challenge_058fd808b73bfecb6f2c_spilopelia_chinensis_00057000,challenge_058fd808b73bfecb6f2c,2026B 0326-0401,2026-03-27T17:30:02,E:\tmp\生声不息AI挑战资料\2026_07_31_生声不息AI挑战说明\2026B 0326-0401\AAA001_20260327_173002.wav,2026B 0326-0401/AAA001_20260327_173002.wav,57.0,60.0,spilopelia_chinensis,珠颈斑鸠,Spilopelia chinensis,Streptopelia chinensis_Spotted Dove,0.225875,pending,,BirdNET候选；人工回听前不作为物种事实。
challenge_00f4871810c89ea1ab5a_copsychus_saularis_00024000,challenge_00f4871810c89ea1ab5a,2026B 0326-0401,2026-03-28T05:25:02,E:\tmp\生声不息AI挑战资料\2026_07_31_生声不息AI挑战说明\2026B 0326-0401\AAA001_20260328_052502.wav,2026B 0326-0401/AAA001_20260328_052502.wav,24.0,27.0,copsychus_saularis,鹊鸲,Copsychus saularis,Copsychus saularis_Oriental Magpie-Robin,0.243226,pending,,BirdNET候选；人工回听前不作为物种事实。
challenge_00f4871810c89ea1ab5a_copsychus_saularis_00027000,challenge_00f4871810c89ea1ab5a,2026B 0326-0401,2026-03-28T05:25:02,E:\tmp\生声不息AI挑战资料\2026_07_31_生声不息AI挑战说明\2026B 0326-0401\AAA001_20260328_052502.wav,2026B 0326-0401/AAA001_20260328_052502.wav,27.0,30.0,copsychus_saularis,鹊鸲,Copsychus saularis,Copsychus saularis_Oriental Magpie-Robin,0.543836,pending,,BirdNET候选；人工回听前不作为物种事实。
challenge_00f4871810c89ea1ab5a_turdus_mandarinus_00027000,challenge_00f4871810c89ea1ab5a,2026B 0326-0401,2026-03-28T05:25:02,E:\tmp\生声不息AI挑战资料\2026_07_31_生声不息AI挑战说明\2026B 0326-0401\AAA001_20260328_052502.wav,2026B 0326-0401/AAA001_20260328_052502.wav,27.0,30.0,turdus_mandarinus,乌鸫,Turdus mandarinus,Turdus mandarinus_Chinese Blackbird,0.257743,pending,,BirdNET候选；人工回听前不作为物种事实。
challenge_00f4871810c89ea1ab5a_copsychus_saularis_00030000,challenge_00f4871810c89ea1ab5a,2026B 0326-0401,2026-03-28T05:25:02,E:\tmp\生声不息AI挑战资料\2026_07_31_生声不息AI挑战说明\2026B 0326-0401\AAA001_20260328_052502.wav,2026B 0326-0401/AAA001_20260328_052502.wav,30.0,33.0,copsychus_saularis,鹊鸲,Copsychus saularis,Copsychus saularis_Oriental Magpie-Robin,0.789416,pending,,BirdNET候选；人工回听前不作为物种事实。
challenge_00f4871810c89ea1ab5a_copsychus_saularis_00033000,challenge_00f4871810c89ea1ab5a,2026B 0326-0401,2026-03-28T05:25:02,E:\tmp\生声不息AI挑战资料\2026_07_31_生声不息AI挑战说明\2026B 0326-0401\AAA001_20260328_052502.wav,2026B 0326-0401/AAA001_20260328_052502.wav,33.0,36.0,copsychus_saularis,鹊鸲,Copsychus saularis,Copsychus saularis_Oriental Magpie-Robin,0.891664,pending,,BirdNET候选；人工回听前不作为物种事实。
challenge_00f4871810c89ea1ab5a_turdus_mandarinus_00033000,challenge_00f4871810c89ea1ab5a,2026B 0326-0401,2026-03-28T05:25:02,E:\tmp\生声不息AI挑战资料\2026_07_31_生声不息AI挑战说明\2026B 0326-0401\AAA001_20260328_052502.wav,2026B 0326-0401/AAA001_20260328_052502.wav,33.0,36.0,turdus_mandarinus,乌鸫,Turdus mandarinus,Turdus mandarinus_Chinese Blackbird,0.103873,pending,,BirdNET候选；人工回听前不作为物种事实。
challenge_00f4871810c89ea1ab5a_copsychus_saularis_00036000,challenge_00f4871810c89ea1ab5a,2026B 0326-0401,2026-03-28T05:25:02,E:\tmp\生声不息AI挑战资料\2026_07_31_生声不息AI挑战说明\2026B 0326-0401\AAA001_20260328_052502.wav,2026B 0326-0401/AAA001_20260328_052502.wav,36.0,39.0,copsychus_saularis,鹊鸲,Copsychus saularis,Copsychus saularis_Oriental Magpie-Robin,0.151069,pending,,BirdNET候选；人工回听前不作为物种事实。
challenge_00f4871810c89ea1ab5a_copsychus_saularis_00042000,challenge_00f4871810c89ea1ab5a,2026B 0326-0401,2026-03-28T05:25:02,E:\tmp\生声不息AI挑战资料\2026_07_31_生声不息AI挑战说明\2026B 0326-0401\AAA001_20260328_052502.wav,2026B 0326-0401/AAA001_20260328_052502.wav,42.0,45.0,copsychus_saularis,鹊鸲,Copsychus saularis,Copsychus saularis_Oriental Magpie-Robin,0.408145,pending,,BirdNET候选；人工回听前不作为物种事实。
challenge_00f4871810c89ea1ab5a_copsychus_saularis_00048000,challenge_00f4871810c89ea1ab5a,2026B 0326-0401,2026-03-28T05:25:02,E:\tmp\生声不息AI挑战资料\2026_07_31_生声不息AI挑战说明\2026B 0326-0401\AAA001_20260328_052502.wav,2026B 0326-0401/AAA001_20260328_052502.wav,48.0,51.0,copsychus_saularis,鹊鸲,Copsychus saularis,Copsychus saularis_Oriental Magpie-Robin,0.897645,pending,,BirdNET候选；人工回听前不作为物种事实。
challenge_00f4871810c89ea1ab5a_copsychus_saularis_00051000,challenge_00f4871810c89ea1ab5a,2026B 0326-0401,2026-03-28T05:25:02,E:\tmp\生声不息AI挑战资料\2026_07_31_生声不息AI挑战说明\2026B 0326-0401\AAA001_20260328_052502.wav,2026B 0326-0401/AAA001_20260328_052502.wav,51.0,54.0,copsychus_saularis,鹊鸲,Copsychus saularis,Copsychus saularis_Oriental Magpie-Robin,0.726926,pending,,BirdNET候选；人工回听前不作为物种事实。
challenge_00f4871810c89ea1ab5a_copsychus_saularis_00057000,challenge_00f4871810c89ea1ab5a,2026B 0326-0401,2026-03-28T05:25:02,E:\tmp\生声不息AI挑战资料\2026_07_31_生声不息AI挑战说明\2026B 0326-0401\AAA001_20260328_052502.wav,2026B 0326-0401/AAA001_20260328_052502.wav,57.0,60.0,copsychus_saularis,鹊鸲,Copsychus saularis,Copsychus saularis_Oriental Magpie-Robin,0.545053,pending,,BirdNET候选；人工回听前不作为物种事实。
challenge_00f4871810c89ea1ab5a_turdus_mandarinus_00057000,challenge_00f4871810c89ea1ab5a,2026B 0326-0401,2026-03-28T05:25:02,E:\tmp\生声不息AI挑战资料\2026_07_31_生声不息AI挑战说明\2026B 0326-0401\AAA001_20260328_052502.wav,2026B 0326-0401/AAA001_20260328_052502.wav,57.0,60.0,turdus_mandarinus,乌鸫,Turdus mandarinus,Turdus mandarinus_Chinese Blackbird,0.140044,pending,,BirdNET候选；人工回听前不作为物种事实。
challenge_af1b3ea5a3e379b5fffa_pycnonotus_sinensis_00000000,challenge_af1b3ea5a3e379b5fffa,2026B 0326-0401,2026-03-28T11:35:03,E:\tmp\生声不息AI挑战资料\2026_07_31_生声不息AI挑战说明\2026B 0326-0401\AAA001_20260328_113503.wav,2026B 0326-0401/AAA001_20260328_113503.wav,0.0,3.0,pycnonotus_sinensis,白头鹎,Pycnonotus sinensis,Pycnonotus sinensis_Light-vented Bulbul,0.130782,pending,,BirdNET候选；人工回听前不作为物种事实。
challenge_af1b3ea5a3e379b5fffa_pycnonotus_sinensis_00054000,challenge_af1b3ea5a3e379b5fffa,2026B 0326-0401,2026-03-28T11:35:03,E:\tmp\生声不息AI挑战资料\2026_07_31_生声不息AI挑战说明\2026B 0326-0401\AAA001_20260328_113503.wav,2026B 0326-0401/AAA001_20260328_113503.wav,54.0,57.0,pycnonotus_sinensis,白头鹎,Pycnonotus sinensis,Pycnonotus sinensis_Light-vented Bulbul,0.12494,pending,,BirdNET候选；人工回听前不作为物种事实。
challenge_af1b3ea5a3e379b5fffa_pycnonotus_sinensis_00057000,challenge_af1b3ea5a3e379b5fffa,2026B 0326-0401,2026-03-28T11:35:03,E:\tmp\生声不息AI挑战资料\2026_07_31_生声不息AI挑战说明\2026B 0326-0401\AAA001_20260328_113503.wav,2026B 0326-0401/AAA001_20260328_113503.wav,57.0,60.0,pycnonotus_sinensis,白头鹎,Pycnonotus sinensis,Pycnonotus sinensis_Light-vented Bulbul,0.05843,pending,,BirdNET候选；人工回听前不作为物种事实。
challenge_cbeb5089229c3cdca7ef_pycnonotus_sinensis_00000000,challenge_cbeb5089229c3cdca7ef,2026B 0326-0401,2026-03-28T17:20:01,E:\tmp\生声不息AI挑战资料\2026_07_31_生声不息AI挑战说明\2026B 0326-0401\AAA001_20260328_172001.wav,2026B 0326-0401/AAA001_20260328_172001.wav,0.0,3.0,pycnonotus_sinensis,白头鹎,Pycnonotus sinensis,Pycnonotus sinensis_Light-vented Bulbul,0.290773,pending,,BirdNET候选；人工回听前不作为物种事实。
challenge_cbeb5089229c3cdca7ef_pycnonotus_sinensis_00003000,challenge_cbeb5089229c3cdca7ef,2026B 0326-0401,2026-03-28T17:20:01,E:\tmp\生声不息AI挑战资料\2026_07_31_生声不息AI挑战说明\2026B 0326-0401\AAA001_20260328_172001.wav,2026B 0326-0401/AAA001_20260328_172001.wav,3.0,6.0,pycnonotus_sinensis,白头鹎,Pycnonotus sinensis,Pycnonotus sinensis_Light-vented Bulbul,0.426894,pending,,BirdNET候选；人工回听前不作为物种事实。
challenge_cbeb5089229c3cdca7ef_pycnonotus_sinensis_00006000,challenge_cbeb5089229c3cdca7ef,2026B 0326-0401,2026-03-28T17:20:01,E:\tmp\生声不息AI挑战资料\2026_07_31_生声不息AI挑战说明\2026B 0326-0401\AAA001_20260328_172001.wav,2026B 0326-0401/AAA001_20260328_172001.wav,6.0,9.0,pycnonotus_sinensis,白头鹎,Pycnonotus sinensis,Pycnonotus sinensis_Light-vented Bulbul,0.170888,pending,,BirdNET候选；人工回听前不作为物种事实。
challenge_cbeb5089229c3cdca7ef_pycnonotus_sinensis_00009000,challenge_cbeb5089229c3cdca7ef,2026B 0326-0401,2026-03-28T17:20:01,E:\tmp\生声不息AI挑战资料\2026_07_31_生声不息AI挑战说明\2026B 0326-0401\AAA001_20260328_172001.wav,2026B 0326-0401/AAA001_20260328_172001.wav,9.0,12.0,pycnonotus_sinensis,白头鹎,Pycnonotus sinensis,Pycnonotus sinensis_Light-vented Bulbul,0.618788,pending,,BirdNET候选；人工回听前不作为物种事实。
challenge_cbeb5089229c3cdca7ef_pycnonotus_sinensis_00012000,challenge_cbeb5089229c3cdca7ef,2026B 0326-0401,2026-03-28T17:20:01,E:\tmp\生声不息AI挑战资料\2026_07_31_生声不息AI挑战说明\2026B 0326-0401\AAA001_20260328_172001.wav,2026B 0326-0401/AAA001_20260328_172001.wav,12.0,15.0,pycnonotus_sinensis,白头鹎,Pycnonotus sinensis,Pycnonotus sinensis_Light-vented Bulbul,0.658517,pending,,BirdNET候选；人工回听前不作为物种事实。
challenge_cbeb5089229c3cdca7ef_pycnonotus_sinensis_00015000,challenge_cbeb5089229c3cdca7ef,2026B 0326-0401,2026-03-28T17:20:01,E:\tmp\生声不息AI挑战资料\2026_07_31_生声不息AI挑战说明\2026B 0326-0401\AAA001_20260328_172001.wav,2026B 0326-0401/AAA001_20260328_172001.wav,15.0,18.0,pycnonotus_sinensis,白头鹎,Pycnonotus sinensis,Pycnonotus sinensis_Light-vented Bulbul,0.625147,pending,,BirdNET候选；人工回听前不作为物种事实。
challenge_cbeb5089229c3cdca7ef_pycnonotus_sinensis_00018000,challenge_cbeb5089229c3cdca7ef,2026B 0326-0401,2026-03-28T17:20:01,E:\tmp\生声不息AI挑战资料\2026_07_31_生声不息AI挑战说明\2026B 0326-0401\AAA001_20260328_172001.wav,2026B 0326-0401/AAA001_20260328_172001.wav,18.0,21.0,pycnonotus_sinensis,白头鹎,Pycnonotus sinensis,Pycnonotus sinensis_Light-vented Bulbul,0.119289,pending,,BirdNET候选；人工回听前不作为物种事实。
challenge_cbeb5089229c3cdca7ef_pycnonotus_sinensis_00021000,challenge_cbeb5089229c3cdca7ef,2026B 0326-0401,2026-03-28T17:20:01,E:\tmp\生声不息AI挑战资料\2026_07_31_生声不息AI挑战说明\2026B 0326-0401\AAA001_20260328_172001.wav,2026B 0326-0401/AAA001_20260328_172001.wav,21.0,24.0,pycnonotus_sinensis,白头鹎,Pycnonotus sinensis,Pycnonotus sinensis_Light-vented Bulbul,0.795139,pending,,BirdNET候选；人工回听前不作为物种事实。
challenge_cbeb5089229c3cdca7ef_pycnonotus_sinensis_00024000,challenge_cbeb5089229c3cdca7ef,2026B 0326-0401,2026-03-28T17:20:01,E:\tmp\生声不息AI挑战资料\2026_07_31_生声不息AI挑战说明\2026B 0326-0401\AAA001_20260328_172001.wav,2026B 0326-0401/AAA001_20260328_172001.wav,24.0,27.0,pycnonotus_sinensis,白头鹎,Pycnonotus sinensis,Pycnonotus sinensis_Light-vented Bulbul,0.449743,pending,,BirdNET候选；人工回听前不作为物种事实。
challenge_cbeb5089229c3cdca7ef_pycnonotus_sinensis_00027000,challenge_cbeb5089229c3cdca7ef,2026B 0326-0401,2026-03-28T17:20:01,E:\tmp\生声不息AI挑战资料\2026_07_31_生声不息AI挑战说明\2026B 0326-0401\AAA001_20260328_172001.wav,2026B 0326-0401/AAA001_20260328_172001.wav,27.0,30.0,pycnonotus_sinensis,白头鹎,Pycnonotus sinensis,Pycnonotus sinensis_Light-vented Bulbul,0.158416,pending,,BirdNET候选；人工回听前不作为物种事实。
challenge_cbeb5089229c3cdca7ef_pycnonotus_sinensis_00030000,challenge_cbeb5089229c3cdca7ef,2026B 0326-0401,2026-03-28T17:20:01,E:\tmp\生声不息AI挑战资料\2026_07_31_生声不息AI挑战说明\2026B 0326-0401\AAA001_20260328_172001.wav,2026B 0326-0401/AAA001_20260328_172001.wav,30.0,33.0,pycnonotus_sinensis,白头鹎,Pycnonotus sinensis,Pycnonotus sinensis_Light-vented Bulbul,0.444664,pending,,BirdNET候选；人工回听前不作为物种事实。
challenge_cbeb5089229c3cdca7ef_pycnonotus_sinensis_00033000,challenge_cbeb5089229c3cdca7ef,2026B 0326-0401,2026-03-28T17:20:01,E:\tmp\生声不息AI挑战资料\2026_07_31_生声不息AI挑战说明\2026B 0326-0401\AAA001_20260328_172001.wav,2026B 0326-0401/AAA001_20260328_172001.wav,33.0,36.0,pycnonotus_sinensis,白头鹎,Pycnonotus sinensis,Pycnonotus sinensis_Light-vented Bulbul,0.278247,pending,,BirdNET候选；人工回听前不作为物种事实。
challenge_cbeb5089229c3cdca7ef_turdus_mandarinus_00033000,challenge_cbeb5089229c3cdca7ef,2026B 0326-0401,2026-03-28T17:20:01,E:\tmp\生声不息AI挑战资料\2026_07_31_生声不息AI挑战说明\2026B 0326-0401\AAA001_20260328_172001.wav,2026B 0326-0401/AAA001_20260328_172001.wav,33.0,36.0,turdus_mandarinus,乌鸫,Turdus mandarinus,Turdus mandarinus_Chinese Blackbird,0.208155,pending,,BirdNET候选；人工回听前不作为物种事实。
challenge_cbeb5089229c3cdca7ef_pycnonotus_sinensis_00036000,challenge_cbeb5089229c3cdca7ef,2026B 0326-0401,2026-03-28T17:20:01,E:\tmp\生声不息AI挑战资料\2026_07_31_生声不息AI挑战说明\2026B 0326-0401\AAA001_20260328_172001.wav,2026B 0326-0401/AAA001_20260328_172001.wav,36.0,39.0,pycnonotus_sinensis,白头鹎,Pycnonotus sinensis,Pycnonotus sinensis_Light-vented Bulbul,0.253974,pending,,BirdNET候选；人工回听前不作为物种事实。
challenge_cbeb5089229c3cdca7ef_pycnonotus_sinensis_00039000,challenge_cbeb5089229c3cdca7ef,2026B 0326-0401,2026-03-28T17:20:01,E:\tmp\生声不息AI挑战资料\2026_07_31_生声不息AI挑战说明\2026B 0326-0401\AAA001_20260328_172001.wav,2026B 0326-0401/AAA001_20260328_172001.wav,39.0,42.0,pycnonotus_sinensis,白头鹎,Pycnonotus sinensis,Pycnonotus sinensis_Light-vented Bulbul,0.360064,pending,,BirdNET候选；人工回听前不作为物种事实。
challenge_cbeb5089229c3cdca7ef_pycnonotus_sinensis_00042000,challenge_cbeb5089229c3cdca7ef,2026B 0326-0401,2026-03-28T17:20:01,E:\tmp\生声不息AI挑战资料\2026_07_31_生声不息AI挑战说明\2026B 0326-0401\AAA001_20260328_172001.wav,2026B 0326-0401/AAA001_20260328_172001.wav,42.0,45.0,pycnonotus_sinensis,白头鹎,Pycnonotus sinensis,Pycnonotus sinensis_Light-vented Bulbul,0.611108,pending,,BirdNET候选；人工回听前不作为物种事实。
challenge_cbeb5089229c3cdca7ef_pycnonotus_sinensis_00045000,challenge_cbeb5089229c3cdca7ef,2026B 0326-0401,2026-03-28T17:20:01,E:\tmp\生声不息AI挑战资料\2026_07_31_生声不息AI挑战说明\2026B 0326-0401\AAA001_20260328_172001.wav,2026B 0326-0401/AAA001_20260328_172001.wav,45.0,48.0,pycnonotus_sinensis,白头鹎,Pycnonotus sinensis,Pycnonotus sinensis_Light-vented Bulbul,0.389507,pending,,BirdNET候选；人工回听前不作为物种事实。
challenge_cbeb5089229c3cdca7ef_pycnonotus_sinensis_00048000,challenge_cbeb5089229c3cdca7ef,2026B 0326-0401,2026-03-28T17:20:01,E:\tmp\生声不息AI挑战资料\2026_07_31_生声不息AI挑战说明\2026B 0326-0401\AAA001_20260328_172001.wav,2026B 0326-0401/AAA001_20260328_172001.wav,48.0,51.0,pycnonotus_sinensis,白头鹎,Pycnonotus sinensis,Pycnonotus sinensis_Light-vented Bulbul,0.364045,pending,,BirdNET候选；人工回听前不作为物种事实。
challenge_cbeb5089229c3cdca7ef_pycnonotus_sinensis_00051000,challenge_cbeb5089229c3cdca7ef,2026B 0326-0401,2026-03-28T17:20:01,E:\tmp\生声不息AI挑战资料\2026_07_31_生声不息AI挑战说明\2026B 0326-0401\AAA001_20260328_172001.wav,2026B 0326-0401/AAA001_20260328_172001.wav,51.0,54.0,pycnonotus_sinensis,白头鹎,Pycnonotus sinensis,Pycnonotus sinensis_Light-vented Bulbul,0.765551,pending,,BirdNET候选；人工回听前不作为物种事实。
challenge_cbeb5089229c3cdca7ef_pycnonotus_sinensis_00054000,challenge_cbeb5089229c3cdca7ef,2026B 0326-0401,2026-03-28T17:20:01,E:\tmp\生声不息AI挑战资料\2026_07_31_生声不息AI挑战说明\2026B 0326-0401\AAA001_20260328_172001.wav,2026B 0326-0401/AAA001_20260328_172001.wav,54.0,57.0,pycnonotus_sinensis,白头鹎,Pycnonotus sinensis,Pycnonotus sinensis_Light-vented Bulbul,0.826617,pending,,BirdNET候选；人工回听前不作为物种事实。
challenge_cbeb5089229c3cdca7ef_lanius_schach_00054000,challenge_cbeb5089229c3cdca7ef,2026B 0326-0401,2026-03-28T17:20:01,E:\tmp\生声不息AI挑战资料\2026_07_31_生声不息AI挑战说明\2026B 0326-0401\AAA001_20260328_172001.wav,2026B 0326-0401/AAA001_20260328_172001.wav,54.0,57.0,lanius_schach,棕背伯劳,Lanius schach,Lanius schach_Long-tailed Shrike,0.050393,pending,,BirdNET候选；人工回听前不作为物种事实。
challenge_1b00eded29e91fe8a83c_turdus_mandarinus_00021000,challenge_1b00eded29e91fe8a83c,2026B 0326-0401,2026-03-29T05:15:04,E:\tmp\生声不息AI挑战资料\2026_07_31_生声不息AI挑战说明\2026B 0326-0401\AAA001_20260329_051504.wav,2026B 0326-0401/AAA001_20260329_051504.wav,21.0,24.0,turdus_mandarinus,乌鸫,Turdus mandarinus,Turdus mandarinus_Chinese Blackbird,0.058573,pending,,BirdNET候选；人工回听前不作为物种事实。
challenge_bdec3daf37386022ebe5_copsychus_saularis_00054000,challenge_bdec3daf37386022ebe5,2026B 0326-0401,2026-03-29T11:25:02,E:\tmp\生声不息AI挑战资料\2026_07_31_生声不息AI挑战说明\2026B 0326-0401\AAA001_20260329_112502.wav,2026B 0326-0401/AAA001_20260329_112502.wav,54.0,57.0,copsychus_saularis,鹊鸲,Copsychus saularis,Copsychus saularis_Oriental Magpie-Robin,0.097411,pending,,BirdNET候选；人工回听前不作为物种事实。
challenge_bf4a9c898aa7fac4399f_spilopelia_chinensis_00000000,challenge_bf4a9c898aa7fac4399f,2026B 0326-0401,2026-03-29T17:10:04,E:\tmp\生声不息AI挑战资料\2026_07_31_生声不息AI挑战说明\2026B 0326-0401\AAA001_20260329_171004.wav,2026B 0326-0401/AAA001_20260329_171004.wav,0.0,3.0,spilopelia_chinensis,珠颈斑鸠,Spilopelia chinensis,Streptopelia chinensis_Spotted Dove,0.278057,pending,,BirdNET候选；人工回听前不作为物种事实。
challenge_bf4a9c898aa7fac4399f_spilopelia_chinensis_00003000,challenge_bf4a9c898aa7fac4399f,2026B 0326-0401,2026-03-29T17:10:04,E:\tmp\生声不息AI挑战资料\2026_07_31_生声不息AI挑战说明\2026B 0326-0401\AAA001_20260329_171004.wav,2026B 0326-0401/AAA001_20260329_171004.wav,3.0,6.0,spilopelia_chinensis,珠颈斑鸠,Spilopelia chinensis,Streptopelia chinensis_Spotted Dove,0.065165,pending,,BirdNET候选；人工回听前不作为物种事实。
challenge_bf4a9c898aa7fac4399f_spilopelia_chinensis_00006000,challenge_bf4a9c898aa7fac4399f,2026B 0326-0401,2026-03-29T17:10:04,E:\tmp\生声不息AI挑战资料\2026_07_31_生声不息AI挑战说明\2026B 0326-0401\AAA001_20260329_171004.wav,2026B 0326-0401/AAA001_20260329_171004.wav,6.0,9.0,spilopelia_chinensis,珠颈斑鸠,Spilopelia chinensis,Streptopelia chinensis_Spotted Dove,0.130438,pending,,BirdNET候选；人工回听前不作为物种事实。
challenge_bf4a9c898aa7fac4399f_spilopelia_chinensis_00009000,challenge_bf4a9c898aa7fac4399f,2026B 0326-0401,2026-03-29T17:10:04,E:\tmp\生声不息AI挑战资料\2026_07_31_生声不息AI挑战说明\2026B 0326-0401\AAA001_20260329_171004.wav,2026B 0326-0401/AAA001_20260329_171004.wav,9.0,12.0,spilopelia_chinensis,珠颈斑鸠,Spilopelia chinensis,Streptopelia chinensis_Spotted Dove,0.28253,pending,,BirdNET候选；人工回听前不作为物种事实。
challenge_bf4a9c898aa7fac4399f_spilopelia_chinensis_00012000,challenge_bf4a9c898aa7fac4399f,2026B 0326-0401,2026-03-29T17:10:04,E:\tmp\生声不息AI挑战资料\2026_07_31_生声不息AI挑战说明\2026B 0326-0401\AAA001_20260329_171004.wav,2026B 0326-0401/AAA001_20260329_171004.wav,12.0,15.0,spilopelia_chinensis,珠颈斑鸠,Spilopelia chinensis,Streptopelia chinensis_Spotted Dove,0.940868,pending,,BirdNET候选；人工回听前不作为物种事实。
challenge_bf4a9c898aa7fac4399f_spilopelia_chinensis_00015000,challenge_bf4a9c898aa7fac4399f,2026B 0326-0401,2026-03-29T17:10:04,E:\tmp\生声不息AI挑战资料\2026_07_31_生声不息AI挑战说明\2026B 0326-0401\AAA001_20260329_171004.wav,2026B 0326-0401/AAA001_20260329_171004.wav,15.0,18.0,spilopelia_chinensis,珠颈斑鸠,Spilopelia chinensis,Streptopelia chinensis_Spotted Dove,0.366341,pending,,BirdNET候选；人工回听前不作为物种事实。
challenge_bf4a9c898aa7fac4399f_spilopelia_chinensis_00018000,challenge_bf4a9c898aa7fac4399f,2026B 0326-0401,2026-03-29T17:10:04,E:\tmp\生声不息AI挑战资料\2026_07_31_生声不息AI挑战说明\2026B 0326-0401\AAA001_20260329_171004.wav,2026B 0326-0401/AAA001_20260329_171004.wav,18.0,21.0,spilopelia_chinensis,珠颈斑鸠,Spilopelia chinensis,Streptopelia chinensis_Spotted Dove,0.288108,pending,,BirdNET候选；人工回听前不作为物种事实。
challenge_bf4a9c898aa7fac4399f_pycnonotus_sinensis_00027000,challenge_bf4a9c898aa7fac4399f,2026B 0326-0401,2026-03-29T17:10:04,E:\tmp\生声不息AI挑战资料\2026_07_31_生声不息AI挑战说明\2026B 0326-0401\AAA001_20260329_171004.wav,2026B 0326-0401/AAA001_20260329_171004.wav,27.0,30.0,pycnonotus_sinensis,白头鹎,Pycnonotus sinensis,Pycnonotus sinensis_Light-vented Bulbul,0.224256,pending,,BirdNET候选；人工回听前不作为物种事实。
challenge_bf4a9c898aa7fac4399f_pycnonotus_sinensis_00039000,challenge_bf4a9c898aa7fac4399f,2026B 0326-0401,2026-03-29T17:10:04,E:\tmp\生声不息AI挑战资料\2026_07_31_生声不息AI挑战说明\2026B 0326-0401\AAA001_20260329_171004.wav,2026B 0326-0401/AAA001_20260329_171004.wav,39.0,42.0,pycnonotus_sinensis,白头鹎,Pycnonotus sinensis,Pycnonotus sinensis_Light-vented Bulbul,0.116647,pending,,BirdNET候选；人工回听前不作为物种事实。
challenge_bf4a9c898aa7fac4399f_pycnonotus_sinensis_00045000,challenge_bf4a9c898aa7fac4399f,2026B 0326-0401,2026-03-29T17:10:04,E:\tmp\生声不息AI挑战资料\2026_07_31_生声不息AI挑战说明\2026B 0326-0401\AAA001_20260329_171004.wav,2026B 0326-0401/AAA001_20260329_171004.wav,45.0,48.0,pycnonotus_sinensis,白头鹎,Pycnonotus sinensis,Pycnonotus sinensis_Light-vented Bulbul,0.057057,pending,,BirdNET候选；人工回听前不作为物种事实。
challenge_a6621c31f637d7977c30_pycnonotus_sinensis_00000000,challenge_a6621c31f637d7977c30,2026B 0326-0401,2026-03-30T06:15:04,E:\tmp\生声不息AI挑战资料\2026_07_31_生声不息AI挑战说明\2026B 0326-0401\AAA001_20260330_061504.wav,2026B 0326-0401/AAA001_20260330_061504.wav,0.0,3.0,pycnonotus_sinensis,白头鹎,Pycnonotus sinensis,Pycnonotus sinensis_Light-vented Bulbul,0.051785,pending,,BirdNET候选；人工回听前不作为物种事实。
challenge_a6621c31f637d7977c30_spilopelia_chinensis_00003000,challenge_a6621c31f637d7977c30,2026B 0326-0401,2026-03-30T06:15:04,E:\tmp\生声不息AI挑战资料\2026_07_31_生声不息AI挑战说明\2026B 0326-0401\AAA001_20260330_061504.wav,2026B 0326-0401/AAA001_20260330_061504.wav,3.0,6.0,spilopelia_chinensis,珠颈斑鸠,Spilopelia chinensis,Streptopelia chinensis_Spotted Dove,0.081464,pending,,BirdNET候选；人工回听前不作为物种事实。
challenge_a6621c31f637d7977c30_spilopelia_chinensis_00015000,challenge_a6621c31f637d7977c30,2026B 0326-0401,2026-03-30T06:15:04,E:\tmp\生声不息AI挑战资料\2026_07_31_生声不息AI挑战说明\2026B 0326-0401\AAA001_20260330_061504.wav,2026B 0326-0401/AAA001_20260330_061504.wav,15.0,18.0,spilopelia_chinensis,珠颈斑鸠,Spilopelia chinensis,Streptopelia chinensis_Spotted Dove,0.06115,pending,,BirdNET候选；人工回听前不作为物种事实。
challenge_a6621c31f637d7977c30_spilopelia_chinensis_00018000,challenge_a6621c31f637d7977c30,2026B 0326-0401,2026-03-30T06:15:04,E:\tmp\生声不息AI挑战资料\2026_07_31_生声不息AI挑战说明\2026B 0326-0401\AAA001_20260330_061504.wav,2026B 0326-0401/AAA001_20260330_061504.wav,18.0,21.0,spilopelia_chinensis,珠颈斑鸠,Spilopelia chinensis,Streptopelia chinensis_Spotted Dove,0.082113,pending,,BirdNET候选；人工回听前不作为物种事实。
challenge_a6621c31f637d7977c30_pycnonotus_sinensis_00018000,challenge_a6621c31f637d7977c30,2026B 0326-0401,2026-03-30T06:15:04,E:\tmp\生声不息AI挑战资料\2026_07_31_生声不息AI挑战说明\2026B 0326-0401\AAA001_20260330_061504.wav,2026B 0326-0401/AAA001_20260330_061504.wav,18.0,21.0,pycnonotus_sinensis,白头鹎,Pycnonotus sinensis,Pycnonotus sinensis_Light-vented Bulbul,0.056681,pending,,BirdNET候选；人工回听前不作为物种事实。
challenge_a6621c31f637d7977c30_pycnonotus_sinensis_00021000,challenge_a6621c31f637d7977c30,2026B 0326-0401,2026-03-30T06:15:04,E:\tmp\生声不息AI挑战资料\2026_07_31_生声不息AI挑战说明\2026B 0326-0401\AAA001_20260330_061504.wav,2026B 0326-0401/AAA001_20260330_061504.wav,21.0,24.0,pycnonotus_sinensis,白头鹎,Pycnonotus sinensis,Pycnonotus sinensis_Light-vented Bulbul,0.099338,pending,,BirdNET候选；人工回听前不作为物种事实。
challenge_a6621c31f637d7977c30_spilopelia_chinensis_00024000,challenge_a6621c31f637d7977c30,2026B 0326-0401,2026-03-30T06:15:04,E:\tmp\生声不息AI挑战资料\2026_07_31_生声不息AI挑战说明\2026B 0326-0401\AAA001_20260330_061504.wav,2026B 0326-0401/AAA001_20260330_061504.wav,24.0,27.0,spilopelia_chinensis,珠颈斑鸠,Spilopelia chinensis,Streptopelia chinensis_Spotted Dove,0.157844,pending,,BirdNET候选；人工回听前不作为物种事实。
challenge_a6621c31f637d7977c30_pycnonotus_sinensis_00024000,challenge_a6621c31f637d7977c30,2026B 0326-0401,2026-03-30T06:15:04,E:\tmp\生声不息AI挑战资料\2026_07_31_生声不息AI挑战说明\2026B 0326-0401\AAA001_20260330_061504.wav,2026B 0326-0401/AAA001_20260330_061504.wav,24.0,27.0,pycnonotus_sinensis,白头鹎,Pycnonotus sinensis,Pycnonotus sinensis_Light-vented Bulbul,0.154503,pending,,BirdNET候选；人工回听前不作为物种事实。
challenge_a6621c31f637d7977c30_pycnonotus_sinensis_00033000,challenge_a6621c31f637d7977c30,2026B 0326-0401,2026-03-30T06:15:04,E:\tmp\生声不息AI挑战资料\2026_07_31_生声不息AI挑战说明\2026B 0326-0401\AAA001_20260330_061504.wav,2026B 0326-0401/AAA001_20260330_061504.wav,33.0,36.0,pycnonotus_sinensis,白头鹎,Pycnonotus sinensis,Pycnonotus sinensis_Light-vented Bulbul,0.167884,pending,,BirdNET候选；人工回听前不作为物种事实。
challenge_a6621c31f637d7977c30_spilopelia_chinensis_00036000,challenge_a6621c31f637d7977c30,2026B 0326-0401,2026-03-30T06:15:04,E:\tmp\生声不息AI挑战资料\2026_07_31_生声不息AI挑战说明\2026B 0326-0401\AAA001_20260330_061504.wav,2026B 0326-0401/AAA001_20260330_061504.wav,36.0,39.0,spilopelia_chinensis,珠颈斑鸠,Spilopelia chinensis,Streptopelia chinensis_Spotted Dove,0.120658,pending,,BirdNET候选；人工回听前不作为物种事实。
challenge_a6621c31f637d7977c30_pycnonotus_sinensis_00039000,challenge_a6621c31f637d7977c30,2026B 0326-0401,2026-03-30T06:15:04,E:\tmp\生声不息AI挑战资料\2026_07_31_生声不息AI挑战说明\2026B 0326-0401\AAA001_20260330_061504.wav,2026B 0326-0401/AAA001_20260330_061504.wav,39.0,42.0,pycnonotus_sinensis,白头鹎,Pycnonotus sinensis,Pycnonotus sinensis_Light-vented Bulbul,0.292282,pending,,BirdNET候选；人工回听前不作为物种事实。
challenge_a6621c31f637d7977c30_spilopelia_chinensis_00045000,challenge_a6621c31f637d7977c30,2026B 0326-0401,2026-03-30T06:15:04,E:\tmp\生声不息AI挑战资料\2026_07_31_生声不息AI挑战说明\2026B 0326-0401\AAA001_20260330_061504.wav,2026B 0326-0401/AAA001_20260330_061504.wav,45.0,48.0,spilopelia_chinensis,珠颈斑鸠,Spilopelia chinensis,Streptopelia chinensis_Spotted Dove,0.055556,pending,,BirdNET候选；人工回听前不作为物种事实。
challenge_a6621c31f637d7977c30_spilopelia_chinensis_00048000,challenge_a6621c31f637d7977c30,2026B 0326-0401,2026-03-30T06:15:04,E:\tmp\生声不息AI挑战资料\2026_07_31_生声不息AI挑战说明\2026B 0326-0401\AAA001_20260330_061504.wav,2026B 0326-0401/AAA001_20260330_061504.wav,48.0,51.0,spilopelia_chinensis,珠颈斑鸠,Spilopelia chinensis,Streptopelia chinensis_Spotted Dove,0.135403,pending,,BirdNET候选；人工回听前不作为物种事实。
challenge_b188fd3da5f5ee3f7b37_horornis_fortipes_00006000,challenge_b188fd3da5f5ee3f7b37,2026B 0326-0401,2026-03-30T12:00:01,E:\tmp\生声不息AI挑战资料\2026_07_31_生声不息AI挑战说明\2026B 0326-0401\AAA001_20260330_120001.wav,2026B 0326-0401/AAA001_20260330_120001.wav,6.0,9.0,horornis_fortipes,强脚树莺,Horornis fortipes,Horornis fortipes_Brownish-flanked Bush Warbler,0.067539,pending,,BirdNET候选；人工回听前不作为物种事实。
challenge_b188fd3da5f5ee3f7b37_horornis_fortipes_00027000,challenge_b188fd3da5f5ee3f7b37,2026B 0326-0401,2026-03-30T12:00:01,E:\tmp\生声不息AI挑战资料\2026_07_31_生声不息AI挑战说明\2026B 0326-0401\AAA001_20260330_120001.wav,2026B 0326-0401/AAA001_20260330_120001.wav,27.0,30.0,horornis_fortipes,强脚树莺,Horornis fortipes,Horornis fortipes_Brownish-flanked Bush Warbler,0.131746,pending,,BirdNET候选；人工回听前不作为物种事实。
challenge_b188fd3da5f5ee3f7b37_horornis_fortipes_00042000,challenge_b188fd3da5f5ee3f7b37,2026B 0326-0401,2026-03-30T12:00:01,E:\tmp\生声不息AI挑战资料\2026_07_31_生声不息AI挑战说明\2026B 0326-0401\AAA001_20260330_120001.wav,2026B 0326-0401/AAA001_20260330_120001.wav,42.0,45.0,horornis_fortipes,强脚树莺,Horornis fortipes,Horornis fortipes_Brownish-flanked Bush Warbler,0.09499,pending,,BirdNET候选；人工回听前不作为物种事实。
challenge_b188fd3da5f5ee3f7b37_horornis_fortipes_00054000,challenge_b188fd3da5f5ee3f7b37,2026B 0326-0401,2026-03-30T12:00:01,E:\tmp\生声不息AI挑战资料\2026_07_31_生声不息AI挑战说明\2026B 0326-0401\AAA001_20260330_120001.wav,2026B 0326-0401/AAA001_20260330_120001.wav,54.0,57.0,horornis_fortipes,强脚树莺,Horornis fortipes,Horornis fortipes_Brownish-flanked Bush Warbler,0.349529,pending,,BirdNET候选；人工回听前不作为物种事实。
challenge_b1c0e9b7bc83ff847135_spilopelia_chinensis_00000000,challenge_b1c0e9b7bc83ff847135,2026B 0326-0401,2026-03-31T06:05:04,E:\tmp\生声不息AI挑战资料\2026_07_31_生声不息AI挑战说明\2026B 0326-0401\AAA001_20260331_060504.wav,2026B 0326-0401/AAA001_20260331_060504.wav,0.0,3.0,spilopelia_chinensis,珠颈斑鸠,Spilopelia chinensis,Streptopelia chinensis_Spotted Dove,0.445438,pending,,BirdNET候选；人工回听前不作为物种事实。
challenge_b1c0e9b7bc83ff847135_spilopelia_chinensis_00006000,challenge_b1c0e9b7bc83ff847135,2026B 0326-0401,2026-03-31T06:05:04,E:\tmp\生声不息AI挑战资料\2026_07_31_生声不息AI挑战说明\2026B 0326-0401\AAA001_20260331_060504.wav,2026B 0326-0401/AAA001_20260331_060504.wav,6.0,9.0,spilopelia_chinensis,珠颈斑鸠,Spilopelia chinensis,Streptopelia chinensis_Spotted Dove,0.811595,pending,,BirdNET候选；人工回听前不作为物种事实。
challenge_b1c0e9b7bc83ff847135_spilopelia_chinensis_00009000,challenge_b1c0e9b7bc83ff847135,2026B 0326-0401,2026-03-31T06:05:04,E:\tmp\生声不息AI挑战资料\2026_07_31_生声不息AI挑战说明\2026B 0326-0401\AAA001_20260331_060504.wav,2026B 0326-0401/AAA001_20260331_060504.wav,9.0,12.0,spilopelia_chinensis,珠颈斑鸠,Spilopelia chinensis,Streptopelia chinensis_Spotted Dove,0.872396,pending,,BirdNET候选；人工回听前不作为物种事实。
challenge_b1c0e9b7bc83ff847135_spilopelia_chinensis_00012000,challenge_b1c0e9b7bc83ff847135,2026B 0326-0401,2026-03-31T06:05:04,E:\tmp\生声不息AI挑战资料\2026_07_31_生声不息AI挑战说明\2026B 0326-0401\AAA001_20260331_060504.wav,2026B 0326-0401/AAA001_20260331_060504.wav,12.0,15.0,spilopelia_chinensis,珠颈斑鸠,Spilopelia chinensis,Streptopelia chinensis_Spotted Dove,0.553291,pending,,BirdNET候选；人工回听前不作为物种事实。
challenge_b1c0e9b7bc83ff847135_spilopelia_chinensis_00015000,challenge_b1c0e9b7bc83ff847135,2026B 0326-0401,2026-03-31T06:05:04,E:\tmp\生声不息AI挑战资料\2026_07_31_生声不息AI挑战说明\2026B 0326-0401\AAA001_20260331_060504.wav,2026B 0326-0401/AAA001_20260331_060504.wav,15.0,18.0,spilopelia_chinensis,珠颈斑鸠,Spilopelia chinensis,Streptopelia chinensis_Spotted Dove,0.920006,pending,,BirdNET候选；人工回听前不作为物种事实。
challenge_b1c0e9b7bc83ff847135_spilopelia_chinensis_00018000,challenge_b1c0e9b7bc83ff847135,2026B 0326-0401,2026-03-31T06:05:04,E:\tmp\生声不息AI挑战资料\2026_07_31_生声不息AI挑战说明\2026B 0326-0401\AAA001_20260331_060504.wav,2026B 0326-0401/AAA001_20260331_060504.wav,18.0,21.0,spilopelia_chinensis,珠颈斑鸠,Spilopelia chinensis,Streptopelia chinensis_Spotted Dove,0.075917,pending,,BirdNET候选；人工回听前不作为物种事实。
challenge_b1c0e9b7bc83ff847135_pycnonotus_sinensis_00039000,challenge_b1c0e9b7bc83ff847135,2026B 0326-0401,2026-03-31T06:05:04,E:\tmp\生声不息AI挑战资料\2026_07_31_生声不息AI挑战说明\2026B 0326-0401\AAA001_20260331_060504.wav,2026B 0326-0401/AAA001_20260331_060504.wav,39.0,42.0,pycnonotus_sinensis,白头鹎,Pycnonotus sinensis,Pycnonotus sinensis_Light-vented Bulbul,0.123402,pending,,BirdNET候选；人工回听前不作为物种事实。
challenge_942101520b73bc658c78_turdus_mandarinus_00015000,challenge_942101520b73bc658c78,2026B 0326-0401,2026-04-01T05:55:05,E:\tmp\生声不息AI挑战资料\2026_07_31_生声不息AI挑战说明\2026B 0326-0401\AAA001_20260401_055505.wav,2026B 0326-0401/AAA001_20260401_055505.wav,15.0,18.0,turdus_mandarinus,乌鸫,Turdus mandarinus,Turdus mandarinus_Chinese Blackbird,0.106166,pending,,BirdNET候选；人工回听前不作为物种事实。
challenge_942101520b73bc658c78_turdus_mandarinus_00021000,challenge_942101520b73bc658c78,2026B 0326-0401,2026-04-01T05:55:05,E:\tmp\生声不息AI挑战资料\2026_07_31_生声不息AI挑战说明\2026B 0326-0401\AAA001_20260401_055505.wav,2026B 0326-0401/AAA001_20260401_055505.wav,21.0,24.0,turdus_mandarinus,乌鸫,Turdus mandarinus,Turdus mandarinus_Chinese Blackbird,0.107477,pending,,BirdNET候选；人工回听前不作为物种事实。
challenge_942101520b73bc658c78_turdus_mandarinus_00024000,challenge_942101520b73bc658c78,2026B 0326-0401,2026-04-01T05:55:05,E:\tmp\生声不息AI挑战资料\2026_07_31_生声不息AI挑战说明\2026B 0326-0401\AAA001_20260401_055505.wav,2026B 0326-0401/AAA001_20260401_055505.wav,24.0,27.0,turdus_mandarinus,乌鸫,Turdus mandarinus,Turdus mandarinus_Chinese Blackbird,0.196649,pending,,BirdNET候选；人工回听前不作为物种事实。
challenge_942101520b73bc658c78_spilopelia_chinensis_00051000,challenge_942101520b73bc658c78,2026B 0326-0401,2026-04-01T05:55:05,E:\tmp\生声不息AI挑战资料\2026_07_31_生声不息AI挑战说明\2026B 0326-0401\AAA001_20260401_055505.wav,2026B 0326-0401/AAA001_20260401_055505.wav,51.0,54.0,spilopelia_chinensis,珠颈斑鸠,Spilopelia chinensis,Streptopelia chinensis_Spotted Dove,0.073554,pending,,BirdNET候选；人工回听前不作为物种事实。
challenge_394d7dfa9134d82cb8a7_pycnonotus_sinensis_00003000,challenge_394d7dfa9134d82cb8a7,2026C 0507-0513,2026-05-07T12:00:05,E:\tmp\生声不息AI挑战资料\2026_07_31_生声不息AI挑战说明\2026C 0507-0513\AAA001_20260507_120005.wav,2026C 0507-0513/AAA001_20260507_120005.wav,3.0,6.0,pycnonotus_sinensis,白头鹎,Pycnonotus sinensis,Pycnonotus sinensis_Light-vented Bulbul,0.058188,pending,,BirdNET候选；人工回听前不作为物种事实。
challenge_394d7dfa9134d82cb8a7_pycnonotus_sinensis_00036000,challenge_394d7dfa9134d82cb8a7,2026C 0507-0513,2026-05-07T12:00:05,E:\tmp\生声不息AI挑战资料\2026_07_31_生声不息AI挑战说明\2026C 0507-0513\AAA001_20260507_120005.wav,2026C 0507-0513/AAA001_20260507_120005.wav,36.0,39.0,pycnonotus_sinensis,白头鹎,Pycnonotus sinensis,Pycnonotus sinensis_Light-vented Bulbul,0.156607,pending,,BirdNET候选；人工回听前不作为物种事实。
challenge_394d7dfa9134d82cb8a7_pycnonotus_sinensis_00039000,challenge_394d7dfa9134d82cb8a7,2026C 0507-0513,2026-05-07T12:00:05,E:\tmp\生声不息AI挑战资料\2026_07_31_生声不息AI挑战说明\2026C 0507-0513\AAA001_20260507_120005.wav,2026C 0507-0513/AAA001_20260507_120005.wav,39.0,42.0,pycnonotus_sinensis,白头鹎,Pycnonotus sinensis,Pycnonotus sinensis_Light-vented Bulbul,0.059442,pending,,BirdNET候选；人工回听前不作为物种事实。
challenge_394d7dfa9134d82cb8a7_pycnonotus_sinensis_00054000,challenge_394d7dfa9134d82cb8a7,2026C 0507-0513,2026-05-07T12:00:05,E:\tmp\生声不息AI挑战资料\2026_07_31_生声不息AI挑战说明\2026C 0507-0513\AAA001_20260507_120005.wav,2026C 0507-0513/AAA001_20260507_120005.wav,54.0,57.0,pycnonotus_sinensis,白头鹎,Pycnonotus sinensis,Pycnonotus sinensis_Light-vented Bulbul,0.121803,pending,,BirdNET候选；人工回听前不作为物种事实。
challenge_0139da9a874b7a480c11_pycnonotus_sinensis_00042000,challenge_0139da9a874b7a480c11,2026C 0507-0513,2026-05-07T17:40:03,E:\tmp\生声不息AI挑战资料\2026_07_31_生声不息AI挑战说明\2026C 0507-0513\AAA001_20260507_174003.wav,2026C 0507-0513/AAA001_20260507_174003.wav,42.0,45.0,pycnonotus_sinensis,白头鹎,Pycnonotus sinensis,Pycnonotus sinensis_Light-vented Bulbul,0.05004,pending,,BirdNET候选；人工回听前不作为物种事实。
challenge_0139da9a874b7a480c11_pycnonotus_sinensis_00051000,challenge_0139da9a874b7a480c11,2026C 0507-0513,2026-05-07T17:40:03,E:\tmp\生声不息AI挑战资料\2026_07_31_生声不息AI挑战说明\2026C 0507-0513\AAA001_20260507_174003.wav,2026C 0507-0513/AAA001_20260507_174003.wav,51.0,54.0,pycnonotus_sinensis,白头鹎,Pycnonotus sinensis,Pycnonotus sinensis_Light-vented Bulbul,0.11024,pending,,BirdNET候选；人工回听前不作为物种事实。
challenge_dfc1d6dc79addd910a75_pycnonotus_sinensis_00009000,challenge_dfc1d6dc79addd910a75,2026C 0507-0513,2026-05-08T06:05:03,E:\tmp\生声不息AI挑战资料\2026_07_31_生声不息AI挑战说明\2026C 0507-0513\AAA001_20260508_060503.wav,2026C 0507-0513/AAA001_20260508_060503.wav,9.0,12.0,pycnonotus_sinensis,白头鹎,Pycnonotus sinensis,Pycnonotus sinensis_Light-vented Bulbul,0.081567,pending,,BirdNET候选；人工回听前不作为物种事实。
challenge_dfc1d6dc79addd910a75_pycnonotus_sinensis_00021000,challenge_dfc1d6dc79addd910a75,2026C 0507-0513,2026-05-08T06:05:03,E:\tmp\生声不息AI挑战资料\2026_07_31_生声不息AI挑战说明\2026C 0507-0513\AAA001_20260508_060503.wav,2026C 0507-0513/AAA001_20260508_060503.wav,21.0,24.0,pycnonotus_sinensis,白头鹎,Pycnonotus sinensis,Pycnonotus sinensis_Light-vented Bulbul,0.071857,pending,,BirdNET候选；人工回听前不作为物种事实。
challenge_dfc1d6dc79addd910a75_pycnonotus_sinensis_00039000,challenge_dfc1d6dc79addd910a75,2026C 0507-0513,2026-05-08T06:05:03,E:\tmp\生声不息AI挑战资料\2026_07_31_生声不息AI挑战说明\2026C 0507-0513\AAA001_20260508_060503.wav,2026C 0507-0513/AAA001_20260508_060503.wav,39.0,42.0,pycnonotus_sinensis,白头鹎,Pycnonotus sinensis,Pycnonotus sinensis_Light-vented Bulbul,0.148546,pending,,BirdNET候选；人工回听前不作为物种事实。
challenge_dfc1d6dc79addd910a75_pycnonotus_sinensis_00042000,challenge_dfc1d6dc79addd910a75,2026C 0507-0513,2026-05-08T06:05:03,E:\tmp\生声不息AI挑战资料\2026_07_31_生声不息AI挑战说明\2026C 0507-0513\AAA001_20260508_060503.wav,2026C 0507-0513/AAA001_20260508_060503.wav,42.0,45.0,pycnonotus_sinensis,白头鹎,Pycnonotus sinensis,Pycnonotus sinensis_Light-vented Bulbul,0.431629,pending,,BirdNET候选；人工回听前不作为物种事实。
challenge_dfc1d6dc79addd910a75_pycnonotus_sinensis_00045000,challenge_dfc1d6dc79addd910a75,2026C 0507-0513,2026-05-08T06:05:03,E:\tmp\生声不息AI挑战资料\2026_07_31_生声不息AI挑战说明\2026C 0507-0513\AAA001_20260508_060503.wav,2026C 0507-0513/AAA001_20260508_060503.wav,45.0,48.0,pycnonotus_sinensis,白头鹎,Pycnonotus sinensis,Pycnonotus sinensis_Light-vented Bulbul,0.215897,pending,,BirdNET候选；人工回听前不作为物种事实。
challenge_dfc1d6dc79addd910a75_pycnonotus_sinensis_00048000,challenge_dfc1d6dc79addd910a75,2026C 0507-0513,2026-05-08T06:05:03,E:\tmp\生声不息AI挑战资料\2026_07_31_生声不息AI挑战说明\2026C 0507-0513\AAA001_20260508_060503.wav,2026C 0507-0513/AAA001_20260508_060503.wav,48.0,51.0,pycnonotus_sinensis,白头鹎,Pycnonotus sinensis,Pycnonotus sinensis_Light-vented Bulbul,0.414647,pending,,BirdNET候选；人工回听前不作为物种事实。
challenge_dfc1d6dc79addd910a75_pycnonotus_sinensis_00051000,challenge_dfc1d6dc79addd910a75,2026C 0507-0513,2026-05-08T06:05:03,E:\tmp\生声不息AI挑战资料\2026_07_31_生声不息AI挑战说明\2026C 0507-0513\AAA001_20260508_060503.wav,2026C 0507-0513/AAA001_20260508_060503.wav,51.0,54.0,pycnonotus_sinensis,白头鹎,Pycnonotus sinensis,Pycnonotus sinensis_Light-vented Bulbul,0.202936,pending,,BirdNET候选；人工回听前不作为物种事实。
challenge_dfc1d6dc79addd910a75_pycnonotus_sinensis_00054000,challenge_dfc1d6dc79addd910a75,2026C 0507-0513,2026-05-08T06:05:03,E:\tmp\生声不息AI挑战资料\2026_07_31_生声不息AI挑战说明\2026C 0507-0513\AAA001_20260508_060503.wav,2026C 0507-0513/AAA001_20260508_060503.wav,54.0,57.0,pycnonotus_sinensis,白头鹎,Pycnonotus sinensis,Pycnonotus sinensis_Light-vented Bulbul,0.122443,pending,,BirdNET候选；人工回听前不作为物种事实。
challenge_dfc1d6dc79addd910a75_pycnonotus_sinensis_00057000,challenge_dfc1d6dc79addd910a75,2026C 0507-0513,2026-05-08T06:05:03,E:\tmp\生声不息AI挑战资料\2026_07_31_生声不息AI挑战说明\2026C 0507-0513\AAA001_20260508_060503.wav,2026C 0507-0513/AAA001_20260508_060503.wav,57.0,60.0,pycnonotus_sinensis,白头鹎,Pycnonotus sinensis,Pycnonotus sinensis_Light-vented Bulbul,0.66258,pending,,BirdNET候选；人工回听前不作为物种事实。
challenge_1d202dec3f7beb4e7303_pycnonotus_sinensis_00003000,challenge_1d202dec3f7beb4e7303,2026C 0507-0513,2026-05-08T11:50:04,E:\tmp\生声不息AI挑战资料\2026_07_31_生声不息AI挑战说明\2026C 0507-0513\AAA001_20260508_115004.wav,2026C 0507-0513/AAA001_20260508_115004.wav,3.0,6.0,pycnonotus_sinensis,白头鹎,Pycnonotus sinensis,Pycnonotus sinensis_Light-vented Bulbul,0.090973,pending,,BirdNET候选；人工回听前不作为物种事实。
challenge_1d202dec3f7beb4e7303_pycnonotus_sinensis_00006000,challenge_1d202dec3f7beb4e7303,2026C 0507-0513,2026-05-08T11:50:04,E:\tmp\生声不息AI挑战资料\2026_07_31_生声不息AI挑战说明\2026C 0507-0513\AAA001_20260508_115004.wav,2026C 0507-0513/AAA001_20260508_115004.wav,6.0,9.0,pycnonotus_sinensis,白头鹎,Pycnonotus sinensis,Pycnonotus sinensis_Light-vented Bulbul,0.270645,pending,,BirdNET候选；人工回听前不作为物种事实。
challenge_1d202dec3f7beb4e7303_pycnonotus_sinensis_00015000,challenge_1d202dec3f7beb4e7303,2026C 0507-0513,2026-05-08T11:50:04,E:\tmp\生声不息AI挑战资料\2026_07_31_生声不息AI挑战说明\2026C 0507-0513\AAA001_20260508_115004.wav,2026C 0507-0513/AAA001_20260508_115004.wav,15.0,18.0,pycnonotus_sinensis,白头鹎,Pycnonotus sinensis,Pycnonotus sinensis_Light-vented Bulbul,0.440697,pending,,BirdNET候选；人工回听前不作为物种事实。
challenge_1d202dec3f7beb4e7303_pycnonotus_sinensis_00018000,challenge_1d202dec3f7beb4e7303,2026C 0507-0513,2026-05-08T11:50:04,E:\tmp\生声不息AI挑战资料\2026_07_31_生声不息AI挑战说明\2026C 0507-0513\AAA001_20260508_115004.wav,2026C 0507-0513/AAA001_20260508_115004.wav,18.0,21.0,pycnonotus_sinensis,白头鹎,Pycnonotus sinensis,Pycnonotus sinensis_Light-vented Bulbul,0.076585,pending,,BirdNET候选；人工回听前不作为物种事实。
challenge_1d202dec3f7beb4e7303_pycnonotus_sinensis_00021000,challenge_1d202dec3f7beb4e7303,2026C 0507-0513,2026-05-08T11:50:04,E:\tmp\生声不息AI挑战资料\2026_07_31_生声不息AI挑战说明\2026C 0507-0513\AAA001_20260508_115004.wav,2026C 0507-0513/AAA001_20260508_115004.wav,21.0,24.0,pycnonotus_sinensis,白头鹎,Pycnonotus sinensis,Pycnonotus sinensis_Light-vented Bulbul,0.72286,pending,,BirdNET候选；人工回听前不作为物种事实。
challenge_1d202dec3f7beb4e7303_horornis_fortipes_00021000,challenge_1d202dec3f7beb4e7303,2026C 0507-0513,2026-05-08T11:50:04,E:\tmp\生声不息AI挑战资料\2026_07_31_生声不息AI挑战说明\2026C 0507-0513\AAA001_20260508_115004.wav,2026C 0507-0513/AAA001_20260508_115004.wav,21.0,24.0,horornis_fortipes,强脚树莺,Horornis fortipes,Horornis fortipes_Brownish-flanked Bush Warbler,0.066858,pending,,BirdNET候选；人工回听前不作为物种事实。
challenge_1d202dec3f7beb4e7303_pycnonotus_sinensis_00024000,challenge_1d202dec3f7beb4e7303,2026C 0507-0513,2026-05-08T11:50:04,E:\tmp\生声不息AI挑战资料\2026_07_31_生声不息AI挑战说明\2026C 0507-0513\AAA001_20260508_115004.wav,2026C 0507-0513/AAA001_20260508_115004.wav,24.0,27.0,pycnonotus_sinensis,白头鹎,Pycnonotus sinensis,Pycnonotus sinensis_Light-vented Bulbul,0.52014,pending,,BirdNET候选；人工回听前不作为物种事实。
challenge_1d202dec3f7beb4e7303_pycnonotus_sinensis_00027000,challenge_1d202dec3f7beb4e7303,2026C 0507-0513,2026-05-08T11:50:04,E:\tmp\生声不息AI挑战资料\2026_07_31_生声不息AI挑战说明\2026C 0507-0513\AAA001_20260508_115004.wav,2026C 0507-0513/AAA001_20260508_115004.wav,27.0,30.0,pycnonotus_sinensis,白头鹎,Pycnonotus sinensis,Pycnonotus sinensis_Light-vented Bulbul,0.222754,pending,,BirdNET候选；人工回听前不作为物种事实。
challenge_1d202dec3f7beb4e7303_pycnonotus_sinensis_00030000,challenge_1d202dec3f7beb4e7303,2026C 0507-0513,2026-05-08T11:50:04,E:\tmp\生声不息AI挑战资料\2026_07_31_生声不息AI挑战说明\2026C 0507-0513\AAA001_20260508_115004.wav,2026C 0507-0513/AAA001_20260508_115004.wav,30.0,33.0,pycnonotus_sinensis,白头鹎,Pycnonotus sinensis,Pycnonotus sinensis_Light-vented Bulbul,0.096568,pending,,BirdNET候选；人工回听前不作为物种事实。
challenge_1d202dec3f7beb4e7303_pycnonotus_sinensis_00036000,challenge_1d202dec3f7beb4e7303,2026C 0507-0513,2026-05-08T11:50:04,E:\tmp\生声不息AI挑战资料\2026_07_31_生声不息AI挑战说明\2026C 0507-0513\AAA001_20260508_115004.wav,2026C 0507-0513/AAA001_20260508_115004.wav,36.0,39.0,pycnonotus_sinensis,白头鹎,Pycnonotus sinensis,Pycnonotus sinensis_Light-vented Bulbul,0.053179,pending,,BirdNET候选；人工回听前不作为物种事实。
challenge_1d202dec3f7beb4e7303_pycnonotus_sinensis_00042000,challenge_1d202dec3f7beb4e7303,2026C 0507-0513,2026-05-08T11:50:04,E:\tmp\生声不息AI挑战资料\2026_07_31_生声不息AI挑战说明\2026C 0507-0513\AAA001_20260508_115004.wav,2026C 0507-0513/AAA001_20260508_115004.wav,42.0,45.0,pycnonotus_sinensis,白头鹎,Pycnonotus sinensis,Pycnonotus sinensis_Light-vented Bulbul,0.060065,pending,,BirdNET候选；人工回听前不作为物种事实。
challenge_1d202dec3f7beb4e7303_pica_serica_00045000,challenge_1d202dec3f7beb4e7303,2026C 0507-0513,2026-05-08T11:50:04,E:\tmp\生声不息AI挑战资料\2026_07_31_生声不息AI挑战说明\2026C 0507-0513\AAA001_20260508_115004.wav,2026C 0507-0513/AAA001_20260508_115004.wav,45.0,48.0,pica_serica,喜鹊,Pica serica,Pica serica_Oriental Magpie,0.057555,pending,,BirdNET候选；人工回听前不作为物种事实。
challenge_095b2e911d240986586c_pycnonotus_sinensis_00048000,challenge_095b2e911d240986586c,2026C 0507-0513,2026-05-08T17:30:05,E:\tmp\生声不息AI挑战资料\2026_07_31_生声不息AI挑战说明\2026C 0507-0513\AAA001_20260508_173005.wav,2026C 0507-0513/AAA001_20260508_173005.wav,48.0,51.0,pycnonotus_sinensis,白头鹎,Pycnonotus sinensis,Pycnonotus sinensis_Light-vented Bulbul,0.051556,pending,,BirdNET候选；人工回听前不作为物种事实。
challenge_095b2e911d240986586c_turdus_mandarinus_00057000,challenge_095b2e911d240986586c,2026C 0507-0513,2026-05-08T17:30:05,E:\tmp\生声不息AI挑战资料\2026_07_31_生声不息AI挑战说明\2026C 0507-0513\AAA001_20260508_173005.wav,2026C 0507-0513/AAA001_20260508_173005.wav,57.0,60.0,turdus_mandarinus,乌鸫,Turdus mandarinus,Turdus mandarinus_Chinese Blackbird,0.06318,pending,,BirdNET候选；人工回听前不作为物种事实。
challenge_54bc600f0981b675aaeb_pycnonotus_sinensis_00006000,challenge_54bc600f0981b675aaeb,2026C 0507-0513,2026-05-09T05:55:04,E:\tmp\生声不息AI挑战资料\2026_07_31_生声不息AI挑战说明\2026C 0507-0513\AAA001_20260509_055504.wav,2026C 0507-0513/AAA001_20260509_055504.wav,6.0,9.0,pycnonotus_sinensis,白头鹎,Pycnonotus sinensis,Pycnonotus sinensis_Light-vented Bulbul,0.298852,pending,,BirdNET候选；人工回听前不作为物种事实。
challenge_54bc600f0981b675aaeb_spilopelia_chinensis_00006000,challenge_54bc600f0981b675aaeb,2026C 0507-0513,2026-05-09T05:55:04,E:\tmp\生声不息AI挑战资料\2026_07_31_生声不息AI挑战说明\2026C 0507-0513\AAA001_20260509_055504.wav,2026C 0507-0513/AAA001_20260509_055504.wav,6.0,9.0,spilopelia_chinensis,珠颈斑鸠,Spilopelia chinensis,Streptopelia chinensis_Spotted Dove,0.283682,pending,,BirdNET候选；人工回听前不作为物种事实。
challenge_54bc600f0981b675aaeb_turdus_mandarinus_00009000,challenge_54bc600f0981b675aaeb,2026C 0507-0513,2026-05-09T05:55:04,E:\tmp\生声不息AI挑战资料\2026_07_31_生声不息AI挑战说明\2026C 0507-0513\AAA001_20260509_055504.wav,2026C 0507-0513/AAA001_20260509_055504.wav,9.0,12.0,turdus_mandarinus,乌鸫,Turdus mandarinus,Turdus mandarinus_Chinese Blackbird,0.056303,pending,,BirdNET候选；人工回听前不作为物种事实。
challenge_54bc600f0981b675aaeb_pycnonotus_sinensis_00015000,challenge_54bc600f0981b675aaeb,2026C 0507-0513,2026-05-09T05:55:04,E:\tmp\生声不息AI挑战资料\2026_07_31_生声不息AI挑战说明\2026C 0507-0513\AAA001_20260509_055504.wav,2026C 0507-0513/AAA001_20260509_055504.wav,15.0,18.0,pycnonotus_sinensis,白头鹎,Pycnonotus sinensis,Pycnonotus sinensis_Light-vented Bulbul,0.088316,pending,,BirdNET候选；人工回听前不作为物种事实。
challenge_54bc600f0981b675aaeb_spilopelia_chinensis_00024000,challenge_54bc600f0981b675aaeb,2026C 0507-0513,2026-05-09T05:55:04,E:\tmp\生声不息AI挑战资料\2026_07_31_生声不息AI挑战说明\2026C 0507-0513\AAA001_20260509_055504.wav,2026C 0507-0513/AAA001_20260509_055504.wav,24.0,27.0,spilopelia_chinensis,珠颈斑鸠,Spilopelia chinensis,Streptopelia chinensis_Spotted Dove,0.641566,pending,,BirdNET候选；人工回听前不作为物种事实。
challenge_54bc600f0981b675aaeb_urocissa_erythroryncha_00027000,challenge_54bc600f0981b675aaeb,2026C 0507-0513,2026-05-09T05:55:04,E:\tmp\生声不息AI挑战资料\2026_07_31_生声不息AI挑战说明\2026C 0507-0513\AAA001_20260509_055504.wav,2026C 0507-0513/AAA001_20260509_055504.wav,27.0,30.0,urocissa_erythroryncha,红嘴蓝鹊,Urocissa erythroryncha,Urocissa erythroryncha_Red-billed Blue-Magpie,0.130075,pending,,BirdNET候选；人工回听前不作为物种事实。
challenge_54bc600f0981b675aaeb_pycnonotus_sinensis_00030000,challenge_54bc600f0981b675aaeb,2026C 0507-0513,2026-05-09T05:55:04,E:\tmp\生声不息AI挑战资料\2026_07_31_生声不息AI挑战说明\2026C 0507-0513\AAA001_20260509_055504.wav,2026C 0507-0513/AAA001_20260509_055504.wav,30.0,33.0,pycnonotus_sinensis,白头鹎,Pycnonotus sinensis,Pycnonotus sinensis_Light-vented Bulbul,0.07512,pending,,BirdNET候选；人工回听前不作为物种事实。
challenge_54bc600f0981b675aaeb_spilopelia_chinensis_00033000,challenge_54bc600f0981b675aaeb,2026C 0507-0513,2026-05-09T05:55:04,E:\tmp\生声不息AI挑战资料\2026_07_31_生声不息AI挑战说明\2026C 0507-0513\AAA001_20260509_055504.wav,2026C 0507-0513/AAA001_20260509_055504.wav,33.0,36.0,spilopelia_chinensis,珠颈斑鸠,Spilopelia chinensis,Streptopelia chinensis_Spotted Dove,0.817863,pending,,BirdNET候选；人工回听前不作为物种事实。
challenge_54bc600f0981b675aaeb_spilopelia_chinensis_00036000,challenge_54bc600f0981b675aaeb,2026C 0507-0513,2026-05-09T05:55:04,E:\tmp\生声不息AI挑战资料\2026_07_31_生声不息AI挑战说明\2026C 0507-0513\AAA001_20260509_055504.wav,2026C 0507-0513/AAA001_20260509_055504.wav,36.0,39.0,spilopelia_chinensis,珠颈斑鸠,Spilopelia chinensis,Streptopelia chinensis_Spotted Dove,0.224262,pending,,BirdNET候选；人工回听前不作为物种事实。
challenge_54bc600f0981b675aaeb_spilopelia_chinensis_00039000,challenge_54bc600f0981b675aaeb,2026C 0507-0513,2026-05-09T05:55:04,E:\tmp\生声不息AI挑战资料\2026_07_31_生声不息AI挑战说明\2026C 0507-0513\AAA001_20260509_055504.wav,2026C 0507-0513/AAA001_20260509_055504.wav,39.0,42.0,spilopelia_chinensis,珠颈斑鸠,Spilopelia chinensis,Streptopelia chinensis_Spotted Dove,0.898331,pending,,BirdNET候选；人工回听前不作为物种事实。
challenge_54bc600f0981b675aaeb_spilopelia_chinensis_00048000,challenge_54bc600f0981b675aaeb,2026C 0507-0513,2026-05-09T05:55:04,E:\tmp\生声不息AI挑战资料\2026_07_31_生声不息AI挑战说明\2026C 0507-0513\AAA001_20260509_055504.wav,2026C 0507-0513/AAA001_20260509_055504.wav,48.0,51.0,spilopelia_chinensis,珠颈斑鸠,Spilopelia chinensis,Streptopelia chinensis_Spotted Dove,0.890447,pending,,BirdNET候选；人工回听前不作为物种事实。
challenge_54bc600f0981b675aaeb_spilopelia_chinensis_00051000,challenge_54bc600f0981b675aaeb,2026C 0507-0513,2026-05-09T05:55:04,E:\tmp\生声不息AI挑战资料\2026_07_31_生声不息AI挑战说明\2026C 0507-0513\AAA001_20260509_055504.wav,2026C 0507-0513/AAA001_20260509_055504.wav,51.0,54.0,spilopelia_chinensis,珠颈斑鸠,Spilopelia chinensis,Streptopelia chinensis_Spotted Dove,0.34493,pending,,BirdNET候选；人工回听前不作为物种事实。
challenge_54bc600f0981b675aaeb_spilopelia_chinensis_00054000,challenge_54bc600f0981b675aaeb,2026C 0507-0513,2026-05-09T05:55:04,E:\tmp\生声不息AI挑战资料\2026_07_31_生声不息AI挑战说明\2026C 0507-0513\AAA001_20260509_055504.wav,2026C 0507-0513/AAA001_20260509_055504.wav,54.0,57.0,spilopelia_chinensis,珠颈斑鸠,Spilopelia chinensis,Streptopelia chinensis_Spotted Dove,0.479069,pending,,BirdNET候选；人工回听前不作为物种事实。
challenge_54bc600f0981b675aaeb_pycnonotus_sinensis_00054000,challenge_54bc600f0981b675aaeb,2026C 0507-0513,2026-05-09T05:55:04,E:\tmp\生声不息AI挑战资料\2026_07_31_生声不息AI挑战说明\2026C 0507-0513\AAA001_20260509_055504.wav,2026C 0507-0513/AAA001_20260509_055504.wav,54.0,57.0,pycnonotus_sinensis,白头鹎,Pycnonotus sinensis,Pycnonotus sinensis_Light-vented Bulbul,0.083775,pending,,BirdNET候选；人工回听前不作为物种事实。
challenge_54bc600f0981b675aaeb_spilopelia_chinensis_00057000,challenge_54bc600f0981b675aaeb,2026C 0507-0513,2026-05-09T05:55:04,E:\tmp\生声不息AI挑战资料\2026_07_31_生声不息AI挑战说明\2026C 0507-0513\AAA001_20260509_055504.wav,2026C 0507-0513/AAA001_20260509_055504.wav,57.0,60.0,spilopelia_chinensis,珠颈斑鸠,Spilopelia chinensis,Streptopelia chinensis_Spotted Dove,0.49354,pending,,BirdNET候选；人工回听前不作为物种事实。
challenge_6342a5a4606e88c70358_spilopelia_chinensis_00021000,challenge_6342a5a4606e88c70358,2026C 0507-0513,2026-05-09T11:40:04,E:\tmp\生声不息AI挑战资料\2026_07_31_生声不息AI挑战说明\2026C 0507-0513\AAA001_20260509_114004.wav,2026C 0507-0513/AAA001_20260509_114004.wav,21.0,24.0,spilopelia_chinensis,珠颈斑鸠,Spilopelia chinensis,Streptopelia chinensis_Spotted Dove,0.943714,pending,,BirdNET候选；人工回听前不作为物种事实。
challenge_6342a5a4606e88c70358_spilopelia_chinensis_00024000,challenge_6342a5a4606e88c70358,2026C 0507-0513,2026-05-09T11:40:04,E:\tmp\生声不息AI挑战资料\2026_07_31_生声不息AI挑战说明\2026C 0507-0513\AAA001_20260509_114004.wav,2026C 0507-0513/AAA001_20260509_114004.wav,24.0,27.0,spilopelia_chinensis,珠颈斑鸠,Spilopelia chinensis,Streptopelia chinensis_Spotted Dove,0.953774,pending,,BirdNET候选；人工回听前不作为物种事实。
challenge_6342a5a4606e88c70358_spilopelia_chinensis_00027000,challenge_6342a5a4606e88c70358,2026C 0507-0513,2026-05-09T11:40:04,E:\tmp\生声不息AI挑战资料\2026_07_31_生声不息AI挑战说明\2026C 0507-0513\AAA001_20260509_114004.wav,2026C 0507-0513/AAA001_20260509_114004.wav,27.0,30.0,spilopelia_chinensis,珠颈斑鸠,Spilopelia chinensis,Streptopelia chinensis_Spotted Dove,0.969088,pending,,BirdNET候选；人工回听前不作为物种事实。
challenge_e02cb38b987c0ccc3162_copsychus_saularis_00000000,challenge_e02cb38b987c0ccc3162,2026C 0507-0513,2026-05-10T05:45:01,E:\tmp\生声不息AI挑战资料\2026_07_31_生声不息AI挑战说明\2026C 0507-0513\AAA001_20260510_054501.wav,2026C 0507-0513/AAA001_20260510_054501.wav,0.0,3.0,copsychus_saularis,鹊鸲,Copsychus saularis,Copsychus saularis_Oriental Magpie-Robin,0.289839,pending,,BirdNET候选；人工回听前不作为物种事实。
challenge_e02cb38b987c0ccc3162_copsychus_saularis_00003000,challenge_e02cb38b987c0ccc3162,2026C 0507-0513,2026-05-10T05:45:01,E:\tmp\生声不息AI挑战资料\2026_07_31_生声不息AI挑战说明\2026C 0507-0513\AAA001_20260510_054501.wav,2026C 0507-0513/AAA001_20260510_054501.wav,3.0,6.0,copsychus_saularis,鹊鸲,Copsychus saularis,Copsychus saularis_Oriental Magpie-Robin,0.093347,pending,,BirdNET候选；人工回听前不作为物种事实。
challenge_e02cb38b987c0ccc3162_copsychus_saularis_00006000,challenge_e02cb38b987c0ccc3162,2026C 0507-0513,2026-05-10T05:45:01,E:\tmp\生声不息AI挑战资料\2026_07_31_生声不息AI挑战说明\2026C 0507-0513\AAA001_20260510_054501.wav,2026C 0507-0513/AAA001_20260510_054501.wav,6.0,9.0,copsychus_saularis,鹊鸲,Copsychus saularis,Copsychus saularis_Oriental Magpie-Robin,0.181717,pending,,BirdNET候选；人工回听前不作为物种事实。
challenge_e02cb38b987c0ccc3162_pycnonotus_sinensis_00006000,challenge_e02cb38b987c0ccc3162,2026C 0507-0513,2026-05-10T05:45:01,E:\tmp\生声不息AI挑战资料\2026_07_31_生声不息AI挑战说明\2026C 0507-0513\AAA001_20260510_054501.wav,2026C 0507-0513/AAA001_20260510_054501.wav,6.0,9.0,pycnonotus_sinensis,白头鹎,Pycnonotus sinensis,Pycnonotus sinensis_Light-vented Bulbul,0.05691,pending,,BirdNET候选；人工回听前不作为物种事实。
challenge_e02cb38b987c0ccc3162_pycnonotus_sinensis_00009000,challenge_e02cb38b987c0ccc3162,2026C 0507-0513,2026-05-10T05:45:01,E:\tmp\生声不息AI挑战资料\2026_07_31_生声不息AI挑战说明\2026C 0507-0513\AAA001_20260510_054501.wav,2026C 0507-0513/AAA001_20260510_054501.wav,9.0,12.0,pycnonotus_sinensis,白头鹎,Pycnonotus sinensis,Pycnonotus sinensis_Light-vented Bulbul,0.052806,pending,,BirdNET候选；人工回听前不作为物种事实。
challenge_e02cb38b987c0ccc3162_pycnonotus_sinensis_00027000,challenge_e02cb38b987c0ccc3162,2026C 0507-0513,2026-05-10T05:45:01,E:\tmp\生声不息AI挑战资料\2026_07_31_生声不息AI挑战说明\2026C 0507-0513\AAA001_20260510_054501.wav,2026C 0507-0513/AAA001_20260510_054501.wav,27.0,30.0,pycnonotus_sinensis,白头鹎,Pycnonotus sinensis,Pycnonotus sinensis_Light-vented Bulbul,0.061167,pending,,BirdNET候选；人工回听前不作为物种事实。
challenge_e02cb38b987c0ccc3162_pycnonotus_sinensis_00039000,challenge_e02cb38b987c0ccc3162,2026C 0507-0513,2026-05-10T05:45:01,E:\tmp\生声不息AI挑战资料\2026_07_31_生声不息AI挑战说明\2026C 0507-0513\AAA001_20260510_054501.wav,2026C 0507-0513/AAA001_20260510_054501.wav,39.0,42.0,pycnonotus_sinensis,白头鹎,Pycnonotus sinensis,Pycnonotus sinensis_Light-vented Bulbul,0.191154,pending,,BirdNET候选；人工回听前不作为物种事实。
challenge_1e1a2389c790a781da0d_pycnonotus_sinensis_00021000,challenge_1e1a2389c790a781da0d,2026C 0507-0513,2026-05-10T17:10:04,E:\tmp\生声不息AI挑战资料\2026_07_31_生声不息AI挑战说明\2026C 0507-0513\AAA001_20260510_171004.wav,2026C 0507-0513/AAA001_20260510_171004.wav,21.0,24.0,pycnonotus_sinensis,白头鹎,Pycnonotus sinensis,Pycnonotus sinensis_Light-vented Bulbul,0.331963,pending,,BirdNET候选；人工回听前不作为物种事实。
challenge_1e1a2389c790a781da0d_pycnonotus_sinensis_00030000,challenge_1e1a2389c790a781da0d,2026C 0507-0513,2026-05-10T17:10:04,E:\tmp\生声不息AI挑战资料\2026_07_31_生声不息AI挑战说明\2026C 0507-0513\AAA001_20260510_171004.wav,2026C 0507-0513/AAA001_20260510_171004.wav,30.0,33.0,pycnonotus_sinensis,白头鹎,Pycnonotus sinensis,Pycnonotus sinensis_Light-vented Bulbul,0.073305,pending,,BirdNET候选；人工回听前不作为物种事实。
challenge_1e1a2389c790a781da0d_pycnonotus_sinensis_00045000,challenge_1e1a2389c790a781da0d,2026C 0507-0513,2026-05-10T17:10:04,E:\tmp\生声不息AI挑战资料\2026_07_31_生声不息AI挑战说明\2026C 0507-0513\AAA001_20260510_171004.wav,2026C 0507-0513/AAA001_20260510_171004.wav,45.0,48.0,pycnonotus_sinensis,白头鹎,Pycnonotus sinensis,Pycnonotus sinensis_Light-vented Bulbul,0.181896,pending,,BirdNET候选；人工回听前不作为物种事实。
challenge_1e1a2389c790a781da0d_pycnonotus_sinensis_00048000,challenge_1e1a2389c790a781da0d,2026C 0507-0513,2026-05-10T17:10:04,E:\tmp\生声不息AI挑战资料\2026_07_31_生声不息AI挑战说明\2026C 0507-0513\AAA001_20260510_171004.wav,2026C 0507-0513/AAA001_20260510_171004.wav,48.0,51.0,pycnonotus_sinensis,白头鹎,Pycnonotus sinensis,Pycnonotus sinensis_Light-vented Bulbul,0.109788,pending,,BirdNET候选；人工回听前不作为物种事实。
challenge_4686921674792a5c0463_spilopelia_chinensis_00003000,challenge_4686921674792a5c0463,2026C 0507-0513,2026-05-11T06:20:02,E:\tmp\生声不息AI挑战资料\2026_07_31_生声不息AI挑战说明\2026C 0507-0513\AAA001_20260511_062002.wav,2026C 0507-0513/AAA001_20260511_062002.wav,3.0,6.0,spilopelia_chinensis,珠颈斑鸠,Spilopelia chinensis,Streptopelia chinensis_Spotted Dove,0.063377,pending,,BirdNET候选；人工回听前不作为物种事实。
challenge_4686921674792a5c0463_pycnonotus_sinensis_00009000,challenge_4686921674792a5c0463,2026C 0507-0513,2026-05-11T06:20:02,E:\tmp\生声不息AI挑战资料\2026_07_31_生声不息AI挑战说明\2026C 0507-0513\AAA001_20260511_062002.wav,2026C 0507-0513/AAA001_20260511_062002.wav,9.0,12.0,pycnonotus_sinensis,白头鹎,Pycnonotus sinensis,Pycnonotus sinensis_Light-vented Bulbul,0.123758,pending,,BirdNET候选；人工回听前不作为物种事实。
challenge_4686921674792a5c0463_spilopelia_chinensis_00015000,challenge_4686921674792a5c0463,2026C 0507-0513,2026-05-11T06:20:02,E:\tmp\生声不息AI挑战资料\2026_07_31_生声不息AI挑战说明\2026C 0507-0513\AAA001_20260511_062002.wav,2026C 0507-0513/AAA001_20260511_062002.wav,15.0,18.0,spilopelia_chinensis,珠颈斑鸠,Spilopelia chinensis,Streptopelia chinensis_Spotted Dove,0.122574,pending,,BirdNET候选；人工回听前不作为物种事实。
challenge_4686921674792a5c0463_spilopelia_chinensis_00021000,challenge_4686921674792a5c0463,2026C 0507-0513,2026-05-11T06:20:02,E:\tmp\生声不息AI挑战资料\2026_07_31_生声不息AI挑战说明\2026C 0507-0513\AAA001_20260511_062002.wav,2026C 0507-0513/AAA001_20260511_062002.wav,21.0,24.0,spilopelia_chinensis,珠颈斑鸠,Spilopelia chinensis,Streptopelia chinensis_Spotted Dove,0.067775,pending,,BirdNET候选；人工回听前不作为物种事实。
challenge_4686921674792a5c0463_pycnonotus_sinensis_00027000,challenge_4686921674792a5c0463,2026C 0507-0513,2026-05-11T06:20:02,E:\tmp\生声不息AI挑战资料\2026_07_31_生声不息AI挑战说明\2026C 0507-0513\AAA001_20260511_062002.wav,2026C 0507-0513/AAA001_20260511_062002.wav,27.0,30.0,pycnonotus_sinensis,白头鹎,Pycnonotus sinensis,Pycnonotus sinensis_Light-vented Bulbul,0.05469,pending,,BirdNET候选；人工回听前不作为物种事实。
challenge_4686921674792a5c0463_spilopelia_chinensis_00036000,challenge_4686921674792a5c0463,2026C 0507-0513,2026-05-11T06:20:02,E:\tmp\生声不息AI挑战资料\2026_07_31_生声不息AI挑战说明\2026C 0507-0513\AAA001_20260511_062002.wav,2026C 0507-0513/AAA001_20260511_062002.wav,36.0,39.0,spilopelia_chinensis,珠颈斑鸠,Spilopelia chinensis,Streptopelia chinensis_Spotted Dove,0.054384,pending,,BirdNET候选；人工回听前不作为物种事实。
challenge_4686921674792a5c0463_spilopelia_chinensis_00039000,challenge_4686921674792a5c0463,2026C 0507-0513,2026-05-11T06:20:02,E:\tmp\生声不息AI挑战资料\2026_07_31_生声不息AI挑战说明\2026C 0507-0513\AAA001_20260511_062002.wav,2026C 0507-0513/AAA001_20260511_062002.wav,39.0,42.0,spilopelia_chinensis,珠颈斑鸠,Spilopelia chinensis,Streptopelia chinensis_Spotted Dove,0.104084,pending,,BirdNET候选；人工回听前不作为物种事实。
challenge_4686921674792a5c0463_pycnonotus_sinensis_00039000,challenge_4686921674792a5c0463,2026C 0507-0513,2026-05-11T06:20:02,E:\tmp\生声不息AI挑战资料\2026_07_31_生声不息AI挑战说明\2026C 0507-0513\AAA001_20260511_062002.wav,2026C 0507-0513/AAA001_20260511_062002.wav,39.0,42.0,pycnonotus_sinensis,白头鹎,Pycnonotus sinensis,Pycnonotus sinensis_Light-vented Bulbul,0.102097,pending,,BirdNET候选；人工回听前不作为物种事实。
challenge_4686921674792a5c0463_pycnonotus_sinensis_00051000,challenge_4686921674792a5c0463,2026C 0507-0513,2026-05-11T06:20:02,E:\tmp\生声不息AI挑战资料\2026_07_31_生声不息AI挑战说明\2026C 0507-0513\AAA001_20260511_062002.wav,2026C 0507-0513/AAA001_20260511_062002.wav,51.0,54.0,pycnonotus_sinensis,白头鹎,Pycnonotus sinensis,Pycnonotus sinensis_Light-vented Bulbul,0.101352,pending,,BirdNET候选；人工回听前不作为物种事实。
challenge_4686921674792a5c0463_spilopelia_chinensis_00054000,challenge_4686921674792a5c0463,2026C 0507-0513,2026-05-11T06:20:02,E:\tmp\生声不息AI挑战资料\2026_07_31_生声不息AI挑战说明\2026C 0507-0513\AAA001_20260511_062002.wav,2026C 0507-0513/AAA001_20260511_062002.wav,54.0,57.0,spilopelia_chinensis,珠颈斑鸠,Spilopelia chinensis,Streptopelia chinensis_Spotted Dove,0.07683,pending,,BirdNET候选；人工回听前不作为物种事实。
challenge_34b1cc6ee05ef020106f_pycnonotus_sinensis_00000000,challenge_34b1cc6ee05ef020106f,2026C 0507-0513,2026-05-11T17:45:02,E:\tmp\生声不息AI挑战资料\2026_07_31_生声不息AI挑战说明\2026C 0507-0513\AAA001_20260511_174502.wav,2026C 0507-0513/AAA001_20260511_174502.wav,0.0,3.0,pycnonotus_sinensis,白头鹎,Pycnonotus sinensis,Pycnonotus sinensis_Light-vented Bulbul,0.245017,pending,,BirdNET候选；人工回听前不作为物种事实。
challenge_34b1cc6ee05ef020106f_pycnonotus_sinensis_00003000,challenge_34b1cc6ee05ef020106f,2026C 0507-0513,2026-05-11T17:45:02,E:\tmp\生声不息AI挑战资料\2026_07_31_生声不息AI挑战说明\2026C 0507-0513\AAA001_20260511_174502.wav,2026C 0507-0513/AAA001_20260511_174502.wav,3.0,6.0,pycnonotus_sinensis,白头鹎,Pycnonotus sinensis,Pycnonotus sinensis_Light-vented Bulbul,0.134512,pending,,BirdNET候选；人工回听前不作为物种事实。
challenge_34b1cc6ee05ef020106f_pycnonotus_sinensis_00006000,challenge_34b1cc6ee05ef020106f,2026C 0507-0513,2026-05-11T17:45:02,E:\tmp\生声不息AI挑战资料\2026_07_31_生声不息AI挑战说明\2026C 0507-0513\AAA001_20260511_174502.wav,2026C 0507-0513/AAA001_20260511_174502.wav,6.0,9.0,pycnonotus_sinensis,白头鹎,Pycnonotus sinensis,Pycnonotus sinensis_Light-vented Bulbul,0.073841,pending,,BirdNET候选；人工回听前不作为物种事实。
challenge_34b1cc6ee05ef020106f_pycnonotus_sinensis_00018000,challenge_34b1cc6ee05ef020106f,2026C 0507-0513,2026-05-11T17:45:02,E:\tmp\生声不息AI挑战资料\2026_07_31_生声不息AI挑战说明\2026C 0507-0513\AAA001_20260511_174502.wav,2026C 0507-0513/AAA001_20260511_174502.wav,18.0,21.0,pycnonotus_sinensis,白头鹎,Pycnonotus sinensis,Pycnonotus sinensis_Light-vented Bulbul,0.136543,pending,,BirdNET候选；人工回听前不作为物种事实。
challenge_34b1cc6ee05ef020106f_pycnonotus_sinensis_00021000,challenge_34b1cc6ee05ef020106f,2026C 0507-0513,2026-05-11T17:45:02,E:\tmp\生声不息AI挑战资料\2026_07_31_生声不息AI挑战说明\2026C 0507-0513\AAA001_20260511_174502.wav,2026C 0507-0513/AAA001_20260511_174502.wav,21.0,24.0,pycnonotus_sinensis,白头鹎,Pycnonotus sinensis,Pycnonotus sinensis_Light-vented Bulbul,0.157549,pending,,BirdNET候选；人工回听前不作为物种事实。
challenge_34b1cc6ee05ef020106f_pycnonotus_sinensis_00024000,challenge_34b1cc6ee05ef020106f,2026C 0507-0513,2026-05-11T17:45:02,E:\tmp\生声不息AI挑战资料\2026_07_31_生声不息AI挑战说明\2026C 0507-0513\AAA001_20260511_174502.wav,2026C 0507-0513/AAA001_20260511_174502.wav,24.0,27.0,pycnonotus_sinensis,白头鹎,Pycnonotus sinensis,Pycnonotus sinensis_Light-vented Bulbul,0.153882,pending,,BirdNET候选；人工回听前不作为物种事实。
challenge_34b1cc6ee05ef020106f_pycnonotus_sinensis_00027000,challenge_34b1cc6ee05ef020106f,2026C 0507-0513,2026-05-11T17:45:02,E:\tmp\生声不息AI挑战资料\2026_07_31_生声不息AI挑战说明\2026C 0507-0513\AAA001_20260511_174502.wav,2026C 0507-0513/AAA001_20260511_174502.wav,27.0,30.0,pycnonotus_sinensis,白头鹎,Pycnonotus sinensis,Pycnonotus sinensis_Light-vented Bulbul,0.407686,pending,,BirdNET候选；人工回听前不作为物种事实。
challenge_34b1cc6ee05ef020106f_pycnonotus_sinensis_00030000,challenge_34b1cc6ee05ef020106f,2026C 0507-0513,2026-05-11T17:45:02,E:\tmp\生声不息AI挑战资料\2026_07_31_生声不息AI挑战说明\2026C 0507-0513\AAA001_20260511_174502.wav,2026C 0507-0513/AAA001_20260511_174502.wav,30.0,33.0,pycnonotus_sinensis,白头鹎,Pycnonotus sinensis,Pycnonotus sinensis_Light-vented Bulbul,0.293441,pending,,BirdNET候选；人工回听前不作为物种事实。
challenge_34b1cc6ee05ef020106f_pycnonotus_sinensis_00033000,challenge_34b1cc6ee05ef020106f,2026C 0507-0513,2026-05-11T17:45:02,E:\tmp\生声不息AI挑战资料\2026_07_31_生声不息AI挑战说明\2026C 0507-0513\AAA001_20260511_174502.wav,2026C 0507-0513/AAA001_20260511_174502.wav,33.0,36.0,pycnonotus_sinensis,白头鹎,Pycnonotus sinensis,Pycnonotus sinensis_Light-vented Bulbul,0.411028,pending,,BirdNET候选；人工回听前不作为物种事实。
challenge_34b1cc6ee05ef020106f_pycnonotus_sinensis_00042000,challenge_34b1cc6ee05ef020106f,2026C 0507-0513,2026-05-11T17:45:02,E:\tmp\生声不息AI挑战资料\2026_07_31_生声不息AI挑战说明\2026C 0507-0513\AAA001_20260511_174502.wav,2026C 0507-0513/AAA001_20260511_174502.wav,42.0,45.0,pycnonotus_sinensis,白头鹎,Pycnonotus sinensis,Pycnonotus sinensis_Light-vented Bulbul,0.243219,pending,,BirdNET候选；人工回听前不作为物种事实。
challenge_a507784a5e305ce3b7da_pycnonotus_sinensis_00000000,challenge_a507784a5e305ce3b7da,2026C 0507-0513,2026-05-12T06:10:02,E:\tmp\生声不息AI挑战资料\2026_07_31_生声不息AI挑战说明\2026C 0507-0513\AAA001_20260512_061002.wav,2026C 0507-0513/AAA001_20260512_061002.wav,0.0,3.0,pycnonotus_sinensis,白头鹎,Pycnonotus sinensis,Pycnonotus sinensis_Light-vented Bulbul,0.327289,pending,,BirdNET候选；人工回听前不作为物种事实。
challenge_a507784a5e305ce3b7da_copsychus_saularis_00036000,challenge_a507784a5e305ce3b7da,2026C 0507-0513,2026-05-12T06:10:02,E:\tmp\生声不息AI挑战资料\2026_07_31_生声不息AI挑战说明\2026C 0507-0513\AAA001_20260512_061002.wav,2026C 0507-0513/AAA001_20260512_061002.wav,36.0,39.0,copsychus_saularis,鹊鸲,Copsychus saularis,Copsychus saularis_Oriental Magpie-Robin,0.068442,pending,,BirdNET候选；人工回听前不作为物种事实。
challenge_a507784a5e305ce3b7da_pycnonotus_sinensis_00042000,challenge_a507784a5e305ce3b7da,2026C 0507-0513,2026-05-12T06:10:02,E:\tmp\生声不息AI挑战资料\2026_07_31_生声不息AI挑战说明\2026C 0507-0513\AAA001_20260512_061002.wav,2026C 0507-0513/AAA001_20260512_061002.wav,42.0,45.0,pycnonotus_sinensis,白头鹎,Pycnonotus sinensis,Pycnonotus sinensis_Light-vented Bulbul,0.096769,pending,,BirdNET候选；人工回听前不作为物种事实。
challenge_a507784a5e305ce3b7da_copsychus_saularis_00042000,challenge_a507784a5e305ce3b7da,2026C 0507-0513,2026-05-12T06:10:02,E:\tmp\生声不息AI挑战资料\2026_07_31_生声不息AI挑战说明\2026C 0507-0513\AAA001_20260512_061002.wav,2026C 0507-0513/AAA001_20260512_061002.wav,42.0,45.0,copsychus_saularis,鹊鸲,Copsychus saularis,Copsychus saularis_Oriental Magpie-Robin,0.061298,pending,,BirdNET候选；人工回听前不作为物种事实。
challenge_a507784a5e305ce3b7da_horornis_fortipes_00045000,challenge_a507784a5e305ce3b7da,2026C 0507-0513,2026-05-12T06:10:02,E:\tmp\生声不息AI挑战资料\2026_07_31_生声不息AI挑战说明\2026C 0507-0513\AAA001_20260512_061002.wav,2026C 0507-0513/AAA001_20260512_061002.wav,45.0,48.0,horornis_fortipes,强脚树莺,Horornis fortipes,Horornis fortipes_Brownish-flanked Bush Warbler,0.051945,pending,,BirdNET候选；人工回听前不作为物种事实。
challenge_a507784a5e305ce3b7da_horornis_fortipes_00051000,challenge_a507784a5e305ce3b7da,2026C 0507-0513,2026-05-12T06:10:02,E:\tmp\生声不息AI挑战资料\2026_07_31_生声不息AI挑战说明\2026C 0507-0513\AAA001_20260512_061002.wav,2026C 0507-0513/AAA001_20260512_061002.wav,51.0,54.0,horornis_fortipes,强脚树莺,Horornis fortipes,Horornis fortipes_Brownish-flanked Bush Warbler,0.274174,pending,,BirdNET候选；人工回听前不作为物种事实。
challenge_a507784a5e305ce3b7da_pycnonotus_sinensis_00051000,challenge_a507784a5e305ce3b7da,2026C 0507-0513,2026-05-12T06:10:02,E:\tmp\生声不息AI挑战资料\2026_07_31_生声不息AI挑战说明\2026C 0507-0513\AAA001_20260512_061002.wav,2026C 0507-0513/AAA001_20260512_061002.wav,51.0,54.0,pycnonotus_sinensis,白头鹎,Pycnonotus sinensis,Pycnonotus sinensis_Light-vented Bulbul,0.080607,pending,,BirdNET候选；人工回听前不作为物种事实。
challenge_218aad6adea2abddb9ac_pycnonotus_sinensis_00000000,challenge_218aad6adea2abddb9ac,2026C 0507-0513,2026-05-12T11:50:04,E:\tmp\生声不息AI挑战资料\2026_07_31_生声不息AI挑战说明\2026C 0507-0513\AAA001_20260512_115004.wav,2026C 0507-0513/AAA001_20260512_115004.wav,0.0,3.0,pycnonotus_sinensis,白头鹎,Pycnonotus sinensis,Pycnonotus sinensis_Light-vented Bulbul,0.090868,pending,,BirdNET候选；人工回听前不作为物种事实。
challenge_218aad6adea2abddb9ac_pycnonotus_sinensis_00003000,challenge_218aad6adea2abddb9ac,2026C 0507-0513,2026-05-12T11:50:04,E:\tmp\生声不息AI挑战资料\2026_07_31_生声不息AI挑战说明\2026C 0507-0513\AAA001_20260512_115004.wav,2026C 0507-0513/AAA001_20260512_115004.wav,3.0,6.0,pycnonotus_sinensis,白头鹎,Pycnonotus sinensis,Pycnonotus sinensis_Light-vented Bulbul,0.068344,pending,,BirdNET候选；人工回听前不作为物种事实。
challenge_218aad6adea2abddb9ac_pycnonotus_sinensis_00009000,challenge_218aad6adea2abddb9ac,2026C 0507-0513,2026-05-12T11:50:04,E:\tmp\生声不息AI挑战资料\2026_07_31_生声不息AI挑战说明\2026C 0507-0513\AAA001_20260512_115004.wav,2026C 0507-0513/AAA001_20260512_115004.wav,9.0,12.0,pycnonotus_sinensis,白头鹎,Pycnonotus sinensis,Pycnonotus sinensis_Light-vented Bulbul,0.136795,pending,,BirdNET候选；人工回听前不作为物种事实。
challenge_218aad6adea2abddb9ac_pycnonotus_sinensis_00012000,challenge_218aad6adea2abddb9ac,2026C 0507-0513,2026-05-12T11:50:04,E:\tmp\生声不息AI挑战资料\2026_07_31_生声不息AI挑战说明\2026C 0507-0513\AAA001_20260512_115004.wav,2026C 0507-0513/AAA001_20260512_115004.wav,12.0,15.0,pycnonotus_sinensis,白头鹎,Pycnonotus sinensis,Pycnonotus sinensis_Light-vented Bulbul,0.414308,pending,,BirdNET候选；人工回听前不作为物种事实。
challenge_218aad6adea2abddb9ac_pycnonotus_sinensis_00042000,challenge_218aad6adea2abddb9ac,2026C 0507-0513,2026-05-12T11:50:04,E:\tmp\生声不息AI挑战资料\2026_07_31_生声不息AI挑战说明\2026C 0507-0513\AAA001_20260512_115004.wav,2026C 0507-0513/AAA001_20260512_115004.wav,42.0,45.0,pycnonotus_sinensis,白头鹎,Pycnonotus sinensis,Pycnonotus sinensis_Light-vented Bulbul,0.071644,pending,,BirdNET候选；人工回听前不作为物种事实。
challenge_1786203f01b119fd311e_pycnonotus_sinensis_00009000,challenge_1786203f01b119fd311e,2026C 0507-0513,2026-05-12T17:35:04,E:\tmp\生声不息AI挑战资料\2026_07_31_生声不息AI挑战说明\2026C 0507-0513\AAA001_20260512_173504.wav,2026C 0507-0513/AAA001_20260512_173504.wav,9.0,12.0,pycnonotus_sinensis,白头鹎,Pycnonotus sinensis,Pycnonotus sinensis_Light-vented Bulbul,0.060315,pending,,BirdNET候选；人工回听前不作为物种事实。
challenge_1786203f01b119fd311e_pycnonotus_sinensis_00027000,challenge_1786203f01b119fd311e,2026C 0507-0513,2026-05-12T17:35:04,E:\tmp\生声不息AI挑战资料\2026_07_31_生声不息AI挑战说明\2026C 0507-0513\AAA001_20260512_173504.wav,2026C 0507-0513/AAA001_20260512_173504.wav,27.0,30.0,pycnonotus_sinensis,白头鹎,Pycnonotus sinensis,Pycnonotus sinensis_Light-vented Bulbul,0.101533,pending,,BirdNET候选；人工回听前不作为物种事实。
challenge_37e6d84a7c2eca516e53_pycnonotus_sinensis_00000000,challenge_37e6d84a7c2eca516e53,2026C 0507-0513,2026-05-13T06:00:02,E:\tmp\生声不息AI挑战资料\2026_07_31_生声不息AI挑战说明\2026C 0507-0513\AAA001_20260513_060002.wav,2026C 0507-0513/AAA001_20260513_060002.wav,0.0,3.0,pycnonotus_sinensis,白头鹎,Pycnonotus sinensis,Pycnonotus sinensis_Light-vented Bulbul,0.115828,pending,,BirdNET候选；人工回听前不作为物种事实。
challenge_37e6d84a7c2eca516e53_horornis_fortipes_00000000,challenge_37e6d84a7c2eca516e53,2026C 0507-0513,2026-05-13T06:00:02,E:\tmp\生声不息AI挑战资料\2026_07_31_生声不息AI挑战说明\2026C 0507-0513\AAA001_20260513_060002.wav,2026C 0507-0513/AAA001_20260513_060002.wav,0.0,3.0,horornis_fortipes,强脚树莺,Horornis fortipes,Horornis fortipes_Brownish-flanked Bush Warbler,0.071802,pending,,BirdNET候选；人工回听前不作为物种事实。
challenge_37e6d84a7c2eca516e53_pycnonotus_sinensis_00012000,challenge_37e6d84a7c2eca516e53,2026C 0507-0513,2026-05-13T06:00:02,E:\tmp\生声不息AI挑战资料\2026_07_31_生声不息AI挑战说明\2026C 0507-0513\AAA001_20260513_060002.wav,2026C 0507-0513/AAA001_20260513_060002.wav,12.0,15.0,pycnonotus_sinensis,白头鹎,Pycnonotus sinensis,Pycnonotus sinensis_Light-vented Bulbul,0.111313,pending,,BirdNET候选；人工回听前不作为物种事实。
challenge_37e6d84a7c2eca516e53_spilopelia_chinensis_00021000,challenge_37e6d84a7c2eca516e53,2026C 0507-0513,2026-05-13T06:00:02,E:\tmp\生声不息AI挑战资料\2026_07_31_生声不息AI挑战说明\2026C 0507-0513\AAA001_20260513_060002.wav,2026C 0507-0513/AAA001_20260513_060002.wav,21.0,24.0,spilopelia_chinensis,珠颈斑鸠,Spilopelia chinensis,Streptopelia chinensis_Spotted Dove,0.138719,pending,,BirdNET候选；人工回听前不作为物种事实。
challenge_37e6d84a7c2eca516e53_spilopelia_chinensis_00024000,challenge_37e6d84a7c2eca516e53,2026C 0507-0513,2026-05-13T06:00:02,E:\tmp\生声不息AI挑战资料\2026_07_31_生声不息AI挑战说明\2026C 0507-0513\AAA001_20260513_060002.wav,2026C 0507-0513/AAA001_20260513_060002.wav,24.0,27.0,spilopelia_chinensis,珠颈斑鸠,Spilopelia chinensis,Streptopelia chinensis_Spotted Dove,0.190919,pending,,BirdNET候选；人工回听前不作为物种事实。
challenge_37e6d84a7c2eca516e53_spilopelia_chinensis_00027000,challenge_37e6d84a7c2eca516e53,2026C 0507-0513,2026-05-13T06:00:02,E:\tmp\生声不息AI挑战资料\2026_07_31_生声不息AI挑战说明\2026C 0507-0513\AAA001_20260513_060002.wav,2026C 0507-0513/AAA001_20260513_060002.wav,27.0,30.0,spilopelia_chinensis,珠颈斑鸠,Spilopelia chinensis,Streptopelia chinensis_Spotted Dove,0.567496,pending,,BirdNET候选；人工回听前不作为物种事实。
challenge_37e6d84a7c2eca516e53_spilopelia_chinensis_00030000,challenge_37e6d84a7c2eca516e53,2026C 0507-0513,2026-05-13T06:00:02,E:\tmp\生声不息AI挑战资料\2026_07_31_生声不息AI挑战说明\2026C 0507-0513\AAA001_20260513_060002.wav,2026C 0507-0513/AAA001_20260513_060002.wav,30.0,33.0,spilopelia_chinensis,珠颈斑鸠,Spilopelia chinensis,Streptopelia chinensis_Spotted Dove,0.396888,pending,,BirdNET候选；人工回听前不作为物种事实。
challenge_37e6d84a7c2eca516e53_spilopelia_chinensis_00033000,challenge_37e6d84a7c2eca516e53,2026C 0507-0513,2026-05-13T06:00:02,E:\tmp\生声不息AI挑战资料\2026_07_31_生声不息AI挑战说明\2026C 0507-0513\AAA001_20260513_060002.wav,2026C 0507-0513/AAA001_20260513_060002.wav,33.0,36.0,spilopelia_chinensis,珠颈斑鸠,Spilopelia chinensis,Streptopelia chinensis_Spotted Dove,0.30068,pending,,BirdNET候选；人工回听前不作为物种事实。
challenge_37e6d84a7c2eca516e53_spilopelia_chinensis_00039000,challenge_37e6d84a7c2eca516e53,2026C 0507-0513,2026-05-13T06:00:02,E:\tmp\生声不息AI挑战资料\2026_07_31_生声不息AI挑战说明\2026C 0507-0513\AAA001_20260513_060002.wav,2026C 0507-0513/AAA001_20260513_060002.wav,39.0,42.0,spilopelia_chinensis,珠颈斑鸠,Spilopelia chinensis,Streptopelia chinensis_Spotted Dove,0.144438,pending,,BirdNET候选；人工回听前不作为物种事实。
challenge_37e6d84a7c2eca516e53_horornis_fortipes_00039000,challenge_37e6d84a7c2eca516e53,2026C 0507-0513,2026-05-13T06:00:02,E:\tmp\生声不息AI挑战资料\2026_07_31_生声不息AI挑战说明\2026C 0507-0513\AAA001_20260513_060002.wav,2026C 0507-0513/AAA001_20260513_060002.wav,39.0,42.0,horornis_fortipes,强脚树莺,Horornis fortipes,Horornis fortipes_Brownish-flanked Bush Warbler,0.101183,pending,,BirdNET候选；人工回听前不作为物种事实。
challenge_37e6d84a7c2eca516e53_horornis_fortipes_00042000,challenge_37e6d84a7c2eca516e53,2026C 0507-0513,2026-05-13T06:00:02,E:\tmp\生声不息AI挑战资料\2026_07_31_生声不息AI挑战说明\2026C 0507-0513\AAA001_20260513_060002.wav,2026C 0507-0513/AAA001_20260513_060002.wav,42.0,45.0,horornis_fortipes,强脚树莺,Horornis fortipes,Horornis fortipes_Brownish-flanked Bush Warbler,0.135017,pending,,BirdNET候选；人工回听前不作为物种事实。
challenge_37e6d84a7c2eca516e53_spilopelia_chinensis_00042000,challenge_37e6d84a7c2eca516e53,2026C 0507-0513,2026-05-13T06:00:02,E:\tmp\生声不息AI挑战资料\2026_07_31_生声不息AI挑战说明\2026C 0507-0513\AAA001_20260513_060002.wav,2026C 0507-0513/AAA001_20260513_060002.wav,42.0,45.0,spilopelia_chinensis,珠颈斑鸠,Spilopelia chinensis,Streptopelia chinensis_Spotted Dove,0.086906,pending,,BirdNET候选；人工回听前不作为物种事实。
challenge_37e6d84a7c2eca516e53_spilopelia_chinensis_00045000,challenge_37e6d84a7c2eca516e53,2026C 0507-0513,2026-05-13T06:00:02,E:\tmp\生声不息AI挑战资料\2026_07_31_生声不息AI挑战说明\2026C 0507-0513\AAA001_20260513_060002.wav,2026C 0507-0513/AAA001_20260513_060002.wav,45.0,48.0,spilopelia_chinensis,珠颈斑鸠,Spilopelia chinensis,Streptopelia chinensis_Spotted Dove,0.554716,pending,,BirdNET候选；人工回听前不作为物种事实。
challenge_37e6d84a7c2eca516e53_spilopelia_chinensis_00048000,challenge_37e6d84a7c2eca516e53,2026C 0507-0513,2026-05-13T06:00:02,E:\tmp\生声不息AI挑战资料\2026_07_31_生声不息AI挑战说明\2026C 0507-0513\AAA001_20260513_060002.wav,2026C 0507-0513/AAA001_20260513_060002.wav,48.0,51.0,spilopelia_chinensis,珠颈斑鸠,Spilopelia chinensis,Streptopelia chinensis_Spotted Dove,0.084424,pending,,BirdNET候选；人工回听前不作为物种事实。
challenge_37e6d84a7c2eca516e53_spilopelia_chinensis_00051000,challenge_37e6d84a7c2eca516e53,2026C 0507-0513,2026-05-13T06:00:02,E:\tmp\生声不息AI挑战资料\2026_07_31_生声不息AI挑战说明\2026C 0507-0513\AAA001_20260513_060002.wav,2026C 0507-0513/AAA001_20260513_060002.wav,51.0,54.0,spilopelia_chinensis,珠颈斑鸠,Spilopelia chinensis,Streptopelia chinensis_Spotted Dove,0.150502,pending,,BirdNET候选；人工回听前不作为物种事实。
challenge_37e6d84a7c2eca516e53_pycnonotus_sinensis_00051000,challenge_37e6d84a7c2eca516e53,2026C 0507-0513,2026-05-13T06:00:02,E:\tmp\生声不息AI挑战资料\2026_07_31_生声不息AI挑战说明\2026C 0507-0513\AAA001_20260513_060002.wav,2026C 0507-0513/AAA001_20260513_060002.wav,51.0,54.0,pycnonotus_sinensis,白头鹎,Pycnonotus sinensis,Pycnonotus sinensis_Light-vented Bulbul,0.050579,pending,,BirdNET候选；人工回听前不作为物种事实。
challenge_37e6d84a7c2eca516e53_spilopelia_chinensis_00054000,challenge_37e6d84a7c2eca516e53,2026C 0507-0513,2026-05-13T06:00:02,E:\tmp\生声不息AI挑战资料\2026_07_31_生声不息AI挑战说明\2026C 0507-0513\AAA001_20260513_060002.wav,2026C 0507-0513/AAA001_20260513_060002.wav,54.0,57.0,spilopelia_chinensis,珠颈斑鸠,Spilopelia chinensis,Streptopelia chinensis_Spotted Dove,0.419703,pending,,BirdNET候选；人工回听前不作为物种事实。
challenge_37e6d84a7c2eca516e53_spilopelia_chinensis_00057000,challenge_37e6d84a7c2eca516e53,2026C 0507-0513,2026-05-13T06:00:02,E:\tmp\生声不息AI挑战资料\2026_07_31_生声不息AI挑战说明\2026C 0507-0513\AAA001_20260513_060002.wav,2026C 0507-0513/AAA001_20260513_060002.wav,57.0,60.0,spilopelia_chinensis,珠颈斑鸠,Spilopelia chinensis,Streptopelia chinensis_Spotted Dove,0.081409,pending,,BirdNET候选；人工回听前不作为物种事实。
challenge_42679d52797810b2d926_pycnonotus_sinensis_00015000,challenge_42679d52797810b2d926,2026C 0507-0513,2026-05-13T12:00:05,E:\tmp\生声不息AI挑战资料\2026_07_31_生声不息AI挑战说明\2026C 0507-0513\AAA001_20260513_120005.wav,2026C 0507-0513/AAA001_20260513_120005.wav,15.0,18.0,pycnonotus_sinensis,白头鹎,Pycnonotus sinensis,Pycnonotus sinensis_Light-vented Bulbul,0.541638,pending,,BirdNET候选；人工回听前不作为物种事实。
challenge_42679d52797810b2d926_pycnonotus_sinensis_00030000,challenge_42679d52797810b2d926,2026C 0507-0513,2026-05-13T12:00:05,E:\tmp\生声不息AI挑战资料\2026_07_31_生声不息AI挑战说明\2026C 0507-0513\AAA001_20260513_120005.wav,2026C 0507-0513/AAA001_20260513_120005.wav,30.0,33.0,pycnonotus_sinensis,白头鹎,Pycnonotus sinensis,Pycnonotus sinensis_Light-vented Bulbul,0.195913,pending,,BirdNET候选；人工回听前不作为物种事实。
challenge_42679d52797810b2d926_pycnonotus_sinensis_00033000,challenge_42679d52797810b2d926,2026C 0507-0513,2026-05-13T12:00:05,E:\tmp\生声不息AI挑战资料\2026_07_31_生声不息AI挑战说明\2026C 0507-0513\AAA001_20260513_120005.wav,2026C 0507-0513/AAA001_20260513_120005.wav,33.0,36.0,pycnonotus_sinensis,白头鹎,Pycnonotus sinensis,Pycnonotus sinensis_Light-vented Bulbul,0.123009,pending,,BirdNET候选；人工回听前不作为物种事实。
challenge_42679d52797810b2d926_pycnonotus_sinensis_00036000,challenge_42679d52797810b2d926,2026C 0507-0513,2026-05-13T12:00:05,E:\tmp\生声不息AI挑战资料\2026_07_31_生声不息AI挑战说明\2026C 0507-0513\AAA001_20260513_120005.wav,2026C 0507-0513/AAA001_20260513_120005.wav,36.0,39.0,pycnonotus_sinensis,白头鹎,Pycnonotus sinensis,Pycnonotus sinensis_Light-vented Bulbul,0.136033,pending,,BirdNET候选；人工回听前不作为物种事实。
challenge_42679d52797810b2d926_pycnonotus_sinensis_00039000,challenge_42679d52797810b2d926,2026C 0507-0513,2026-05-13T12:00:05,E:\tmp\生声不息AI挑战资料\2026_07_31_生声不息AI挑战说明\2026C 0507-0513\AAA001_20260513_120005.wav,2026C 0507-0513/AAA001_20260513_120005.wav,39.0,42.0,pycnonotus_sinensis,白头鹎,Pycnonotus sinensis,Pycnonotus sinensis_Light-vented Bulbul,0.087999,pending,,BirdNET候选；人工回听前不作为物种事实。
challenge_42679d52797810b2d926_pycnonotus_sinensis_00042000,challenge_42679d52797810b2d926,2026C 0507-0513,2026-05-13T12:00:05,E:\tmp\生声不息AI挑战资料\2026_07_31_生声不息AI挑战说明\2026C 0507-0513\AAA001_20260513_120005.wav,2026C 0507-0513/AAA001_20260513_120005.wav,42.0,45.0,pycnonotus_sinensis,白头鹎,Pycnonotus sinensis,Pycnonotus sinensis_Light-vented Bulbul,0.055991,pending,,BirdNET候选；人工回听前不作为物种事实。
challenge_42679d52797810b2d926_pycnonotus_sinensis_00045000,challenge_42679d52797810b2d926,2026C 0507-0513,2026-05-13T12:00:05,E:\tmp\生声不息AI挑战资料\2026_07_31_生声不息AI挑战说明\2026C 0507-0513\AAA001_20260513_120005.wav,2026C 0507-0513/AAA001_20260513_120005.wav,45.0,48.0,pycnonotus_sinensis,白头鹎,Pycnonotus sinensis,Pycnonotus sinensis_Light-vented Bulbul,0.191289,pending,,BirdNET候选；人工回听前不作为物种事实。
challenge_42679d52797810b2d926_pycnonotus_sinensis_00048000,challenge_42679d52797810b2d926,2026C 0507-0513,2026-05-13T12:00:05,E:\tmp\生声不息AI挑战资料\2026_07_31_生声不息AI挑战说明\2026C 0507-0513\AAA001_20260513_120005.wav,2026C 0507-0513/AAA001_20260513_120005.wav,48.0,51.0,pycnonotus_sinensis,白头鹎,Pycnonotus sinensis,Pycnonotus sinensis_Light-vented Bulbul,0.165187,pending,,BirdNET候选；人工回听前不作为物种事实。
challenge_42679d52797810b2d926_horornis_fortipes_00048000,challenge_42679d52797810b2d926,2026C 0507-0513,2026-05-13T12:00:05,E:\tmp\生声不息AI挑战资料\2026_07_31_生声不息AI挑战说明\2026C 0507-0513\AAA001_20260513_120005.wav,2026C 0507-0513/AAA001_20260513_120005.wav,48.0,51.0,horornis_fortipes,强脚树莺,Horornis fortipes,Horornis fortipes_Brownish-flanked Bush Warbler,0.0691,pending,,BirdNET候选；人工回听前不作为物种事实。
challenge_42679d52797810b2d926_pycnonotus_sinensis_00051000,challenge_42679d52797810b2d926,2026C 0507-0513,2026-05-13T12:00:05,E:\tmp\生声不息AI挑战资料\2026_07_31_生声不息AI挑战说明\2026C 0507-0513\AAA001_20260513_120005.wav,2026C 0507-0513/AAA001_20260513_120005.wav,51.0,54.0,pycnonotus_sinensis,白头鹎,Pycnonotus sinensis,Pycnonotus sinensis_Light-vented Bulbul,0.326535,pending,,BirdNET候选；人工回听前不作为物种事实。
challenge_42679d52797810b2d926_pycnonotus_sinensis_00054000,challenge_42679d52797810b2d926,2026C 0507-0513,2026-05-13T12:00:05,E:\tmp\生声不息AI挑战资料\2026_07_31_生声不息AI挑战说明\2026C 0507-0513\AAA001_20260513_120005.wav,2026C 0507-0513/AAA001_20260513_120005.wav,54.0,57.0,pycnonotus_sinensis,白头鹎,Pycnonotus sinensis,Pycnonotus sinensis_Light-vented Bulbul,0.285087,pending,,BirdNET候选；人工回听前不作为物种事实。
challenge_42679d52797810b2d926_pycnonotus_sinensis_00057000,challenge_42679d52797810b2d926,2026C 0507-0513,2026-05-13T12:00:05,E:\tmp\生声不息AI挑战资料\2026_07_31_生声不息AI挑战说明\2026C 0507-0513\AAA001_20260513_120005.wav,2026C 0507-0513/AAA001_20260513_120005.wav,57.0,60.0,pycnonotus_sinensis,白头鹎,Pycnonotus sinensis,Pycnonotus sinensis_Light-vented Bulbul,0.159852,pending,,BirdNET候选；人工回听前不作为物种事实。
challenge_42679d52797810b2d926_horornis_fortipes_00057000,challenge_42679d52797810b2d926,2026C 0507-0513,2026-05-13T12:00:05,E:\tmp\生声不息AI挑战资料\2026_07_31_生声不息AI挑战说明\2026C 0507-0513\AAA001_20260513_120005.wav,2026C 0507-0513/AAA001_20260513_120005.wav,57.0,60.0,horornis_fortipes,强脚树莺,Horornis fortipes,Horornis fortipes_Brownish-flanked Bush Warbler,0.072873,pending,,BirdNET候选；人工回听前不作为物种事实。
challenge_42679d52797810b2d926_lanius_schach_00057000,challenge_42679d52797810b2d926,2026C 0507-0513,2026-05-13T12:00:05,E:\tmp\生声不息AI挑战资料\2026_07_31_生声不息AI挑战说明\2026C 0507-0513\AAA001_20260513_120005.wav,2026C 0507-0513/AAA001_20260513_120005.wav,57.0,60.0,lanius_schach,棕背伯劳,Lanius schach,Lanius schach_Long-tailed Shrike,0.06974,pending,,BirdNET候选；人工回听前不作为物种事实。
challenge_320d82959c07b3d9eee6_pycnonotus_sinensis_00027000,challenge_320d82959c07b3d9eee6,2026D 0614-0608,2026-06-09T06:00:01,E:\tmp\生声不息AI挑战资料\2026_07_31_生声不息AI挑战说明\2026D 0614-0608\AAA001_20260609_060001.wav,2026D 0614-0608/AAA001_20260609_060001.wav,27.0,30.0,pycnonotus_sinensis,白头鹎,Pycnonotus sinensis,Pycnonotus sinensis_Light-vented Bulbul,0.082429,pending,,BirdNET候选；人工回听前不作为物种事实。
challenge_320d82959c07b3d9eee6_pycnonotus_sinensis_00051000,challenge_320d82959c07b3d9eee6,2026D 0614-0608,2026-06-09T06:00:01,E:\tmp\生声不息AI挑战资料\2026_07_31_生声不息AI挑战说明\2026D 0614-0608\AAA001_20260609_060001.wav,2026D 0614-0608/AAA001_20260609_060001.wav,51.0,54.0,pycnonotus_sinensis,白头鹎,Pycnonotus sinensis,Pycnonotus sinensis_Light-vented Bulbul,0.127954,pending,,BirdNET候选；人工回听前不作为物种事实。
challenge_320d82959c07b3d9eee6_pycnonotus_sinensis_00054000,challenge_320d82959c07b3d9eee6,2026D 0614-0608,2026-06-09T06:00:01,E:\tmp\生声不息AI挑战资料\2026_07_31_生声不息AI挑战说明\2026D 0614-0608\AAA001_20260609_060001.wav,2026D 0614-0608/AAA001_20260609_060001.wav,54.0,57.0,pycnonotus_sinensis,白头鹎,Pycnonotus sinensis,Pycnonotus sinensis_Light-vented Bulbul,0.160488,pending,,BirdNET候选；人工回听前不作为物种事实。
challenge_1c49da9b4f83f86d432e_pycnonotus_sinensis_00009000,challenge_1c49da9b4f83f86d432e,2026D 0614-0608,2026-06-09T11:40:01,E:\tmp\生声不息AI挑战资料\2026_07_31_生声不息AI挑战说明\2026D 0614-0608\AAA001_20260609_114001.wav,2026D 0614-0608/AAA001_20260609_114001.wav,9.0,12.0,pycnonotus_sinensis,白头鹎,Pycnonotus sinensis,Pycnonotus sinensis_Light-vented Bulbul,0.157321,pending,,BirdNET候选；人工回听前不作为物种事实。
challenge_1c49da9b4f83f86d432e_pycnonotus_sinensis_00012000,challenge_1c49da9b4f83f86d432e,2026D 0614-0608,2026-06-09T11:40:01,E:\tmp\生声不息AI挑战资料\2026_07_31_生声不息AI挑战说明\2026D 0614-0608\AAA001_20260609_114001.wav,2026D 0614-0608/AAA001_20260609_114001.wav,12.0,15.0,pycnonotus_sinensis,白头鹎,Pycnonotus sinensis,Pycnonotus sinensis_Light-vented Bulbul,0.144406,pending,,BirdNET候选；人工回听前不作为物种事实。
challenge_1c49da9b4f83f86d432e_pycnonotus_sinensis_00039000,challenge_1c49da9b4f83f86d432e,2026D 0614-0608,2026-06-09T11:40:01,E:\tmp\生声不息AI挑战资料\2026_07_31_生声不息AI挑战说明\2026D 0614-0608\AAA001_20260609_114001.wav,2026D 0614-0608/AAA001_20260609_114001.wav,39.0,42.0,pycnonotus_sinensis,白头鹎,Pycnonotus sinensis,Pycnonotus sinensis_Light-vented Bulbul,0.203589,pending,,BirdNET候选；人工回听前不作为物种事实。
challenge_1c49da9b4f83f86d432e_pycnonotus_sinensis_00042000,challenge_1c49da9b4f83f86d432e,2026D 0614-0608,2026-06-09T11:40:01,E:\tmp\生声不息AI挑战资料\2026_07_31_生声不息AI挑战说明\2026D 0614-0608\AAA001_20260609_114001.wav,2026D 0614-0608/AAA001_20260609_114001.wav,42.0,45.0,pycnonotus_sinensis,白头鹎,Pycnonotus sinensis,Pycnonotus sinensis_Light-vented Bulbul,0.191459,pending,,BirdNET候选；人工回听前不作为物种事实。
challenge_1c49da9b4f83f86d432e_pycnonotus_sinensis_00045000,challenge_1c49da9b4f83f86d432e,2026D 0614-0608,2026-06-09T11:40:01,E:\tmp\生声不息AI挑战资料\2026_07_31_生声不息AI挑战说明\2026D 0614-0608\AAA001_20260609_114001.wav,2026D 0614-0608/AAA001_20260609_114001.wav,45.0,48.0,pycnonotus_sinensis,白头鹎,Pycnonotus sinensis,Pycnonotus sinensis_Light-vented Bulbul,0.076112,pending,,BirdNET候选；人工回听前不作为物种事实。
challenge_1c49da9b4f83f86d432e_pycnonotus_sinensis_00048000,challenge_1c49da9b4f83f86d432e,2026D 0614-0608,2026-06-09T11:40:01,E:\tmp\生声不息AI挑战资料\2026_07_31_生声不息AI挑战说明\2026D 0614-0608\AAA001_20260609_114001.wav,2026D 0614-0608/AAA001_20260609_114001.wav,48.0,51.0,pycnonotus_sinensis,白头鹎,Pycnonotus sinensis,Pycnonotus sinensis_Light-vented Bulbul,0.152473,pending,,BirdNET候选；人工回听前不作为物种事实。
challenge_1c49da9b4f83f86d432e_pycnonotus_sinensis_00051000,challenge_1c49da9b4f83f86d432e,2026D 0614-0608,2026-06-09T11:40:01,E:\tmp\生声不息AI挑战资料\2026_07_31_生声不息AI挑战说明\2026D 0614-0608\AAA001_20260609_114001.wav,2026D 0614-0608/AAA001_20260609_114001.wav,51.0,54.0,pycnonotus_sinensis,白头鹎,Pycnonotus sinensis,Pycnonotus sinensis_Light-vented Bulbul,0.186878,pending,,BirdNET候选；人工回听前不作为物种事实。
challenge_aaa707158fee142ed6e8_pycnonotus_sinensis_00009000,challenge_aaa707158fee142ed6e8,2026D 0614-0608,2026-06-09T17:15:02,E:\tmp\生声不息AI挑战资料\2026_07_31_生声不息AI挑战说明\2026D 0614-0608\AAA001_20260609_171502.wav,2026D 0614-0608/AAA001_20260609_171502.wav,9.0,12.0,pycnonotus_sinensis,白头鹎,Pycnonotus sinensis,Pycnonotus sinensis_Light-vented Bulbul,0.267894,pending,,BirdNET候选；人工回听前不作为物种事实。
challenge_aaa707158fee142ed6e8_pycnonotus_sinensis_00051000,challenge_aaa707158fee142ed6e8,2026D 0614-0608,2026-06-09T17:15:02,E:\tmp\生声不息AI挑战资料\2026_07_31_生声不息AI挑战说明\2026D 0614-0608\AAA001_20260609_171502.wav,2026D 0614-0608/AAA001_20260609_171502.wav,51.0,54.0,pycnonotus_sinensis,白头鹎,Pycnonotus sinensis,Pycnonotus sinensis_Light-vented Bulbul,0.051322,pending,,BirdNET候选；人工回听前不作为物种事实。
challenge_81ac4bb9799e4ae70fb7_pycnonotus_sinensis_00000000,challenge_81ac4bb9799e4ae70fb7,2026D 0614-0608,2026-06-10T05:25:06,E:\tmp\生声不息AI挑战资料\2026_07_31_生声不息AI挑战说明\2026D 0614-0608\AAA001_20260610_052506.wav,2026D 0614-0608/AAA001_20260610_052506.wav,0.0,3.0,pycnonotus_sinensis,白头鹎,Pycnonotus sinensis,Pycnonotus sinensis_Light-vented Bulbul,0.09833,pending,,BirdNET候选；人工回听前不作为物种事实。
challenge_81ac4bb9799e4ae70fb7_pycnonotus_sinensis_00006000,challenge_81ac4bb9799e4ae70fb7,2026D 0614-0608,2026-06-10T05:25:06,E:\tmp\生声不息AI挑战资料\2026_07_31_生声不息AI挑战说明\2026D 0614-0608\AAA001_20260610_052506.wav,2026D 0614-0608/AAA001_20260610_052506.wav,6.0,9.0,pycnonotus_sinensis,白头鹎,Pycnonotus sinensis,Pycnonotus sinensis_Light-vented Bulbul,0.105821,pending,,BirdNET候选；人工回听前不作为物种事实。
challenge_81ac4bb9799e4ae70fb7_pycnonotus_sinensis_00009000,challenge_81ac4bb9799e4ae70fb7,2026D 0614-0608,2026-06-10T05:25:06,E:\tmp\生声不息AI挑战资料\2026_07_31_生声不息AI挑战说明\2026D 0614-0608\AAA001_20260610_052506.wav,2026D 0614-0608/AAA001_20260610_052506.wav,9.0,12.0,pycnonotus_sinensis,白头鹎,Pycnonotus sinensis,Pycnonotus sinensis_Light-vented Bulbul,0.144106,pending,,BirdNET候选；人工回听前不作为物种事实。
challenge_81ac4bb9799e4ae70fb7_pycnonotus_sinensis_00015000,challenge_81ac4bb9799e4ae70fb7,2026D 0614-0608,2026-06-10T05:25:06,E:\tmp\生声不息AI挑战资料\2026_07_31_生声不息AI挑战说明\2026D 0614-0608\AAA001_20260610_052506.wav,2026D 0614-0608/AAA001_20260610_052506.wav,15.0,18.0,pycnonotus_sinensis,白头鹎,Pycnonotus sinensis,Pycnonotus sinensis_Light-vented Bulbul,0.294658,pending,,BirdNET候选；人工回听前不作为物种事实。
challenge_81ac4bb9799e4ae70fb7_pycnonotus_sinensis_00018000,challenge_81ac4bb9799e4ae70fb7,2026D 0614-0608,2026-06-10T05:25:06,E:\tmp\生声不息AI挑战资料\2026_07_31_生声不息AI挑战说明\2026D 0614-0608\AAA001_20260610_052506.wav,2026D 0614-0608/AAA001_20260610_052506.wav,18.0,21.0,pycnonotus_sinensis,白头鹎,Pycnonotus sinensis,Pycnonotus sinensis_Light-vented Bulbul,0.074123,pending,,BirdNET候选；人工回听前不作为物种事实。
challenge_81ac4bb9799e4ae70fb7_horornis_fortipes_00018000,challenge_81ac4bb9799e4ae70fb7,2026D 0614-0608,2026-06-10T05:25:06,E:\tmp\生声不息AI挑战资料\2026_07_31_生声不息AI挑战说明\2026D 0614-0608\AAA001_20260610_052506.wav,2026D 0614-0608/AAA001_20260610_052506.wav,18.0,21.0,horornis_fortipes,强脚树莺,Horornis fortipes,Horornis fortipes_Brownish-flanked Bush Warbler,0.063351,pending,,BirdNET候选；人工回听前不作为物种事实。
challenge_81ac4bb9799e4ae70fb7_pycnonotus_sinensis_00042000,challenge_81ac4bb9799e4ae70fb7,2026D 0614-0608,2026-06-10T05:25:06,E:\tmp\生声不息AI挑战资料\2026_07_31_生声不息AI挑战说明\2026D 0614-0608\AAA001_20260610_052506.wav,2026D 0614-0608/AAA001_20260610_052506.wav,42.0,45.0,pycnonotus_sinensis,白头鹎,Pycnonotus sinensis,Pycnonotus sinensis_Light-vented Bulbul,0.137841,pending,,BirdNET候选；人工回听前不作为物种事实。
challenge_81ac4bb9799e4ae70fb7_pycnonotus_sinensis_00051000,challenge_81ac4bb9799e4ae70fb7,2026D 0614-0608,2026-06-10T05:25:06,E:\tmp\生声不息AI挑战资料\2026_07_31_生声不息AI挑战说明\2026D 0614-0608\AAA001_20260610_052506.wav,2026D 0614-0608/AAA001_20260610_052506.wav,51.0,54.0,pycnonotus_sinensis,白头鹎,Pycnonotus sinensis,Pycnonotus sinensis_Light-vented Bulbul,0.104717,pending,,BirdNET候选；人工回听前不作为物种事实。
challenge_81ac4bb9799e4ae70fb7_pycnonotus_sinensis_00054000,challenge_81ac4bb9799e4ae70fb7,2026D 0614-0608,2026-06-10T05:25:06,E:\tmp\生声不息AI挑战资料\2026_07_31_生声不息AI挑战说明\2026D 0614-0608\AAA001_20260610_052506.wav,2026D 0614-0608/AAA001_20260610_052506.wav,54.0,57.0,pycnonotus_sinensis,白头鹎,Pycnonotus sinensis,Pycnonotus sinensis_Light-vented Bulbul,0.058862,pending,,BirdNET候选；人工回听前不作为物种事实。
challenge_81ac4bb9799e4ae70fb7_pycnonotus_sinensis_00057000,challenge_81ac4bb9799e4ae70fb7,2026D 0614-0608,2026-06-10T05:25:06,E:\tmp\生声不息AI挑战资料\2026_07_31_生声不息AI挑战说明\2026D 0614-0608\AAA001_20260610_052506.wav,2026D 0614-0608/AAA001_20260610_052506.wav,57.0,60.0,pycnonotus_sinensis,白头鹎,Pycnonotus sinensis,Pycnonotus sinensis_Light-vented Bulbul,0.092056,pending,,BirdNET候选；人工回听前不作为物种事实。
challenge_0b61617afd42cbadb8dd_pycnonotus_sinensis_00000000,challenge_0b61617afd42cbadb8dd,2026D 0614-0608,2026-06-10T11:00:03,E:\tmp\生声不息AI挑战资料\2026_07_31_生声不息AI挑战说明\2026D 0614-0608\AAA001_20260610_110003.wav,2026D 0614-0608/AAA001_20260610_110003.wav,0.0,3.0,pycnonotus_sinensis,白头鹎,Pycnonotus sinensis,Pycnonotus sinensis_Light-vented Bulbul,0.066016,pending,,BirdNET候选；人工回听前不作为物种事实。
challenge_0b61617afd42cbadb8dd_pycnonotus_sinensis_00012000,challenge_0b61617afd42cbadb8dd,2026D 0614-0608,2026-06-10T11:00:03,E:\tmp\生声不息AI挑战资料\2026_07_31_生声不息AI挑战说明\2026D 0614-0608\AAA001_20260610_110003.wav,2026D 0614-0608/AAA001_20260610_110003.wav,12.0,15.0,pycnonotus_sinensis,白头鹎,Pycnonotus sinensis,Pycnonotus sinensis_Light-vented Bulbul,0.060798,pending,,BirdNET候选；人工回听前不作为物种事实。
challenge_0b61617afd42cbadb8dd_pycnonotus_sinensis_00015000,challenge_0b61617afd42cbadb8dd,2026D 0614-0608,2026-06-10T11:00:03,E:\tmp\生声不息AI挑战资料\2026_07_31_生声不息AI挑战说明\2026D 0614-0608\AAA001_20260610_110003.wav,2026D 0614-0608/AAA001_20260610_110003.wav,15.0,18.0,pycnonotus_sinensis,白头鹎,Pycnonotus sinensis,Pycnonotus sinensis_Light-vented Bulbul,0.201851,pending,,BirdNET候选；人工回听前不作为物种事实。
challenge_0b61617afd42cbadb8dd_pycnonotus_sinensis_00018000,challenge_0b61617afd42cbadb8dd,2026D 0614-0608,2026-06-10T11:00:03,E:\tmp\生声不息AI挑战资料\2026_07_31_生声不息AI挑战说明\2026D 0614-0608\AAA001_20260610_110003.wav,2026D 0614-0608/AAA001_20260610_110003.wav,18.0,21.0,pycnonotus_sinensis,白头鹎,Pycnonotus sinensis,Pycnonotus sinensis_Light-vented Bulbul,0.160726,pending,,BirdNET候选；人工回听前不作为物种事实。
challenge_0b61617afd42cbadb8dd_pycnonotus_sinensis_00027000,challenge_0b61617afd42cbadb8dd,2026D 0614-0608,2026-06-10T11:00:03,E:\tmp\生声不息AI挑战资料\2026_07_31_生声不息AI挑战说明\2026D 0614-0608\AAA001_20260610_110003.wav,2026D 0614-0608/AAA001_20260610_110003.wav,27.0,30.0,pycnonotus_sinensis,白头鹎,Pycnonotus sinensis,Pycnonotus sinensis_Light-vented Bulbul,0.361136,pending,,BirdNET候选；人工回听前不作为物种事实。
challenge_0b61617afd42cbadb8dd_pycnonotus_sinensis_00033000,challenge_0b61617afd42cbadb8dd,2026D 0614-0608,2026-06-10T11:00:03,E:\tmp\生声不息AI挑战资料\2026_07_31_生声不息AI挑战说明\2026D 0614-0608\AAA001_20260610_110003.wav,2026D 0614-0608/AAA001_20260610_110003.wav,33.0,36.0,pycnonotus_sinensis,白头鹎,Pycnonotus sinensis,Pycnonotus sinensis_Light-vented Bulbul,0.069224,pending,,BirdNET候选；人工回听前不作为物种事实。
challenge_0b61617afd42cbadb8dd_pycnonotus_sinensis_00036000,challenge_0b61617afd42cbadb8dd,2026D 0614-0608,2026-06-10T11:00:03,E:\tmp\生声不息AI挑战资料\2026_07_31_生声不息AI挑战说明\2026D 0614-0608\AAA001_20260610_110003.wav,2026D 0614-0608/AAA001_20260610_110003.wav,36.0,39.0,pycnonotus_sinensis,白头鹎,Pycnonotus sinensis,Pycnonotus sinensis_Light-vented Bulbul,0.130152,pending,,BirdNET候选；人工回听前不作为物种事实。
challenge_0b61617afd42cbadb8dd_pycnonotus_sinensis_00048000,challenge_0b61617afd42cbadb8dd,2026D 0614-0608,2026-06-10T11:00:03,E:\tmp\生声不息AI挑战资料\2026_07_31_生声不息AI挑战说明\2026D 0614-0608\AAA001_20260610_110003.wav,2026D 0614-0608/AAA001_20260610_110003.wav,48.0,51.0,pycnonotus_sinensis,白头鹎,Pycnonotus sinensis,Pycnonotus sinensis_Light-vented Bulbul,0.057296,pending,,BirdNET候选；人工回听前不作为物种事实。
challenge_0b61617afd42cbadb8dd_pycnonotus_sinensis_00051000,challenge_0b61617afd42cbadb8dd,2026D 0614-0608,2026-06-10T11:00:03,E:\tmp\生声不息AI挑战资料\2026_07_31_生声不息AI挑战说明\2026D 0614-0608\AAA001_20260610_110003.wav,2026D 0614-0608/AAA001_20260610_110003.wav,51.0,54.0,pycnonotus_sinensis,白头鹎,Pycnonotus sinensis,Pycnonotus sinensis_Light-vented Bulbul,0.084459,pending,,BirdNET候选；人工回听前不作为物种事实。
challenge_bc59fbee99f95dc7e220_pycnonotus_sinensis_00015000,challenge_bc59fbee99f95dc7e220,2026D 0614-0608,2026-06-11T10:25:03,E:\tmp\生声不息AI挑战资料\2026_07_31_生声不息AI挑战说明\2026D 0614-0608\AAA001_20260611_102503.wav,2026D 0614-0608/AAA001_20260611_102503.wav,15.0,18.0,pycnonotus_sinensis,白头鹎,Pycnonotus sinensis,Pycnonotus sinensis_Light-vented Bulbul,0.226399,pending,,BirdNET候选；人工回听前不作为物种事实。
challenge_bc59fbee99f95dc7e220_pycnonotus_sinensis_00021000,challenge_bc59fbee99f95dc7e220,2026D 0614-0608,2026-06-11T10:25:03,E:\tmp\生声不息AI挑战资料\2026_07_31_生声不息AI挑战说明\2026D 0614-0608\AAA001_20260611_102503.wav,2026D 0614-0608/AAA001_20260611_102503.wav,21.0,24.0,pycnonotus_sinensis,白头鹎,Pycnonotus sinensis,Pycnonotus sinensis_Light-vented Bulbul,0.160904,pending,,BirdNET候选；人工回听前不作为物种事实。
challenge_bc59fbee99f95dc7e220_pycnonotus_sinensis_00024000,challenge_bc59fbee99f95dc7e220,2026D 0614-0608,2026-06-11T10:25:03,E:\tmp\生声不息AI挑战资料\2026_07_31_生声不息AI挑战说明\2026D 0614-0608\AAA001_20260611_102503.wav,2026D 0614-0608/AAA001_20260611_102503.wav,24.0,27.0,pycnonotus_sinensis,白头鹎,Pycnonotus sinensis,Pycnonotus sinensis_Light-vented Bulbul,0.170859,pending,,BirdNET候选；人工回听前不作为物种事实。
challenge_bc59fbee99f95dc7e220_pycnonotus_sinensis_00048000,challenge_bc59fbee99f95dc7e220,2026D 0614-0608,2026-06-11T10:25:03,E:\tmp\生声不息AI挑战资料\2026_07_31_生声不息AI挑战说明\2026D 0614-0608\AAA001_20260611_102503.wav,2026D 0614-0608/AAA001_20260611_102503.wav,48.0,51.0,pycnonotus_sinensis,白头鹎,Pycnonotus sinensis,Pycnonotus sinensis_Light-vented Bulbul,0.281814,pending,,BirdNET候选；人工回听前不作为物种事实。
challenge_bc59fbee99f95dc7e220_pycnonotus_sinensis_00054000,challenge_bc59fbee99f95dc7e220,2026D 0614-0608,2026-06-11T10:25:03,E:\tmp\生声不息AI挑战资料\2026_07_31_生声不息AI挑战说明\2026D 0614-0608\AAA001_20260611_102503.wav,2026D 0614-0608/AAA001_20260611_102503.wav,54.0,57.0,pycnonotus_sinensis,白头鹎,Pycnonotus sinensis,Pycnonotus sinensis_Light-vented Bulbul,0.091856,pending,,BirdNET候选；人工回听前不作为物种事实。
challenge_08fe3d110cb84a5ce3b0_pycnonotus_sinensis_00003000,challenge_08fe3d110cb84a5ce3b0,2026D 0614-0608,2026-06-11T16:00:05,E:\tmp\生声不息AI挑战资料\2026_07_31_生声不息AI挑战说明\2026D 0614-0608\AAA001_20260611_160005.wav,2026D 0614-0608/AAA001_20260611_160005.wav,3.0,6.0,pycnonotus_sinensis,白头鹎,Pycnonotus sinensis,Pycnonotus sinensis_Light-vented Bulbul,0.147637,pending,,BirdNET候选；人工回听前不作为物种事实。
challenge_08fe3d110cb84a5ce3b0_pycnonotus_sinensis_00006000,challenge_08fe3d110cb84a5ce3b0,2026D 0614-0608,2026-06-11T16:00:05,E:\tmp\生声不息AI挑战资料\2026_07_31_生声不息AI挑战说明\2026D 0614-0608\AAA001_20260611_160005.wav,2026D 0614-0608/AAA001_20260611_160005.wav,6.0,9.0,pycnonotus_sinensis,白头鹎,Pycnonotus sinensis,Pycnonotus sinensis_Light-vented Bulbul,0.171066,pending,,BirdNET候选；人工回听前不作为物种事实。
challenge_08fe3d110cb84a5ce3b0_pycnonotus_sinensis_00009000,challenge_08fe3d110cb84a5ce3b0,2026D 0614-0608,2026-06-11T16:00:05,E:\tmp\生声不息AI挑战资料\2026_07_31_生声不息AI挑战说明\2026D 0614-0608\AAA001_20260611_160005.wav,2026D 0614-0608/AAA001_20260611_160005.wav,9.0,12.0,pycnonotus_sinensis,白头鹎,Pycnonotus sinensis,Pycnonotus sinensis_Light-vented Bulbul,0.098844,pending,,BirdNET候选；人工回听前不作为物种事实。
challenge_08fe3d110cb84a5ce3b0_pycnonotus_sinensis_00018000,challenge_08fe3d110cb84a5ce3b0,2026D 0614-0608,2026-06-11T16:00:05,E:\tmp\生声不息AI挑战资料\2026_07_31_生声不息AI挑战说明\2026D 0614-0608\AAA001_20260611_160005.wav,2026D 0614-0608/AAA001_20260611_160005.wav,18.0,21.0,pycnonotus_sinensis,白头鹎,Pycnonotus sinensis,Pycnonotus sinensis_Light-vented Bulbul,0.052688,pending,,BirdNET候选；人工回听前不作为物种事实。
challenge_08fe3d110cb84a5ce3b0_pycnonotus_sinensis_00024000,challenge_08fe3d110cb84a5ce3b0,2026D 0614-0608,2026-06-11T16:00:05,E:\tmp\生声不息AI挑战资料\2026_07_31_生声不息AI挑战说明\2026D 0614-0608\AAA001_20260611_160005.wav,2026D 0614-0608/AAA001_20260611_160005.wav,24.0,27.0,pycnonotus_sinensis,白头鹎,Pycnonotus sinensis,Pycnonotus sinensis_Light-vented Bulbul,0.052627,pending,,BirdNET候选；人工回听前不作为物种事实。
challenge_08fe3d110cb84a5ce3b0_pycnonotus_sinensis_00045000,challenge_08fe3d110cb84a5ce3b0,2026D 0614-0608,2026-06-11T16:00:05,E:\tmp\生声不息AI挑战资料\2026_07_31_生声不息AI挑战说明\2026D 0614-0608\AAA001_20260611_160005.wav,2026D 0614-0608/AAA001_20260611_160005.wav,45.0,48.0,pycnonotus_sinensis,白头鹎,Pycnonotus sinensis,Pycnonotus sinensis_Light-vented Bulbul,0.097173,pending,,BirdNET候选；人工回听前不作为物种事实。
challenge_08fe3d110cb84a5ce3b0_pycnonotus_sinensis_00051000,challenge_08fe3d110cb84a5ce3b0,2026D 0614-0608,2026-06-11T16:00:05,E:\tmp\生声不息AI挑战资料\2026_07_31_生声不息AI挑战说明\2026D 0614-0608\AAA001_20260611_160005.wav,2026D 0614-0608/AAA001_20260611_160005.wav,51.0,54.0,pycnonotus_sinensis,白头鹎,Pycnonotus sinensis,Pycnonotus sinensis_Light-vented Bulbul,0.062814,pending,,BirdNET候选；人工回听前不作为物种事实。
challenge_08fe3d110cb84a5ce3b0_pycnonotus_sinensis_00057000,challenge_08fe3d110cb84a5ce3b0,2026D 0614-0608,2026-06-11T16:00:05,E:\tmp\生声不息AI挑战资料\2026_07_31_生声不息AI挑战说明\2026D 0614-0608\AAA001_20260611_160005.wav,2026D 0614-0608/AAA001_20260611_160005.wav,57.0,60.0,pycnonotus_sinensis,白头鹎,Pycnonotus sinensis,Pycnonotus sinensis_Light-vented Bulbul,0.087993,pending,,BirdNET候选；人工回听前不作为物种事实。
challenge_76def37228d71cdf8d91_pycnonotus_sinensis_00051000,challenge_76def37228d71cdf8d91,2026D 0614-0608,2026-06-12T16:10:06,E:\tmp\生声不息AI挑战资料\2026_07_31_生声不息AI挑战说明\2026D 0614-0608\AAA001_20260612_161006.wav,2026D 0614-0608/AAA001_20260612_161006.wav,51.0,54.0,pycnonotus_sinensis,白头鹎,Pycnonotus sinensis,Pycnonotus sinensis_Light-vented Bulbul,0.081992,pending,,BirdNET候选；人工回听前不作为物种事实。
challenge_76def37228d71cdf8d91_pycnonotus_sinensis_00054000,challenge_76def37228d71cdf8d91,2026D 0614-0608,2026-06-12T16:10:06,E:\tmp\生声不息AI挑战资料\2026_07_31_生声不息AI挑战说明\2026D 0614-0608\AAA001_20260612_161006.wav,2026D 0614-0608/AAA001_20260612_161006.wav,54.0,57.0,pycnonotus_sinensis,白头鹎,Pycnonotus sinensis,Pycnonotus sinensis_Light-vented Bulbul,0.081567,pending,,BirdNET候选；人工回听前不作为物种事实。
challenge_481e1c19750162b94441_pycnonotus_sinensis_00003000,challenge_481e1c19750162b94441,2026D 0614-0608,2026-06-13T09:55:04,E:\tmp\生声不息AI挑战资料\2026_07_31_生声不息AI挑战说明\2026D 0614-0608\AAA001_20260613_095504.wav,2026D 0614-0608/AAA001_20260613_095504.wav,3.0,6.0,pycnonotus_sinensis,白头鹎,Pycnonotus sinensis,Pycnonotus sinensis_Light-vented Bulbul,0.190405,pending,,BirdNET候选；人工回听前不作为物种事实。
challenge_481e1c19750162b94441_pycnonotus_sinensis_00027000,challenge_481e1c19750162b94441,2026D 0614-0608,2026-06-13T09:55:04,E:\tmp\生声不息AI挑战资料\2026_07_31_生声不息AI挑战说明\2026D 0614-0608\AAA001_20260613_095504.wav,2026D 0614-0608/AAA001_20260613_095504.wav,27.0,30.0,pycnonotus_sinensis,白头鹎,Pycnonotus sinensis,Pycnonotus sinensis_Light-vented Bulbul,0.132257,pending,,BirdNET候选；人工回听前不作为物种事实。
challenge_481e1c19750162b94441_pycnonotus_sinensis_00051000,challenge_481e1c19750162b94441,2026D 0614-0608,2026-06-13T09:55:04,E:\tmp\生声不息AI挑战资料\2026_07_31_生声不息AI挑战说明\2026D 0614-0608\AAA001_20260613_095504.wav,2026D 0614-0608/AAA001_20260613_095504.wav,51.0,54.0,pycnonotus_sinensis,白头鹎,Pycnonotus sinensis,Pycnonotus sinensis_Light-vented Bulbul,0.071454,pending,,BirdNET候选；人工回听前不作为物种事实。
challenge_3a98c77ff441c0059a47_spilopelia_chinensis_00000000,challenge_3a98c77ff441c0059a47,2026D 0614-0608,2026-06-14T09:15:04,E:\tmp\生声不息AI挑战资料\2026_07_31_生声不息AI挑战说明\2026D 0614-0608\AAA001_20260614_091504.wav,2026D 0614-0608/AAA001_20260614_091504.wav,0.0,3.0,spilopelia_chinensis,珠颈斑鸠,Spilopelia chinensis,Streptopelia chinensis_Spotted Dove,0.614138,pending,,BirdNET候选；人工回听前不作为物种事实。
challenge_3a98c77ff441c0059a47_pycnonotus_sinensis_00003000,challenge_3a98c77ff441c0059a47,2026D 0614-0608,2026-06-14T09:15:04,E:\tmp\生声不息AI挑战资料\2026_07_31_生声不息AI挑战说明\2026D 0614-0608\AAA001_20260614_091504.wav,2026D 0614-0608/AAA001_20260614_091504.wav,3.0,6.0,pycnonotus_sinensis,白头鹎,Pycnonotus sinensis,Pycnonotus sinensis_Light-vented Bulbul,0.129503,pending,,BirdNET候选；人工回听前不作为物种事实。
challenge_3a98c77ff441c0059a47_pica_serica_00003000,challenge_3a98c77ff441c0059a47,2026D 0614-0608,2026-06-14T09:15:04,E:\tmp\生声不息AI挑战资料\2026_07_31_生声不息AI挑战说明\2026D 0614-0608\AAA001_20260614_091504.wav,2026D 0614-0608/AAA001_20260614_091504.wav,3.0,6.0,pica_serica,喜鹊,Pica serica,Pica serica_Oriental Magpie,0.123846,pending,,BirdNET候选；人工回听前不作为物种事实。
challenge_3a98c77ff441c0059a47_spilopelia_chinensis_00003000,challenge_3a98c77ff441c0059a47,2026D 0614-0608,2026-06-14T09:15:04,E:\tmp\生声不息AI挑战资料\2026_07_31_生声不息AI挑战说明\2026D 0614-0608\AAA001_20260614_091504.wav,2026D 0614-0608/AAA001_20260614_091504.wav,3.0,6.0,spilopelia_chinensis,珠颈斑鸠,Spilopelia chinensis,Streptopelia chinensis_Spotted Dove,0.086553,pending,,BirdNET候选；人工回听前不作为物种事实。
challenge_3a98c77ff441c0059a47_spilopelia_chinensis_00006000,challenge_3a98c77ff441c0059a47,2026D 0614-0608,2026-06-14T09:15:04,E:\tmp\生声不息AI挑战资料\2026_07_31_生声不息AI挑战说明\2026D 0614-0608\AAA001_20260614_091504.wav,2026D 0614-0608/AAA001_20260614_091504.wav,6.0,9.0,spilopelia_chinensis,珠颈斑鸠,Spilopelia chinensis,Streptopelia chinensis_Spotted Dove,0.679393,pending,,BirdNET候选；人工回听前不作为物种事实。
challenge_3a98c77ff441c0059a47_pycnonotus_sinensis_00006000,challenge_3a98c77ff441c0059a47,2026D 0614-0608,2026-06-14T09:15:04,E:\tmp\生声不息AI挑战资料\2026_07_31_生声不息AI挑战说明\2026D 0614-0608\AAA001_20260614_091504.wav,2026D 0614-0608/AAA001_20260614_091504.wav,6.0,9.0,pycnonotus_sinensis,白头鹎,Pycnonotus sinensis,Pycnonotus sinensis_Light-vented Bulbul,0.132435,pending,,BirdNET候选；人工回听前不作为物种事实。
challenge_3a98c77ff441c0059a47_spilopelia_chinensis_00009000,challenge_3a98c77ff441c0059a47,2026D 0614-0608,2026-06-14T09:15:04,E:\tmp\生声不息AI挑战资料\2026_07_31_生声不息AI挑战说明\2026D 0614-0608\AAA001_20260614_091504.wav,2026D 0614-0608/AAA001_20260614_091504.wav,9.0,12.0,spilopelia_chinensis,珠颈斑鸠,Spilopelia chinensis,Streptopelia chinensis_Spotted Dove,0.806551,pending,,BirdNET候选；人工回听前不作为物种事实。
challenge_3a98c77ff441c0059a47_pycnonotus_sinensis_00009000,challenge_3a98c77ff441c0059a47,2026D 0614-0608,2026-06-14T09:15:04,E:\tmp\生声不息AI挑战资料\2026_07_31_生声不息AI挑战说明\2026D 0614-0608\AAA001_20260614_091504.wav,2026D 0614-0608/AAA001_20260614_091504.wav,9.0,12.0,pycnonotus_sinensis,白头鹎,Pycnonotus sinensis,Pycnonotus sinensis_Light-vented Bulbul,0.496158,pending,,BirdNET候选；人工回听前不作为物种事实。
challenge_3a98c77ff441c0059a47_spilopelia_chinensis_00012000,challenge_3a98c77ff441c0059a47,2026D 0614-0608,2026-06-14T09:15:04,E:\tmp\生声不息AI挑战资料\2026_07_31_生声不息AI挑战说明\2026D 0614-0608\AAA001_20260614_091504.wav,2026D 0614-0608/AAA001_20260614_091504.wav,12.0,15.0,spilopelia_chinensis,珠颈斑鸠,Spilopelia chinensis,Streptopelia chinensis_Spotted Dove,0.947398,pending,,BirdNET候选；人工回听前不作为物种事实。
challenge_3a98c77ff441c0059a47_spilopelia_chinensis_00015000,challenge_3a98c77ff441c0059a47,2026D 0614-0608,2026-06-14T09:15:04,E:\tmp\生声不息AI挑战资料\2026_07_31_生声不息AI挑战说明\2026D 0614-0608\AAA001_20260614_091504.wav,2026D 0614-0608/AAA001_20260614_091504.wav,15.0,18.0,spilopelia_chinensis,珠颈斑鸠,Spilopelia chinensis,Streptopelia chinensis_Spotted Dove,0.806186,pending,,BirdNET候选；人工回听前不作为物种事实。
challenge_3a98c77ff441c0059a47_spilopelia_chinensis_00018000,challenge_3a98c77ff441c0059a47,2026D 0614-0608,2026-06-14T09:15:04,E:\tmp\生声不息AI挑战资料\2026_07_31_生声不息AI挑战说明\2026D 0614-0608\AAA001_20260614_091504.wav,2026D 0614-0608/AAA001_20260614_091504.wav,18.0,21.0,spilopelia_chinensis,珠颈斑鸠,Spilopelia chinensis,Streptopelia chinensis_Spotted Dove,0.962358,pending,,BirdNET候选；人工回听前不作为物种事实。
challenge_3a98c77ff441c0059a47_pycnonotus_sinensis_00018000,challenge_3a98c77ff441c0059a47,2026D 0614-0608,2026-06-14T09:15:04,E:\tmp\生声不息AI挑战资料\2026_07_31_生声不息AI挑战说明\2026D 0614-0608\AAA001_20260614_091504.wav,2026D 0614-0608/AAA001_20260614_091504.wav,18.0,21.0,pycnonotus_sinensis,白头鹎,Pycnonotus sinensis,Pycnonotus sinensis_Light-vented Bulbul,0.62206,pending,,BirdNET候选；人工回听前不作为物种事实。
challenge_3a98c77ff441c0059a47_pycnonotus_sinensis_00021000,challenge_3a98c77ff441c0059a47,2026D 0614-0608,2026-06-14T09:15:04,E:\tmp\生声不息AI挑战资料\2026_07_31_生声不息AI挑战说明\2026D 0614-0608\AAA001_20260614_091504.wav,2026D 0614-0608/AAA001_20260614_091504.wav,21.0,24.0,pycnonotus_sinensis,白头鹎,Pycnonotus sinensis,Pycnonotus sinensis_Light-vented Bulbul,0.310029,pending,,BirdNET候选；人工回听前不作为物种事实。
challenge_3a98c77ff441c0059a47_pycnonotus_sinensis_00024000,challenge_3a98c77ff441c0059a47,2026D 0614-0608,2026-06-14T09:15:04,E:\tmp\生声不息AI挑战资料\2026_07_31_生声不息AI挑战说明\2026D 0614-0608\AAA001_20260614_091504.wav,2026D 0614-0608/AAA001_20260614_091504.wav,24.0,27.0,pycnonotus_sinensis,白头鹎,Pycnonotus sinensis,Pycnonotus sinensis_Light-vented Bulbul,0.059075,pending,,BirdNET候选；人工回听前不作为物种事实。
challenge_3a98c77ff441c0059a47_spilopelia_chinensis_00027000,challenge_3a98c77ff441c0059a47,2026D 0614-0608,2026-06-14T09:15:04,E:\tmp\生声不息AI挑战资料\2026_07_31_生声不息AI挑战说明\2026D 0614-0608\AAA001_20260614_091504.wav,2026D 0614-0608/AAA001_20260614_091504.wav,27.0,30.0,spilopelia_chinensis,珠颈斑鸠,Spilopelia chinensis,Streptopelia chinensis_Spotted Dove,0.458234,pending,,BirdNET候选；人工回听前不作为物种事实。
challenge_3a98c77ff441c0059a47_pycnonotus_sinensis_00027000,challenge_3a98c77ff441c0059a47,2026D 0614-0608,2026-06-14T09:15:04,E:\tmp\生声不息AI挑战资料\2026_07_31_生声不息AI挑战说明\2026D 0614-0608\AAA001_20260614_091504.wav,2026D 0614-0608/AAA001_20260614_091504.wav,27.0,30.0,pycnonotus_sinensis,白头鹎,Pycnonotus sinensis,Pycnonotus sinensis_Light-vented Bulbul,0.225898,pending,,BirdNET候选；人工回听前不作为物种事实。
challenge_3a98c77ff441c0059a47_pycnonotus_sinensis_00030000,challenge_3a98c77ff441c0059a47,2026D 0614-0608,2026-06-14T09:15:04,E:\tmp\生声不息AI挑战资料\2026_07_31_生声不息AI挑战说明\2026D 0614-0608\AAA001_20260614_091504.wav,2026D 0614-0608/AAA001_20260614_091504.wav,30.0,33.0,pycnonotus_sinensis,白头鹎,Pycnonotus sinensis,Pycnonotus sinensis_Light-vented Bulbul,0.052785,pending,,BirdNET候选；人工回听前不作为物种事实。
challenge_3a98c77ff441c0059a47_spilopelia_chinensis_00033000,challenge_3a98c77ff441c0059a47,2026D 0614-0608,2026-06-14T09:15:04,E:\tmp\生声不息AI挑战资料\2026_07_31_生声不息AI挑战说明\2026D 0614-0608\AAA001_20260614_091504.wav,2026D 0614-0608/AAA001_20260614_091504.wav,33.0,36.0,spilopelia_chinensis,珠颈斑鸠,Spilopelia chinensis,Streptopelia chinensis_Spotted Dove,0.796897,pending,,BirdNET候选；人工回听前不作为物种事实。
challenge_3a98c77ff441c0059a47_pycnonotus_sinensis_00033000,challenge_3a98c77ff441c0059a47,2026D 0614-0608,2026-06-14T09:15:04,E:\tmp\生声不息AI挑战资料\2026_07_31_生声不息AI挑战说明\2026D 0614-0608\AAA001_20260614_091504.wav,2026D 0614-0608/AAA001_20260614_091504.wav,33.0,36.0,pycnonotus_sinensis,白头鹎,Pycnonotus sinensis,Pycnonotus sinensis_Light-vented Bulbul,0.30109,pending,,BirdNET候选；人工回听前不作为物种事实。
challenge_3a98c77ff441c0059a47_pycnonotus_sinensis_00036000,challenge_3a98c77ff441c0059a47,2026D 0614-0608,2026-06-14T09:15:04,E:\tmp\生声不息AI挑战资料\2026_07_31_生声不息AI挑战说明\2026D 0614-0608\AAA001_20260614_091504.wav,2026D 0614-0608/AAA001_20260614_091504.wav,36.0,39.0,pycnonotus_sinensis,白头鹎,Pycnonotus sinensis,Pycnonotus sinensis_Light-vented Bulbul,0.139843,pending,,BirdNET候选；人工回听前不作为物种事实。
challenge_3a98c77ff441c0059a47_spilopelia_chinensis_00036000,challenge_3a98c77ff441c0059a47,2026D 0614-0608,2026-06-14T09:15:04,E:\tmp\生声不息AI挑战资料\2026_07_31_生声不息AI挑战说明\2026D 0614-0608\AAA001_20260614_091504.wav,2026D 0614-0608/AAA001_20260614_091504.wav,36.0,39.0,spilopelia_chinensis,珠颈斑鸠,Spilopelia chinensis,Streptopelia chinensis_Spotted Dove,0.080823,pending,,BirdNET候选；人工回听前不作为物种事实。
challenge_3a98c77ff441c0059a47_pycnonotus_sinensis_00039000,challenge_3a98c77ff441c0059a47,2026D 0614-0608,2026-06-14T09:15:04,E:\tmp\生声不息AI挑战资料\2026_07_31_生声不息AI挑战说明\2026D 0614-0608\AAA001_20260614_091504.wav,2026D 0614-0608/AAA001_20260614_091504.wav,39.0,42.0,pycnonotus_sinensis,白头鹎,Pycnonotus sinensis,Pycnonotus sinensis_Light-vented Bulbul,0.177882,pending,,BirdNET候选；人工回听前不作为物种事实。
challenge_3a98c77ff441c0059a47_spilopelia_chinensis_00039000,challenge_3a98c77ff441c0059a47,2026D 0614-0608,2026-06-14T09:15:04,E:\tmp\生声不息AI挑战资料\2026_07_31_生声不息AI挑战说明\2026D 0614-0608\AAA001_20260614_091504.wav,2026D 0614-0608/AAA001_20260614_091504.wav,39.0,42.0,spilopelia_chinensis,珠颈斑鸠,Spilopelia chinensis,Streptopelia chinensis_Spotted Dove,0.136115,pending,,BirdNET候选；人工回听前不作为物种事实。
challenge_3a98c77ff441c0059a47_spilopelia_chinensis_00042000,challenge_3a98c77ff441c0059a47,2026D 0614-0608,2026-06-14T09:15:04,E:\tmp\生声不息AI挑战资料\2026_07_31_生声不息AI挑战说明\2026D 0614-0608\AAA001_20260614_091504.wav,2026D 0614-0608/AAA001_20260614_091504.wav,42.0,45.0,spilopelia_chinensis,珠颈斑鸠,Spilopelia chinensis,Streptopelia chinensis_Spotted Dove,0.604549,pending,,BirdNET候选；人工回听前不作为物种事实。
challenge_3a98c77ff441c0059a47_spilopelia_chinensis_00045000,challenge_3a98c77ff441c0059a47,2026D 0614-0608,2026-06-14T09:15:04,E:\tmp\生声不息AI挑战资料\2026_07_31_生声不息AI挑战说明\2026D 0614-0608\AAA001_20260614_091504.wav,2026D 0614-0608/AAA001_20260614_091504.wav,45.0,48.0,spilopelia_chinensis,珠颈斑鸠,Spilopelia chinensis,Streptopelia chinensis_Spotted Dove,0.732703,pending,,BirdNET候选；人工回听前不作为物种事实。
challenge_3a98c77ff441c0059a47_spilopelia_chinensis_00048000,challenge_3a98c77ff441c0059a47,2026D 0614-0608,2026-06-14T09:15:04,E:\tmp\生声不息AI挑战资料\2026_07_31_生声不息AI挑战说明\2026D 0614-0608\AAA001_20260614_091504.wav,2026D 0614-0608/AAA001_20260614_091504.wav,48.0,51.0,spilopelia_chinensis,珠颈斑鸠,Spilopelia chinensis,Streptopelia chinensis_Spotted Dove,0.834452,pending,,BirdNET候选；人工回听前不作为物种事实。
challenge_3a98c77ff441c0059a47_pycnonotus_sinensis_00048000,challenge_3a98c77ff441c0059a47,2026D 0614-0608,2026-06-14T09:15:04,E:\tmp\生声不息AI挑战资料\2026_07_31_生声不息AI挑战说明\2026D 0614-0608\AAA001_20260614_091504.wav,2026D 0614-0608/AAA001_20260614_091504.wav,48.0,51.0,pycnonotus_sinensis,白头鹎,Pycnonotus sinensis,Pycnonotus sinensis_Light-vented Bulbul,0.332585,pending,,BirdNET候选；人工回听前不作为物种事实。
challenge_3a98c77ff441c0059a47_pycnonotus_sinensis_00051000,challenge_3a98c77ff441c0059a47,2026D 0614-0608,2026-06-14T09:15:04,E:\tmp\生声不息AI挑战资料\2026_07_31_生声不息AI挑战说明\2026D 0614-0608\AAA001_20260614_091504.wav,2026D 0614-0608/AAA001_20260614_091504.wav,51.0,54.0,pycnonotus_sinensis,白头鹎,Pycnonotus sinensis,Pycnonotus sinensis_Light-vented Bulbul,0.425672,pending,,BirdNET候选；人工回听前不作为物种事实。
challenge_3a98c77ff441c0059a47_pycnonotus_sinensis_00054000,challenge_3a98c77ff441c0059a47,2026D 0614-0608,2026-06-14T09:15:04,E:\tmp\生声不息AI挑战资料\2026_07_31_生声不息AI挑战说明\2026D 0614-0608\AAA001_20260614_091504.wav,2026D 0614-0608/AAA001_20260614_091504.wav,54.0,57.0,pycnonotus_sinensis,白头鹎,Pycnonotus sinensis,Pycnonotus sinensis_Light-vented Bulbul,0.666267,pending,,BirdNET候选；人工回听前不作为物种事实。
challenge_3a98c77ff441c0059a47_spilopelia_chinensis_00057000,challenge_3a98c77ff441c0059a47,2026D 0614-0608,2026-06-14T09:15:04,E:\tmp\生声不息AI挑战资料\2026_07_31_生声不息AI挑战说明\2026D 0614-0608\AAA001_20260614_091504.wav,2026D 0614-0608/AAA001_20260614_091504.wav,57.0,60.0,spilopelia_chinensis,珠颈斑鸠,Spilopelia chinensis,Streptopelia chinensis_Spotted Dove,0.701115,pending,,BirdNET候选；人工回听前不作为物种事实。
challenge_3a98c77ff441c0059a47_pycnonotus_sinensis_00057000,challenge_3a98c77ff441c0059a47,2026D 0614-0608,2026-06-14T09:15:04,E:\tmp\生声不息AI挑战资料\2026_07_31_生声不息AI挑战说明\2026D 0614-0608\AAA001_20260614_091504.wav,2026D 0614-0608/AAA001_20260614_091504.wav,57.0,60.0,pycnonotus_sinensis,白头鹎,Pycnonotus sinensis,Pycnonotus sinensis_Light-vented Bulbul,0.674655,pending,,BirdNET候选；人工回听前不作为物种事实。
challenge_ae47b7d55357760ea6ff_copsychus_saularis_00030000,challenge_ae47b7d55357760ea6ff,2026D 0614-0608,2026-06-14T14:55:05,E:\tmp\生声不息AI挑战资料\2026_07_31_生声不息AI挑战说明\2026D 0614-0608\AAA001_20260614_145505.wav,2026D 0614-0608/AAA001_20260614_145505.wav,30.0,33.0,copsychus_saularis,鹊鸲,Copsychus saularis,Copsychus saularis_Oriental Magpie-Robin,0.093284,pending,,BirdNET候选；人工回听前不作为物种事实。
