candidate_id,source,source_id,taxon_id,name_zh,scientific_name,category_id,period,captured_at,local_path,relative_path,start_seconds,end_seconds,reference_similarity,license_code,attribution,locality,split_group,valid_intervals,review_status,reviewer,reviewed_label,review_notes
cryptotympana_atrata_challenge_e2c54d6d6afdf51a4e2b_00018000,shengshengbuxi_2026_wild,cryptotympana_atrata_challenge_e2c54d6d6afdf51a4e2b_00018000,cryptotympana_atrata,黑蚱蝉,Cryptotympana atrata,insect,2026A 0116-0122,2026-01-19T17:50:01,E:\tmp\生声不息AI挑战资料\2026_07_31_生声不息AI挑战说明\2026A 0116-0122\AAA001_20260119_175001.wav,2026A 0116-0122/AAA001_20260119_175001.wav,18.0,21.0,0.737362,ORGANIZER_PROVIDED,生声不息AI挑战赛项目组,杭州固定监测位点,challenge_e2c54d6d6afdf51a4e2b,18.000-21.000,pending,,,reference retrieval; not a species detection until reviewed
cryptotympana_atrata_challenge_e2c54d6d6afdf51a4e2b_00051000,shengshengbuxi_2026_wild,cryptotympana_atrata_challenge_e2c54d6d6afdf51a4e2b_00051000,cryptotympana_atrata,黑蚱蝉,Cryptotympana atrata,insect,2026A 0116-0122,2026-01-19T17:50:01,E:\tmp\生声不息AI挑战资料\2026_07_31_生声不息AI挑战说明\2026A 0116-0122\AAA001_20260119_175001.wav,2026A 0116-0122/AAA001_20260119_175001.wav,51.0,54.0,0.702067,ORGANIZER_PROVIDED,生声不息AI挑战赛项目组,杭州固定监测位点,challenge_e2c54d6d6afdf51a4e2b,51.000-54.000,pending,,,reference retrieval; not a species detection until reviewed
cryptotympana_atrata_challenge_e2c54d6d6afdf51a4e2b_00054000,shengshengbuxi_2026_wild,cryptotympana_atrata_challenge_e2c54d6d6afdf51a4e2b_00054000,cryptotympana_atrata,黑蚱蝉,Cryptotympana atrata,insect,2026A 0116-0122,2026-01-19T17:50:01,E:\tmp\生声不息AI挑战资料\2026_07_31_生声不息AI挑战说明\2026A 0116-0122\AAA001_20260119_175001.wav,2026A 0116-0122/AAA001_20260119_175001.wav,54.0,57.0,0.69731,ORGANIZER_PROVIDED,生声不息AI挑战赛项目组,杭州固定监测位点,challenge_e2c54d6d6afdf51a4e2b,54.000-57.000,pending,,,reference retrieval; not a species detection until reviewed
cryptotympana_atrata_challenge_e2c54d6d6afdf51a4e2b_00033000,shengshengbuxi_2026_wild,cryptotympana_atrata_challenge_e2c54d6d6afdf51a4e2b_00033000,cryptotympana_atrata,黑蚱蝉,Cryptotympana atrata,insect,2026A 0116-0122,2026-01-19T17:50:01,E:\tmp\生声不息AI挑战资料\2026_07_31_生声不息AI挑战说明\2026A 0116-0122\AAA001_20260119_175001.wav,2026A 0116-0122/AAA001_20260119_175001.wav,33.0,36.0,0.695929,ORGANIZER_PROVIDED,生声不息AI挑战赛项目组,杭州固定监测位点,challenge_e2c54d6d6afdf51a4e2b,33.000-36.000,pending,,,reference retrieval; not a species detection until reviewed
cryptotympana_atrata_challenge_8bccd4a7b383c6b161ac_00057000,shengshengbuxi_2026_wild,cryptotympana_atrata_challenge_8bccd4a7b383c6b161ac_00057000,cryptotympana_atrata,黑蚱蝉,Cryptotympana atrata,insect,2026A 0116-0122,2026-01-19T23:35:05,E:\tmp\生声不息AI挑战资料\2026_07_31_生声不息AI挑战说明\2026A 0116-0122\AAA001_20260119_233505.wav,2026A 0116-0122/AAA001_20260119_233505.wav,57.0,60.0,0.69057,ORGANIZER_PROVIDED,生声不息AI挑战赛项目组,杭州固定监测位点,challenge_8bccd4a7b383c6b161ac,57.000-60.000,pending,,,reference retrieval; not a species detection until reviewed
cryptotympana_atrata_challenge_e2c54d6d6afdf51a4e2b_00045000,shengshengbuxi_2026_wild,cryptotympana_atrata_challenge_e2c54d6d6afdf51a4e2b_00045000,cryptotympana_atrata,黑蚱蝉,Cryptotympana atrata,insect,2026A 0116-0122,2026-01-19T17:50:01,E:\tmp\生声不息AI挑战资料\2026_07_31_生声不息AI挑战说明\2026A 0116-0122\AAA001_20260119_175001.wav,2026A 0116-0122/AAA001_20260119_175001.wav,45.0,48.0,0.684902,ORGANIZER_PROVIDED,生声不息AI挑战赛项目组,杭州固定监测位点,challenge_e2c54d6d6afdf51a4e2b,45.000-48.000,pending,,,reference retrieval; not a species detection until reviewed
cryptotympana_atrata_challenge_e2c54d6d6afdf51a4e2b_00027000,shengshengbuxi_2026_wild,cryptotympana_atrata_challenge_e2c54d6d6afdf51a4e2b_00027000,cryptotympana_atrata,黑蚱蝉,Cryptotympana atrata,insect,2026A 0116-0122,2026-01-19T17:50:01,E:\tmp\生声不息AI挑战资料\2026_07_31_生声不息AI挑战说明\2026A 0116-0122\AAA001_20260119_175001.wav,2026A 0116-0122/AAA001_20260119_175001.wav,27.0,30.0,0.68483,ORGANIZER_PROVIDED,生声不息AI挑战赛项目组,杭州固定监测位点,challenge_e2c54d6d6afdf51a4e2b,27.000-30.000,pending,,,reference retrieval; not a species detection until reviewed
cryptotympana_atrata_challenge_e2c54d6d6afdf51a4e2b_00042000,shengshengbuxi_2026_wild,cryptotympana_atrata_challenge_e2c54d6d6afdf51a4e2b_00042000,cryptotympana_atrata,黑蚱蝉,Cryptotympana atrata,insect,2026A 0116-0122,2026-01-19T17:50:01,E:\tmp\生声不息AI挑战资料\2026_07_31_生声不息AI挑战说明\2026A 0116-0122\AAA001_20260119_175001.wav,2026A 0116-0122/AAA001_20260119_175001.wav,42.0,45.0,0.68016,ORGANIZER_PROVIDED,生声不息AI挑战赛项目组,杭州固定监测位点,challenge_e2c54d6d6afdf51a4e2b,42.000-45.000,pending,,,reference retrieval; not a species detection until reviewed
cryptotympana_atrata_challenge_83dfc0e18e906563deaa_00051000,shengshengbuxi_2026_wild,cryptotympana_atrata_challenge_83dfc0e18e906563deaa_00051000,cryptotympana_atrata,黑蚱蝉,Cryptotympana atrata,insect,2026A 0116-0122,2026-01-21T12:05:02,E:\tmp\生声不息AI挑战资料\2026_07_31_生声不息AI挑战说明\2026A 0116-0122\AAA001_20260121_120502.wav,2026A 0116-0122/AAA001_20260121_120502.wav,51.0,54.0,0.677398,ORGANIZER_PROVIDED,生声不息AI挑战赛项目组,杭州固定监测位点,challenge_83dfc0e18e906563deaa,51.000-54.000,pending,,,reference retrieval; not a species detection until reviewed
cryptotympana_atrata_challenge_e2c54d6d6afdf51a4e2b_00015000,shengshengbuxi_2026_wild,cryptotympana_atrata_challenge_e2c54d6d6afdf51a4e2b_00015000,cryptotympana_atrata,黑蚱蝉,Cryptotympana atrata,insect,2026A 0116-0122,2026-01-19T17:50:01,E:\tmp\生声不息AI挑战资料\2026_07_31_生声不息AI挑战说明\2026A 0116-0122\AAA001_20260119_175001.wav,2026A 0116-0122/AAA001_20260119_175001.wav,15.0,18.0,0.6763,ORGANIZER_PROVIDED,生声不息AI挑战赛项目组,杭州固定监测位点,challenge_e2c54d6d6afdf51a4e2b,15.000-18.000,pending,,,reference retrieval; not a species detection until reviewed
cryptotympana_atrata_challenge_6f22075368d3dea8eb87_00051000,shengshengbuxi_2026_wild,cryptotympana_atrata_challenge_6f22075368d3dea8eb87_00051000,cryptotympana_atrata,黑蚱蝉,Cryptotympana atrata,insect,2026B 0326-0401,2026-03-31T23:45:04,E:\tmp\生声不息AI挑战资料\2026_07_31_生声不息AI挑战说明\2026B 0326-0401\AAA001_20260331_234504.wav,2026B 0326-0401/AAA001_20260331_234504.wav,51.0,54.0,0.673371,ORGANIZER_PROVIDED,生声不息AI挑战赛项目组,杭州固定监测位点,challenge_6f22075368d3dea8eb87,51.000-54.000,pending,,,reference retrieval; not a species detection until reviewed
cryptotympana_atrata_challenge_6f22075368d3dea8eb87_00012000,shengshengbuxi_2026_wild,cryptotympana_atrata_challenge_6f22075368d3dea8eb87_00012000,cryptotympana_atrata,黑蚱蝉,Cryptotympana atrata,insect,2026B 0326-0401,2026-03-31T23:45:04,E:\tmp\生声不息AI挑战资料\2026_07_31_生声不息AI挑战说明\2026B 0326-0401\AAA001_20260331_234504.wav,2026B 0326-0401/AAA001_20260331_234504.wav,12.0,15.0,0.65937,ORGANIZER_PROVIDED,生声不息AI挑战赛项目组,杭州固定监测位点,challenge_6f22075368d3dea8eb87,12.000-15.000,pending,,,reference retrieval; not a species detection until reviewed
cryptotympana_atrata_challenge_6f22075368d3dea8eb87_00003000,shengshengbuxi_2026_wild,cryptotympana_atrata_challenge_6f22075368d3dea8eb87_00003000,cryptotympana_atrata,黑蚱蝉,Cryptotympana atrata,insect,2026B 0326-0401,2026-03-31T23:45:04,E:\tmp\生声不息AI挑战资料\2026_07_31_生声不息AI挑战说明\2026B 0326-0401\AAA001_20260331_234504.wav,2026B 0326-0401/AAA001_20260331_234504.wav,3.0,6.0,0.652596,ORGANIZER_PROVIDED,生声不息AI挑战赛项目组,杭州固定监测位点,challenge_6f22075368d3dea8eb87,3.000-6.000,pending,,,reference retrieval; not a species detection until reviewed
cryptotympana_atrata_challenge_e993c012532830b45afd_00054000,shengshengbuxi_2026_wild,cryptotympana_atrata_challenge_e993c012532830b45afd_00054000,cryptotympana_atrata,黑蚱蝉,Cryptotympana atrata,insect,2026B 0326-0401,2026-03-28T23:30:03,E:\tmp\生声不息AI挑战资料\2026_07_31_生声不息AI挑战说明\2026B 0326-0401\AAA001_20260328_233003.wav,2026B 0326-0401/AAA001_20260328_233003.wav,54.0,57.0,0.647731,ORGANIZER_PROVIDED,生声不息AI挑战赛项目组,杭州固定监测位点,challenge_e993c012532830b45afd,54.000-57.000,pending,,,reference retrieval; not a species detection until reviewed
cryptotympana_atrata_challenge_6f22075368d3dea8eb87_00018000,shengshengbuxi_2026_wild,cryptotympana_atrata_challenge_6f22075368d3dea8eb87_00018000,cryptotympana_atrata,黑蚱蝉,Cryptotympana atrata,insect,2026B 0326-0401,2026-03-31T23:45:04,E:\tmp\生声不息AI挑战资料\2026_07_31_生声不息AI挑战说明\2026B 0326-0401\AAA001_20260331_234504.wav,2026B 0326-0401/AAA001_20260331_234504.wav,18.0,21.0,0.647326,ORGANIZER_PROVIDED,生声不息AI挑战赛项目组,杭州固定监测位点,challenge_6f22075368d3dea8eb87,18.000-21.000,pending,,,reference retrieval; not a species detection until reviewed
cryptotympana_atrata_challenge_e993c012532830b45afd_00018000,shengshengbuxi_2026_wild,cryptotympana_atrata_challenge_e993c012532830b45afd_00018000,cryptotympana_atrata,黑蚱蝉,Cryptotympana atrata,insect,2026B 0326-0401,2026-03-28T23:30:03,E:\tmp\生声不息AI挑战资料\2026_07_31_生声不息AI挑战说明\2026B 0326-0401\AAA001_20260328_233003.wav,2026B 0326-0401/AAA001_20260328_233003.wav,18.0,21.0,0.647146,ORGANIZER_PROVIDED,生声不息AI挑战赛项目组,杭州固定监测位点,challenge_e993c012532830b45afd,18.000-21.000,pending,,,reference retrieval; not a species detection until reviewed
cryptotympana_atrata_challenge_6f22075368d3dea8eb87_00027000,shengshengbuxi_2026_wild,cryptotympana_atrata_challenge_6f22075368d3dea8eb87_00027000,cryptotympana_atrata,黑蚱蝉,Cryptotympana atrata,insect,2026B 0326-0401,2026-03-31T23:45:04,E:\tmp\生声不息AI挑战资料\2026_07_31_生声不息AI挑战说明\2026B 0326-0401\AAA001_20260331_234504.wav,2026B 0326-0401/AAA001_20260331_234504.wav,27.0,30.0,0.643939,ORGANIZER_PROVIDED,生声不息AI挑战赛项目组,杭州固定监测位点,challenge_6f22075368d3dea8eb87,27.000-30.000,pending,,,reference retrieval; not a species detection until reviewed
cryptotympana_atrata_challenge_e993c012532830b45afd_00045000,shengshengbuxi_2026_wild,cryptotympana_atrata_challenge_e993c012532830b45afd_00045000,cryptotympana_atrata,黑蚱蝉,Cryptotympana atrata,insect,2026B 0326-0401,2026-03-28T23:30:03,E:\tmp\生声不息AI挑战资料\2026_07_31_生声不息AI挑战说明\2026B 0326-0401\AAA001_20260328_233003.wav,2026B 0326-0401/AAA001_20260328_233003.wav,45.0,48.0,0.64341,ORGANIZER_PROVIDED,生声不息AI挑战赛项目组,杭州固定监测位点,challenge_e993c012532830b45afd,45.000-48.000,pending,,,reference retrieval; not a species detection until reviewed
cryptotympana_atrata_challenge_ec1267fe3b044c3a05fd_00045000,shengshengbuxi_2026_wild,cryptotympana_atrata_challenge_ec1267fe3b044c3a05fd_00045000,cryptotympana_atrata,黑蚱蝉,Cryptotympana atrata,insect,2026B 0326-0401,2026-03-27T23:40:01,E:\tmp\生声不息AI挑战资料\2026_07_31_生声不息AI挑战说明\2026B 0326-0401\AAA001_20260327_234001.wav,2026B 0326-0401/AAA001_20260327_234001.wav,45.0,48.0,0.642855,ORGANIZER_PROVIDED,生声不息AI挑战赛项目组,杭州固定监测位点,challenge_ec1267fe3b044c3a05fd,45.000-48.000,pending,,,reference retrieval; not a species detection until reviewed
cryptotympana_atrata_challenge_e993c012532830b45afd_00003000,shengshengbuxi_2026_wild,cryptotympana_atrata_challenge_e993c012532830b45afd_00003000,cryptotympana_atrata,黑蚱蝉,Cryptotympana atrata,insect,2026B 0326-0401,2026-03-28T23:30:03,E:\tmp\生声不息AI挑战资料\2026_07_31_生声不息AI挑战说明\2026B 0326-0401\AAA001_20260328_233003.wav,2026B 0326-0401/AAA001_20260328_233003.wav,3.0,6.0,0.640844,ORGANIZER_PROVIDED,生声不息AI挑战赛项目组,杭州固定监测位点,challenge_e993c012532830b45afd,3.000-6.000,pending,,,reference retrieval; not a species detection until reviewed
cryptotympana_atrata_challenge_beffeed25e5766ead751_00048000,shengshengbuxi_2026_wild,cryptotympana_atrata_challenge_beffeed25e5766ead751_00048000,cryptotympana_atrata,黑蚱蝉,Cryptotympana atrata,insect,2026C 0507-0513,2026-05-07T23:55:05,E:\tmp\生声不息AI挑战资料\2026_07_31_生声不息AI挑战说明\2026C 0507-0513\AAA001_20260507_235505.wav,2026C 0507-0513/AAA001_20260507_235505.wav,48.0,51.0,0.707305,ORGANIZER_PROVIDED,生声不息AI挑战赛项目组,杭州固定监测位点,challenge_beffeed25e5766ead751,48.000-51.000,pending,,,reference retrieval; not a species detection until reviewed
cryptotympana_atrata_challenge_beffeed25e5766ead751_00030000,shengshengbuxi_2026_wild,cryptotympana_atrata_challenge_beffeed25e5766ead751_00030000,cryptotympana_atrata,黑蚱蝉,Cryptotympana atrata,insect,2026C 0507-0513,2026-05-07T23:55:05,E:\tmp\生声不息AI挑战资料\2026_07_31_生声不息AI挑战说明\2026C 0507-0513\AAA001_20260507_235505.wav,2026C 0507-0513/AAA001_20260507_235505.wav,30.0,33.0,0.70116,ORGANIZER_PROVIDED,生声不息AI挑战赛项目组,杭州固定监测位点,challenge_beffeed25e5766ead751,30.000-33.000,pending,,,reference retrieval; not a species detection until reviewed
cryptotympana_atrata_challenge_beffeed25e5766ead751_00042000,shengshengbuxi_2026_wild,cryptotympana_atrata_challenge_beffeed25e5766ead751_00042000,cryptotympana_atrata,黑蚱蝉,Cryptotympana atrata,insect,2026C 0507-0513,2026-05-07T23:55:05,E:\tmp\生声不息AI挑战资料\2026_07_31_生声不息AI挑战说明\2026C 0507-0513\AAA001_20260507_235505.wav,2026C 0507-0513/AAA001_20260507_235505.wav,42.0,45.0,0.694016,ORGANIZER_PROVIDED,生声不息AI挑战赛项目组,杭州固定监测位点,challenge_beffeed25e5766ead751,42.000-45.000,pending,,,reference retrieval; not a species detection until reviewed
cryptotympana_atrata_challenge_beffeed25e5766ead751_00045000,shengshengbuxi_2026_wild,cryptotympana_atrata_challenge_beffeed25e5766ead751_00045000,cryptotympana_atrata,黑蚱蝉,Cryptotympana atrata,insect,2026C 0507-0513,2026-05-07T23:55:05,E:\tmp\生声不息AI挑战资料\2026_07_31_生声不息AI挑战说明\2026C 0507-0513\AAA001_20260507_235505.wav,2026C 0507-0513/AAA001_20260507_235505.wav,45.0,48.0,0.686159,ORGANIZER_PROVIDED,生声不息AI挑战赛项目组,杭州固定监测位点,challenge_beffeed25e5766ead751,45.000-48.000,pending,,,reference retrieval; not a species detection until reviewed
cryptotympana_atrata_challenge_beffeed25e5766ead751_00024000,shengshengbuxi_2026_wild,cryptotympana_atrata_challenge_beffeed25e5766ead751_00024000,cryptotympana_atrata,黑蚱蝉,Cryptotympana atrata,insect,2026C 0507-0513,2026-05-07T23:55:05,E:\tmp\生声不息AI挑战资料\2026_07_31_生声不息AI挑战说明\2026C 0507-0513\AAA001_20260507_235505.wav,2026C 0507-0513/AAA001_20260507_235505.wav,24.0,27.0,0.677246,ORGANIZER_PROVIDED,生声不息AI挑战赛项目组,杭州固定监测位点,challenge_beffeed25e5766ead751,24.000-27.000,pending,,,reference retrieval; not a species detection until reviewed
cryptotympana_atrata_challenge_42679d52797810b2d926_00021000,shengshengbuxi_2026_wild,cryptotympana_atrata_challenge_42679d52797810b2d926_00021000,cryptotympana_atrata,黑蚱蝉,Cryptotympana atrata,insect,2026C 0507-0513,2026-05-13T12:00:05,E:\tmp\生声不息AI挑战资料\2026_07_31_生声不息AI挑战说明\2026C 0507-0513\AAA001_20260513_120005.wav,2026C 0507-0513/AAA001_20260513_120005.wav,21.0,24.0,0.637961,ORGANIZER_PROVIDED,生声不息AI挑战赛项目组,杭州固定监测位点,challenge_42679d52797810b2d926,21.000-24.000,pending,,,reference retrieval; not a species detection until reviewed
cryptotympana_atrata_challenge_095b2e911d240986586c_00000000,shengshengbuxi_2026_wild,cryptotympana_atrata_challenge_095b2e911d240986586c_00000000,cryptotympana_atrata,黑蚱蝉,Cryptotympana atrata,insect,2026C 0507-0513,2026-05-08T17:30:05,E:\tmp\生声不息AI挑战资料\2026_07_31_生声不息AI挑战说明\2026C 0507-0513\AAA001_20260508_173005.wav,2026C 0507-0513/AAA001_20260508_173005.wav,0.0,3.0,0.632246,ORGANIZER_PROVIDED,生声不息AI挑战赛项目组,杭州固定监测位点,challenge_095b2e911d240986586c,0.000-3.000,pending,,,reference retrieval; not a species detection until reviewed
cryptotympana_atrata_challenge_6342a5a4606e88c70358_00018000,shengshengbuxi_2026_wild,cryptotympana_atrata_challenge_6342a5a4606e88c70358_00018000,cryptotympana_atrata,黑蚱蝉,Cryptotympana atrata,insect,2026C 0507-0513,2026-05-09T11:40:04,E:\tmp\生声不息AI挑战资料\2026_07_31_生声不息AI挑战说明\2026C 0507-0513\AAA001_20260509_114004.wav,2026C 0507-0513/AAA001_20260509_114004.wav,18.0,21.0,0.628795,ORGANIZER_PROVIDED,生声不息AI挑战赛项目组,杭州固定监测位点,challenge_6342a5a4606e88c70358,18.000-21.000,pending,,,reference retrieval; not a species detection until reviewed
cryptotympana_atrata_challenge_6940db049e53379bc5c6_00000000,shengshengbuxi_2026_wild,cryptotympana_atrata_challenge_6940db049e53379bc5c6_00000000,cryptotympana_atrata,黑蚱蝉,Cryptotympana atrata,insect,2026C 0507-0513,2026-05-11T12:00:06,E:\tmp\生声不息AI挑战资料\2026_07_31_生声不息AI挑战说明\2026C 0507-0513\AAA001_20260511_120006.wav,2026C 0507-0513/AAA001_20260511_120006.wav,0.0,3.0,0.617643,ORGANIZER_PROVIDED,生声不息AI挑战赛项目组,杭州固定监测位点,challenge_6940db049e53379bc5c6,0.000-3.000,pending,,,reference retrieval; not a species detection until reviewed
cryptotympana_atrata_challenge_218aad6adea2abddb9ac_00054000,shengshengbuxi_2026_wild,cryptotympana_atrata_challenge_218aad6adea2abddb9ac_00054000,cryptotympana_atrata,黑蚱蝉,Cryptotympana atrata,insect,2026C 0507-0513,2026-05-12T11:50:04,E:\tmp\生声不息AI挑战资料\2026_07_31_生声不息AI挑战说明\2026C 0507-0513\AAA001_20260512_115004.wav,2026C 0507-0513/AAA001_20260512_115004.wav,54.0,57.0,0.617368,ORGANIZER_PROVIDED,生声不息AI挑战赛项目组,杭州固定监测位点,challenge_218aad6adea2abddb9ac,54.000-57.000,pending,,,reference retrieval; not a species detection until reviewed
cryptotympana_atrata_challenge_ad2230991f5c9b3295da_00036000,shengshengbuxi_2026_wild,cryptotympana_atrata_challenge_ad2230991f5c9b3295da_00036000,cryptotympana_atrata,黑蚱蝉,Cryptotympana atrata,insect,2026D 0614-0608,2026-06-09T00:00:04,E:\tmp\生声不息AI挑战资料\2026_07_31_生声不息AI挑战说明\2026D 0614-0608\AAA001_20260609_000004.wav,2026D 0614-0608/AAA001_20260609_000004.wav,36.0,39.0,0.659721,ORGANIZER_PROVIDED,生声不息AI挑战赛项目组,杭州固定监测位点,challenge_ad2230991f5c9b3295da,36.000-39.000,pending,,,reference retrieval; not a species detection until reviewed
cryptotympana_atrata_challenge_d64eb215de1a4c534025_00018000,shengshengbuxi_2026_wild,cryptotympana_atrata_challenge_d64eb215de1a4c534025_00018000,cryptotympana_atrata,黑蚱蝉,Cryptotympana atrata,insect,2026D 0614-0608,2026-06-13T15:30:05,E:\tmp\生声不息AI挑战资料\2026_07_31_生声不息AI挑战说明\2026D 0614-0608\AAA001_20260613_153005.wav,2026D 0614-0608/AAA001_20260613_153005.wav,18.0,21.0,0.647412,ORGANIZER_PROVIDED,生声不息AI挑战赛项目组,杭州固定监测位点,challenge_d64eb215de1a4c534025,18.000-21.000,pending,,,reference retrieval; not a species detection until reviewed
cryptotympana_atrata_challenge_823fe99897fbf6a888ed_00009000,shengshengbuxi_2026_wild,cryptotympana_atrata_challenge_823fe99897fbf6a888ed_00009000,cryptotympana_atrata,黑蚱蝉,Cryptotympana atrata,insect,2026D 0614-0608,2026-06-10T16:40:04,E:\tmp\生声不息AI挑战资料\2026_07_31_生声不息AI挑战说明\2026D 0614-0608\AAA001_20260610_164004.wav,2026D 0614-0608/AAA001_20260610_164004.wav,9.0,12.0,0.640339,ORGANIZER_PROVIDED,生声不息AI挑战赛项目组,杭州固定监测位点,challenge_823fe99897fbf6a888ed,9.000-12.000,pending,,,reference retrieval; not a species detection until reviewed
cryptotympana_atrata_challenge_d64eb215de1a4c534025_00039000,shengshengbuxi_2026_wild,cryptotympana_atrata_challenge_d64eb215de1a4c534025_00039000,cryptotympana_atrata,黑蚱蝉,Cryptotympana atrata,insect,2026D 0614-0608,2026-06-13T15:30:05,E:\tmp\生声不息AI挑战资料\2026_07_31_生声不息AI挑战说明\2026D 0614-0608\AAA001_20260613_153005.wav,2026D 0614-0608/AAA001_20260613_153005.wav,39.0,42.0,0.639915,ORGANIZER_PROVIDED,生声不息AI挑战赛项目组,杭州固定监测位点,challenge_d64eb215de1a4c534025,39.000-42.000,pending,,,reference retrieval; not a species detection until reviewed
cryptotympana_atrata_challenge_d64eb215de1a4c534025_00054000,shengshengbuxi_2026_wild,cryptotympana_atrata_challenge_d64eb215de1a4c534025_00054000,cryptotympana_atrata,黑蚱蝉,Cryptotympana atrata,insect,2026D 0614-0608,2026-06-13T15:30:05,E:\tmp\生声不息AI挑战资料\2026_07_31_生声不息AI挑战说明\2026D 0614-0608\AAA001_20260613_153005.wav,2026D 0614-0608/AAA001_20260613_153005.wav,54.0,57.0,0.639725,ORGANIZER_PROVIDED,生声不息AI挑战赛项目组,杭州固定监测位点,challenge_d64eb215de1a4c534025,54.000-57.000,pending,,,reference retrieval; not a species detection until reviewed
cryptotympana_atrata_challenge_823fe99897fbf6a888ed_00033000,shengshengbuxi_2026_wild,cryptotympana_atrata_challenge_823fe99897fbf6a888ed_00033000,cryptotympana_atrata,黑蚱蝉,Cryptotympana atrata,insect,2026D 0614-0608,2026-06-10T16:40:04,E:\tmp\生声不息AI挑战资料\2026_07_31_生声不息AI挑战说明\2026D 0614-0608\AAA001_20260610_164004.wav,2026D 0614-0608/AAA001_20260610_164004.wav,33.0,36.0,0.637293,ORGANIZER_PROVIDED,生声不息AI挑战赛项目组,杭州固定监测位点,challenge_823fe99897fbf6a888ed,33.000-36.000,pending,,,reference retrieval; not a species detection until reviewed
cryptotympana_atrata_challenge_823fe99897fbf6a888ed_00024000,shengshengbuxi_2026_wild,cryptotympana_atrata_challenge_823fe99897fbf6a888ed_00024000,cryptotympana_atrata,黑蚱蝉,Cryptotympana atrata,insect,2026D 0614-0608,2026-06-10T16:40:04,E:\tmp\生声不息AI挑战资料\2026_07_31_生声不息AI挑战说明\2026D 0614-0608\AAA001_20260610_164004.wav,2026D 0614-0608/AAA001_20260610_164004.wav,24.0,27.0,0.631144,ORGANIZER_PROVIDED,生声不息AI挑战赛项目组,杭州固定监测位点,challenge_823fe99897fbf6a888ed,24.000-27.000,pending,,,reference retrieval; not a species detection until reviewed
cryptotympana_atrata_challenge_823fe99897fbf6a888ed_00021000,shengshengbuxi_2026_wild,cryptotympana_atrata_challenge_823fe99897fbf6a888ed_00021000,cryptotympana_atrata,黑蚱蝉,Cryptotympana atrata,insect,2026D 0614-0608,2026-06-10T16:40:04,E:\tmp\生声不息AI挑战资料\2026_07_31_生声不息AI挑战说明\2026D 0614-0608\AAA001_20260610_164004.wav,2026D 0614-0608/AAA001_20260610_164004.wav,21.0,24.0,0.627118,ORGANIZER_PROVIDED,生声不息AI挑战赛项目组,杭州固定监测位点,challenge_823fe99897fbf6a888ed,21.000-24.000,pending,,,reference retrieval; not a species detection until reviewed
cryptotympana_atrata_challenge_76def37228d71cdf8d91_00000000,shengshengbuxi_2026_wild,cryptotympana_atrata_challenge_76def37228d71cdf8d91_00000000,cryptotympana_atrata,黑蚱蝉,Cryptotympana atrata,insect,2026D 0614-0608,2026-06-12T16:10:06,E:\tmp\生声不息AI挑战资料\2026_07_31_生声不息AI挑战说明\2026D 0614-0608\AAA001_20260612_161006.wav,2026D 0614-0608/AAA001_20260612_161006.wav,0.0,3.0,0.626859,ORGANIZER_PROVIDED,生声不息AI挑战赛项目组,杭州固定监测位点,challenge_76def37228d71cdf8d91,0.000-3.000,pending,,,reference retrieval; not a species detection until reviewed
cryptotympana_atrata_challenge_ad2230991f5c9b3295da_00024000,shengshengbuxi_2026_wild,cryptotympana_atrata_challenge_ad2230991f5c9b3295da_00024000,cryptotympana_atrata,黑蚱蝉,Cryptotympana atrata,insect,2026D 0614-0608,2026-06-09T00:00:04,E:\tmp\生声不息AI挑战资料\2026_07_31_生声不息AI挑战说明\2026D 0614-0608\AAA001_20260609_000004.wav,2026D 0614-0608/AAA001_20260609_000004.wav,24.0,27.0,0.625473,ORGANIZER_PROVIDED,生声不息AI挑战赛项目组,杭州固定监测位点,challenge_ad2230991f5c9b3295da,24.000-27.000,pending,,,reference retrieval; not a species detection until reviewed
fejervarya_multistriata_challenge_e2c54d6d6afdf51a4e2b_00033000,shengshengbuxi_2026_wild,fejervarya_multistriata_challenge_e2c54d6d6afdf51a4e2b_00033000,fejervarya_multistriata,泽陆蛙,Fejervarya multistriata,frog,2026A 0116-0122,2026-01-19T17:50:01,E:\tmp\生声不息AI挑战资料\2026_07_31_生声不息AI挑战说明\2026A 0116-0122\AAA001_20260119_175001.wav,2026A 0116-0122/AAA001_20260119_175001.wav,33.0,36.0,0.647979,ORGANIZER_PROVIDED,生声不息AI挑战赛项目组,杭州固定监测位点,challenge_e2c54d6d6afdf51a4e2b,33.000-36.000,pending,,,reference retrieval; not a species detection until reviewed
fejervarya_multistriata_challenge_e2c54d6d6afdf51a4e2b_00051000,shengshengbuxi_2026_wild,fejervarya_multistriata_challenge_e2c54d6d6afdf51a4e2b_00051000,fejervarya_multistriata,泽陆蛙,Fejervarya multistriata,frog,2026A 0116-0122,2026-01-19T17:50:01,E:\tmp\生声不息AI挑战资料\2026_07_31_生声不息AI挑战说明\2026A 0116-0122\AAA001_20260119_175001.wav,2026A 0116-0122/AAA001_20260119_175001.wav,51.0,54.0,0.643976,ORGANIZER_PROVIDED,生声不息AI挑战赛项目组,杭州固定监测位点,challenge_e2c54d6d6afdf51a4e2b,51.000-54.000,pending,,,reference retrieval; not a species detection until reviewed
fejervarya_multistriata_challenge_d072839af2a6ef73c244_00000000,shengshengbuxi_2026_wild,fejervarya_multistriata_challenge_d072839af2a6ef73c244_00000000,fejervarya_multistriata,泽陆蛙,Fejervarya multistriata,frog,2026A 0116-0122,2026-01-17T23:45:05,E:\tmp\生声不息AI挑战资料\2026_07_31_生声不息AI挑战说明\2026A 0116-0122\AAA001_20260117_234505.wav,2026A 0116-0122/AAA001_20260117_234505.wav,0.0,3.0,0.639421,ORGANIZER_PROVIDED,生声不息AI挑战赛项目组,杭州固定监测位点,challenge_d072839af2a6ef73c244,0.000-3.000,pending,,,reference retrieval; not a species detection until reviewed
fejervarya_multistriata_challenge_e2c54d6d6afdf51a4e2b_00015000,shengshengbuxi_2026_wild,fejervarya_multistriata_challenge_e2c54d6d6afdf51a4e2b_00015000,fejervarya_multistriata,泽陆蛙,Fejervarya multistriata,frog,2026A 0116-0122,2026-01-19T17:50:01,E:\tmp\生声不息AI挑战资料\2026_07_31_生声不息AI挑战说明\2026A 0116-0122\AAA001_20260119_175001.wav,2026A 0116-0122/AAA001_20260119_175001.wav,15.0,18.0,0.634508,ORGANIZER_PROVIDED,生声不息AI挑战赛项目组,杭州固定监测位点,challenge_e2c54d6d6afdf51a4e2b,15.000-18.000,pending,,,reference retrieval; not a species detection until reviewed
fejervarya_multistriata_challenge_01cfbf4d8303675cf332_00000000,shengshengbuxi_2026_wild,fejervarya_multistriata_challenge_01cfbf4d8303675cf332_00000000,fejervarya_multistriata,泽陆蛙,Fejervarya multistriata,frog,2026A 0116-0122,2026-01-17T18:05:04,E:\tmp\生声不息AI挑战资料\2026_07_31_生声不息AI挑战说明\2026A 0116-0122\AAA001_20260117_180504.wav,2026A 0116-0122/AAA001_20260117_180504.wav,0.0,3.0,0.625881,ORGANIZER_PROVIDED,生声不息AI挑战赛项目组,杭州固定监测位点,challenge_01cfbf4d8303675cf332,0.000-3.000,pending,,,reference retrieval; not a species detection until reviewed
fejervarya_multistriata_challenge_e2c54d6d6afdf51a4e2b_00018000,shengshengbuxi_2026_wild,fejervarya_multistriata_challenge_e2c54d6d6afdf51a4e2b_00018000,fejervarya_multistriata,泽陆蛙,Fejervarya multistriata,frog,2026A 0116-0122,2026-01-19T17:50:01,E:\tmp\生声不息AI挑战资料\2026_07_31_生声不息AI挑战说明\2026A 0116-0122\AAA001_20260119_175001.wav,2026A 0116-0122/AAA001_20260119_175001.wav,18.0,21.0,0.624522,ORGANIZER_PROVIDED,生声不息AI挑战赛项目组,杭州固定监测位点,challenge_e2c54d6d6afdf51a4e2b,18.000-21.000,pending,,,reference retrieval; not a species detection until reviewed
fejervarya_multistriata_challenge_85d965213609245ce686_00000000,shengshengbuxi_2026_wild,fejervarya_multistriata_challenge_85d965213609245ce686_00000000,fejervarya_multistriata,泽陆蛙,Fejervarya multistriata,frog,2026A 0116-0122,2026-01-18T17:55:02,E:\tmp\生声不息AI挑战资料\2026_07_31_生声不息AI挑战说明\2026A 0116-0122\AAA001_20260118_175502.wav,2026A 0116-0122/AAA001_20260118_175502.wav,0.0,3.0,0.622862,ORGANIZER_PROVIDED,生声不息AI挑战赛项目组,杭州固定监测位点,challenge_85d965213609245ce686,0.000-3.000,pending,,,reference retrieval; not a species detection until reviewed
fejervarya_multistriata_challenge_67476dadb59fe95fcca7_00000000,shengshengbuxi_2026_wild,fejervarya_multistriata_challenge_67476dadb59fe95fcca7_00000000,fejervarya_multistriata,泽陆蛙,Fejervarya multistriata,frog,2026A 0116-0122,2026-01-16T23:55:04,E:\tmp\生声不息AI挑战资料\2026_07_31_生声不息AI挑战说明\2026A 0116-0122\AAA001_20260116_235504.wav,2026A 0116-0122/AAA001_20260116_235504.wav,0.0,3.0,0.622203,ORGANIZER_PROVIDED,生声不息AI挑战赛项目组,杭州固定监测位点,challenge_67476dadb59fe95fcca7,0.000-3.000,pending,,,reference retrieval; not a species detection until reviewed
fejervarya_multistriata_challenge_83dfc0e18e906563deaa_00057000,shengshengbuxi_2026_wild,fejervarya_multistriata_challenge_83dfc0e18e906563deaa_00057000,fejervarya_multistriata,泽陆蛙,Fejervarya multistriata,frog,2026A 0116-0122,2026-01-21T12:05:02,E:\tmp\生声不息AI挑战资料\2026_07_31_生声不息AI挑战说明\2026A 0116-0122\AAA001_20260121_120502.wav,2026A 0116-0122/AAA001_20260121_120502.wav,57.0,60.0,0.621792,ORGANIZER_PROVIDED,生声不息AI挑战赛项目组,杭州固定监测位点,challenge_83dfc0e18e906563deaa,57.000-60.000,pending,,,reference retrieval; not a species detection until reviewed
fejervarya_multistriata_challenge_8bccd4a7b383c6b161ac_00054000,shengshengbuxi_2026_wild,fejervarya_multistriata_challenge_8bccd4a7b383c6b161ac_00054000,fejervarya_multistriata,泽陆蛙,Fejervarya multistriata,frog,2026A 0116-0122,2026-01-19T23:35:05,E:\tmp\生声不息AI挑战资料\2026_07_31_生声不息AI挑战说明\2026A 0116-0122\AAA001_20260119_233505.wav,2026A 0116-0122/AAA001_20260119_233505.wav,54.0,57.0,0.620338,ORGANIZER_PROVIDED,生声不息AI挑战赛项目组,杭州固定监测位点,challenge_8bccd4a7b383c6b161ac,54.000-57.000,pending,,,reference retrieval; not a species detection until reviewed
fejervarya_multistriata_challenge_e993c012532830b45afd_00000000,shengshengbuxi_2026_wild,fejervarya_multistriata_challenge_e993c012532830b45afd_00000000,fejervarya_multistriata,泽陆蛙,Fejervarya multistriata,frog,2026B 0326-0401,2026-03-28T23:30:03,E:\tmp\生声不息AI挑战资料\2026_07_31_生声不息AI挑战说明\2026B 0326-0401\AAA001_20260328_233003.wav,2026B 0326-0401/AAA001_20260328_233003.wav,0.0,3.0,0.605095,ORGANIZER_PROVIDED,生声不息AI挑战赛项目组,杭州固定监测位点,challenge_e993c012532830b45afd,0.000-3.000,pending,,,reference retrieval; not a species detection until reviewed
fejervarya_multistriata_challenge_ec1267fe3b044c3a05fd_00009000,shengshengbuxi_2026_wild,fejervarya_multistriata_challenge_ec1267fe3b044c3a05fd_00009000,fejervarya_multistriata,泽陆蛙,Fejervarya multistriata,frog,2026B 0326-0401,2026-03-27T23:40:01,E:\tmp\生声不息AI挑战资料\2026_07_31_生声不息AI挑战说明\2026B 0326-0401\AAA001_20260327_234001.wav,2026B 0326-0401/AAA001_20260327_234001.wav,9.0,12.0,0.59226,ORGANIZER_PROVIDED,生声不息AI挑战赛项目组,杭州固定监测位点,challenge_ec1267fe3b044c3a05fd,9.000-12.000,pending,,,reference retrieval; not a species detection until reviewed
fejervarya_multistriata_challenge_6f22075368d3dea8eb87_00051000,shengshengbuxi_2026_wild,fejervarya_multistriata_challenge_6f22075368d3dea8eb87_00051000,fejervarya_multistriata,泽陆蛙,Fejervarya multistriata,frog,2026B 0326-0401,2026-03-31T23:45:04,E:\tmp\生声不息AI挑战资料\2026_07_31_生声不息AI挑战说明\2026B 0326-0401\AAA001_20260331_234504.wav,2026B 0326-0401/AAA001_20260331_234504.wav,51.0,54.0,0.584629,ORGANIZER_PROVIDED,生声不息AI挑战赛项目组,杭州固定监测位点,challenge_6f22075368d3dea8eb87,51.000-54.000,pending,,,reference retrieval; not a species detection until reviewed
fejervarya_multistriata_challenge_ec1267fe3b044c3a05fd_00045000,shengshengbuxi_2026_wild,fejervarya_multistriata_challenge_ec1267fe3b044c3a05fd_00045000,fejervarya_multistriata,泽陆蛙,Fejervarya multistriata,frog,2026B 0326-0401,2026-03-27T23:40:01,E:\tmp\生声不息AI挑战资料\2026_07_31_生声不息AI挑战说明\2026B 0326-0401\AAA001_20260327_234001.wav,2026B 0326-0401/AAA001_20260327_234001.wav,45.0,48.0,0.583069,ORGANIZER_PROVIDED,生声不息AI挑战赛项目组,杭州固定监测位点,challenge_ec1267fe3b044c3a05fd,45.000-48.000,pending,,,reference retrieval; not a species detection until reviewed
fejervarya_multistriata_challenge_ec1267fe3b044c3a05fd_00042000,shengshengbuxi_2026_wild,fejervarya_multistriata_challenge_ec1267fe3b044c3a05fd_00042000,fejervarya_multistriata,泽陆蛙,Fejervarya multistriata,frog,2026B 0326-0401,2026-03-27T23:40:01,E:\tmp\生声不息AI挑战资料\2026_07_31_生声不息AI挑战说明\2026B 0326-0401\AAA001_20260327_234001.wav,2026B 0326-0401/AAA001_20260327_234001.wav,42.0,45.0,0.582369,ORGANIZER_PROVIDED,生声不息AI挑战赛项目组,杭州固定监测位点,challenge_ec1267fe3b044c3a05fd,42.000-45.000,pending,,,reference retrieval; not a species detection until reviewed
fejervarya_multistriata_challenge_ec1267fe3b044c3a05fd_00048000,shengshengbuxi_2026_wild,fejervarya_multistriata_challenge_ec1267fe3b044c3a05fd_00048000,fejervarya_multistriata,泽陆蛙,Fejervarya multistriata,frog,2026B 0326-0401,2026-03-27T23:40:01,E:\tmp\生声不息AI挑战资料\2026_07_31_生声不息AI挑战说明\2026B 0326-0401\AAA001_20260327_234001.wav,2026B 0326-0401/AAA001_20260327_234001.wav,48.0,51.0,0.582366,ORGANIZER_PROVIDED,生声不息AI挑战赛项目组,杭州固定监测位点,challenge_ec1267fe3b044c3a05fd,48.000-51.000,pending,,,reference retrieval; not a species detection until reviewed
fejervarya_multistriata_challenge_ec1267fe3b044c3a05fd_00027000,shengshengbuxi_2026_wild,fejervarya_multistriata_challenge_ec1267fe3b044c3a05fd_00027000,fejervarya_multistriata,泽陆蛙,Fejervarya multistriata,frog,2026B 0326-0401,2026-03-27T23:40:01,E:\tmp\生声不息AI挑战资料\2026_07_31_生声不息AI挑战说明\2026B 0326-0401\AAA001_20260327_234001.wav,2026B 0326-0401/AAA001_20260327_234001.wav,27.0,30.0,0.581253,ORGANIZER_PROVIDED,生声不息AI挑战赛项目组,杭州固定监测位点,challenge_ec1267fe3b044c3a05fd,27.000-30.000,pending,,,reference retrieval; not a species detection until reviewed
fejervarya_multistriata_challenge_1b00eded29e91fe8a83c_00000000,shengshengbuxi_2026_wild,fejervarya_multistriata_challenge_1b00eded29e91fe8a83c_00000000,fejervarya_multistriata,泽陆蛙,Fejervarya multistriata,frog,2026B 0326-0401,2026-03-29T05:15:04,E:\tmp\生声不息AI挑战资料\2026_07_31_生声不息AI挑战说明\2026B 0326-0401\AAA001_20260329_051504.wav,2026B 0326-0401/AAA001_20260329_051504.wav,0.0,3.0,0.579465,ORGANIZER_PROVIDED,生声不息AI挑战赛项目组,杭州固定监测位点,challenge_1b00eded29e91fe8a83c,0.000-3.000,pending,,,reference retrieval; not a species detection until reviewed
fejervarya_multistriata_challenge_e993c012532830b45afd_00054000,shengshengbuxi_2026_wild,fejervarya_multistriata_challenge_e993c012532830b45afd_00054000,fejervarya_multistriata,泽陆蛙,Fejervarya multistriata,frog,2026B 0326-0401,2026-03-28T23:30:03,E:\tmp\生声不息AI挑战资料\2026_07_31_生声不息AI挑战说明\2026B 0326-0401\AAA001_20260328_233003.wav,2026B 0326-0401/AAA001_20260328_233003.wav,54.0,57.0,0.579291,ORGANIZER_PROVIDED,生声不息AI挑战赛项目组,杭州固定监测位点,challenge_e993c012532830b45afd,54.000-57.000,pending,,,reference retrieval; not a species detection until reviewed
fejervarya_multistriata_challenge_6f22075368d3dea8eb87_00012000,shengshengbuxi_2026_wild,fejervarya_multistriata_challenge_6f22075368d3dea8eb87_00012000,fejervarya_multistriata,泽陆蛙,Fejervarya multistriata,frog,2026B 0326-0401,2026-03-31T23:45:04,E:\tmp\生声不息AI挑战资料\2026_07_31_生声不息AI挑战说明\2026B 0326-0401\AAA001_20260331_234504.wav,2026B 0326-0401/AAA001_20260331_234504.wav,12.0,15.0,0.577943,ORGANIZER_PROVIDED,生声不息AI挑战赛项目组,杭州固定监测位点,challenge_6f22075368d3dea8eb87,12.000-15.000,pending,,,reference retrieval; not a species detection until reviewed
fejervarya_multistriata_challenge_6342a5a4606e88c70358_00018000,shengshengbuxi_2026_wild,fejervarya_multistriata_challenge_6342a5a4606e88c70358_00018000,fejervarya_multistriata,泽陆蛙,Fejervarya multistriata,frog,2026C 0507-0513,2026-05-09T11:40:04,E:\tmp\生声不息AI挑战资料\2026_07_31_生声不息AI挑战说明\2026C 0507-0513\AAA001_20260509_114004.wav,2026C 0507-0513/AAA001_20260509_114004.wav,18.0,21.0,0.630907,ORGANIZER_PROVIDED,生声不息AI挑战赛项目组,杭州固定监测位点,challenge_6342a5a4606e88c70358,18.000-21.000,pending,,,reference retrieval; not a species detection until reviewed
fejervarya_multistriata_challenge_258cfd09b12601235c93_00003000,shengshengbuxi_2026_wild,fejervarya_multistriata_challenge_258cfd09b12601235c93_00003000,fejervarya_multistriata,泽陆蛙,Fejervarya multistriata,frog,2026C 0507-0513,2026-05-09T17:20:04,E:\tmp\生声不息AI挑战资料\2026_07_31_生声不息AI挑战说明\2026C 0507-0513\AAA001_20260509_172004.wav,2026C 0507-0513/AAA001_20260509_172004.wav,3.0,6.0,0.629384,ORGANIZER_PROVIDED,生声不息AI挑战赛项目组,杭州固定监测位点,challenge_258cfd09b12601235c93,3.000-6.000,pending,,,reference retrieval; not a species detection until reviewed
fejervarya_multistriata_challenge_258cfd09b12601235c93_00009000,shengshengbuxi_2026_wild,fejervarya_multistriata_challenge_258cfd09b12601235c93_00009000,fejervarya_multistriata,泽陆蛙,Fejervarya multistriata,frog,2026C 0507-0513,2026-05-09T17:20:04,E:\tmp\生声不息AI挑战资料\2026_07_31_生声不息AI挑战说明\2026C 0507-0513\AAA001_20260509_172004.wav,2026C 0507-0513/AAA001_20260509_172004.wav,9.0,12.0,0.611537,ORGANIZER_PROVIDED,生声不息AI挑战赛项目组,杭州固定监测位点,challenge_258cfd09b12601235c93,9.000-12.000,pending,,,reference retrieval; not a species detection until reviewed
fejervarya_multistriata_challenge_6940db049e53379bc5c6_00000000,shengshengbuxi_2026_wild,fejervarya_multistriata_challenge_6940db049e53379bc5c6_00000000,fejervarya_multistriata,泽陆蛙,Fejervarya multistriata,frog,2026C 0507-0513,2026-05-11T12:00:06,E:\tmp\生声不息AI挑战资料\2026_07_31_生声不息AI挑战说明\2026C 0507-0513\AAA001_20260511_120006.wav,2026C 0507-0513/AAA001_20260511_120006.wav,0.0,3.0,0.603398,ORGANIZER_PROVIDED,生声不息AI挑战赛项目组,杭州固定监测位点,challenge_6940db049e53379bc5c6,0.000-3.000,pending,,,reference retrieval; not a species detection until reviewed
fejervarya_multistriata_challenge_258cfd09b12601235c93_00021000,shengshengbuxi_2026_wild,fejervarya_multistriata_challenge_258cfd09b12601235c93_00021000,fejervarya_multistriata,泽陆蛙,Fejervarya multistriata,frog,2026C 0507-0513,2026-05-09T17:20:04,E:\tmp\生声不息AI挑战资料\2026_07_31_生声不息AI挑战说明\2026C 0507-0513\AAA001_20260509_172004.wav,2026C 0507-0513/AAA001_20260509_172004.wav,21.0,24.0,0.602964,ORGANIZER_PROVIDED,生声不息AI挑战赛项目组,杭州固定监测位点,challenge_258cfd09b12601235c93,21.000-24.000,pending,,,reference retrieval; not a species detection until reviewed
fejervarya_multistriata_challenge_6940db049e53379bc5c6_00054000,shengshengbuxi_2026_wild,fejervarya_multistriata_challenge_6940db049e53379bc5c6_00054000,fejervarya_multistriata,泽陆蛙,Fejervarya multistriata,frog,2026C 0507-0513,2026-05-11T12:00:06,E:\tmp\生声不息AI挑战资料\2026_07_31_生声不息AI挑战说明\2026C 0507-0513\AAA001_20260511_120006.wav,2026C 0507-0513/AAA001_20260511_120006.wav,54.0,57.0,0.602534,ORGANIZER_PROVIDED,生声不息AI挑战赛项目组,杭州固定监测位点,challenge_6940db049e53379bc5c6,54.000-57.000,pending,,,reference retrieval; not a species detection until reviewed
fejervarya_multistriata_challenge_258cfd09b12601235c93_00048000,shengshengbuxi_2026_wild,fejervarya_multistriata_challenge_258cfd09b12601235c93_00048000,fejervarya_multistriata,泽陆蛙,Fejervarya multistriata,frog,2026C 0507-0513,2026-05-09T17:20:04,E:\tmp\生声不息AI挑战资料\2026_07_31_生声不息AI挑战说明\2026C 0507-0513\AAA001_20260509_172004.wav,2026C 0507-0513/AAA001_20260509_172004.wav,48.0,51.0,0.602451,ORGANIZER_PROVIDED,生声不息AI挑战赛项目组,杭州固定监测位点,challenge_258cfd09b12601235c93,48.000-51.000,pending,,,reference retrieval; not a species detection until reviewed
fejervarya_multistriata_challenge_6940db049e53379bc5c6_00036000,shengshengbuxi_2026_wild,fejervarya_multistriata_challenge_6940db049e53379bc5c6_00036000,fejervarya_multistriata,泽陆蛙,Fejervarya multistriata,frog,2026C 0507-0513,2026-05-11T12:00:06,E:\tmp\生声不息AI挑战资料\2026_07_31_生声不息AI挑战说明\2026C 0507-0513\AAA001_20260511_120006.wav,2026C 0507-0513/AAA001_20260511_120006.wav,36.0,39.0,0.60226,ORGANIZER_PROVIDED,生声不息AI挑战赛项目组,杭州固定监测位点,challenge_6940db049e53379bc5c6,36.000-39.000,pending,,,reference retrieval; not a species detection until reviewed
fejervarya_multistriata_challenge_beffeed25e5766ead751_00024000,shengshengbuxi_2026_wild,fejervarya_multistriata_challenge_beffeed25e5766ead751_00024000,fejervarya_multistriata,泽陆蛙,Fejervarya multistriata,frog,2026C 0507-0513,2026-05-07T23:55:05,E:\tmp\生声不息AI挑战资料\2026_07_31_生声不息AI挑战说明\2026C 0507-0513\AAA001_20260507_235505.wav,2026C 0507-0513/AAA001_20260507_235505.wav,24.0,27.0,0.599807,ORGANIZER_PROVIDED,生声不息AI挑战赛项目组,杭州固定监测位点,challenge_beffeed25e5766ead751,24.000-27.000,pending,,,reference retrieval; not a species detection until reviewed
fejervarya_multistriata_challenge_243f8ecce3f5e273e3d5_00015000,shengshengbuxi_2026_wild,fejervarya_multistriata_challenge_243f8ecce3f5e273e3d5_00015000,fejervarya_multistriata,泽陆蛙,Fejervarya multistriata,frog,2026C 0507-0513,2026-05-09T23:35:06,E:\tmp\生声不息AI挑战资料\2026_07_31_生声不息AI挑战说明\2026C 0507-0513\AAA001_20260509_233506.wav,2026C 0507-0513/AAA001_20260509_233506.wav,15.0,18.0,0.5981,ORGANIZER_PROVIDED,生声不息AI挑战赛项目组,杭州固定监测位点,challenge_243f8ecce3f5e273e3d5,15.000-18.000,pending,,,reference retrieval; not a species detection until reviewed
fejervarya_multistriata_challenge_8cf47c37b5d3d5bf684a_00000000,shengshengbuxi_2026_wild,fejervarya_multistriata_challenge_8cf47c37b5d3d5bf684a_00000000,fejervarya_multistriata,泽陆蛙,Fejervarya multistriata,frog,2026D 0614-0608,2026-06-10T22:40:02,E:\tmp\生声不息AI挑战资料\2026_07_31_生声不息AI挑战说明\2026D 0614-0608\AAA001_20260610_224002.wav,2026D 0614-0608/AAA001_20260610_224002.wav,0.0,3.0,0.617818,ORGANIZER_PROVIDED,生声不息AI挑战赛项目组,杭州固定监测位点,challenge_8cf47c37b5d3d5bf684a,0.000-3.000,pending,,,reference retrieval; not a species detection until reviewed
fejervarya_multistriata_challenge_d64eb215de1a4c534025_00054000,shengshengbuxi_2026_wild,fejervarya_multistriata_challenge_d64eb215de1a4c534025_00054000,fejervarya_multistriata,泽陆蛙,Fejervarya multistriata,frog,2026D 0614-0608,2026-06-13T15:30:05,E:\tmp\生声不息AI挑战资料\2026_07_31_生声不息AI挑战说明\2026D 0614-0608\AAA001_20260613_153005.wav,2026D 0614-0608/AAA001_20260613_153005.wav,54.0,57.0,0.609701,ORGANIZER_PROVIDED,生声不息AI挑战赛项目组,杭州固定监测位点,challenge_d64eb215de1a4c534025,54.000-57.000,pending,,,reference retrieval; not a species detection until reviewed
fejervarya_multistriata_challenge_d64eb215de1a4c534025_00042000,shengshengbuxi_2026_wild,fejervarya_multistriata_challenge_d64eb215de1a4c534025_00042000,fejervarya_multistriata,泽陆蛙,Fejervarya multistriata,frog,2026D 0614-0608,2026-06-13T15:30:05,E:\tmp\生声不息AI挑战资料\2026_07_31_生声不息AI挑战说明\2026D 0614-0608\AAA001_20260613_153005.wav,2026D 0614-0608/AAA001_20260613_153005.wav,42.0,45.0,0.60527,ORGANIZER_PROVIDED,生声不息AI挑战赛项目组,杭州固定监测位点,challenge_d64eb215de1a4c534025,42.000-45.000,pending,,,reference retrieval; not a species detection until reviewed
fejervarya_multistriata_challenge_d64eb215de1a4c534025_00039000,shengshengbuxi_2026_wild,fejervarya_multistriata_challenge_d64eb215de1a4c534025_00039000,fejervarya_multistriata,泽陆蛙,Fejervarya multistriata,frog,2026D 0614-0608,2026-06-13T15:30:05,E:\tmp\生声不息AI挑战资料\2026_07_31_生声不息AI挑战说明\2026D 0614-0608\AAA001_20260613_153005.wav,2026D 0614-0608/AAA001_20260613_153005.wav,39.0,42.0,0.605111,ORGANIZER_PROVIDED,生声不息AI挑战赛项目组,杭州固定监测位点,challenge_d64eb215de1a4c534025,39.000-42.000,pending,,,reference retrieval; not a species detection until reviewed
fejervarya_multistriata_challenge_d64eb215de1a4c534025_00033000,shengshengbuxi_2026_wild,fejervarya_multistriata_challenge_d64eb215de1a4c534025_00033000,fejervarya_multistriata,泽陆蛙,Fejervarya multistriata,frog,2026D 0614-0608,2026-06-13T15:30:05,E:\tmp\生声不息AI挑战资料\2026_07_31_生声不息AI挑战说明\2026D 0614-0608\AAA001_20260613_153005.wav,2026D 0614-0608/AAA001_20260613_153005.wav,33.0,36.0,0.603659,ORGANIZER_PROVIDED,生声不息AI挑战赛项目组,杭州固定监测位点,challenge_d64eb215de1a4c534025,33.000-36.000,pending,,,reference retrieval; not a species detection until reviewed
fejervarya_multistriata_challenge_d64eb215de1a4c534025_00018000,shengshengbuxi_2026_wild,fejervarya_multistriata_challenge_d64eb215de1a4c534025_00018000,fejervarya_multistriata,泽陆蛙,Fejervarya multistriata,frog,2026D 0614-0608,2026-06-13T15:30:05,E:\tmp\生声不息AI挑战资料\2026_07_31_生声不息AI挑战说明\2026D 0614-0608\AAA001_20260613_153005.wav,2026D 0614-0608/AAA001_20260613_153005.wav,18.0,21.0,0.601812,ORGANIZER_PROVIDED,生声不息AI挑战赛项目组,杭州固定监测位点,challenge_d64eb215de1a4c534025,18.000-21.000,pending,,,reference retrieval; not a species detection until reviewed
fejervarya_multistriata_challenge_76def37228d71cdf8d91_00000000,shengshengbuxi_2026_wild,fejervarya_multistriata_challenge_76def37228d71cdf8d91_00000000,fejervarya_multistriata,泽陆蛙,Fejervarya multistriata,frog,2026D 0614-0608,2026-06-12T16:10:06,E:\tmp\生声不息AI挑战资料\2026_07_31_生声不息AI挑战说明\2026D 0614-0608\AAA001_20260612_161006.wav,2026D 0614-0608/AAA001_20260612_161006.wav,0.0,3.0,0.601337,ORGANIZER_PROVIDED,生声不息AI挑战赛项目组,杭州固定监测位点,challenge_76def37228d71cdf8d91,0.000-3.000,pending,,,reference retrieval; not a species detection until reviewed
fejervarya_multistriata_challenge_bc59fbee99f95dc7e220_00003000,shengshengbuxi_2026_wild,fejervarya_multistriata_challenge_bc59fbee99f95dc7e220_00003000,fejervarya_multistriata,泽陆蛙,Fejervarya multistriata,frog,2026D 0614-0608,2026-06-11T10:25:03,E:\tmp\生声不息AI挑战资料\2026_07_31_生声不息AI挑战说明\2026D 0614-0608\AAA001_20260611_102503.wav,2026D 0614-0608/AAA001_20260611_102503.wav,3.0,6.0,0.597603,ORGANIZER_PROVIDED,生声不息AI挑战赛项目组,杭州固定监测位点,challenge_bc59fbee99f95dc7e220,3.000-6.000,pending,,,reference retrieval; not a species detection until reviewed
fejervarya_multistriata_challenge_d64eb215de1a4c534025_00045000,shengshengbuxi_2026_wild,fejervarya_multistriata_challenge_d64eb215de1a4c534025_00045000,fejervarya_multistriata,泽陆蛙,Fejervarya multistriata,frog,2026D 0614-0608,2026-06-13T15:30:05,E:\tmp\生声不息AI挑战资料\2026_07_31_生声不息AI挑战说明\2026D 0614-0608\AAA001_20260613_153005.wav,2026D 0614-0608/AAA001_20260613_153005.wav,45.0,48.0,0.590239,ORGANIZER_PROVIDED,生声不息AI挑战赛项目组,杭州固定监测位点,challenge_d64eb215de1a4c534025,45.000-48.000,pending,,,reference retrieval; not a species detection until reviewed
fejervarya_multistriata_challenge_d64eb215de1a4c534025_00057000,shengshengbuxi_2026_wild,fejervarya_multistriata_challenge_d64eb215de1a4c534025_00057000,fejervarya_multistriata,泽陆蛙,Fejervarya multistriata,frog,2026D 0614-0608,2026-06-13T15:30:05,E:\tmp\生声不息AI挑战资料\2026_07_31_生声不息AI挑战说明\2026D 0614-0608\AAA001_20260613_153005.wav,2026D 0614-0608/AAA001_20260613_153005.wav,57.0,60.0,0.58989,ORGANIZER_PROVIDED,生声不息AI挑战赛项目组,杭州固定监测位点,challenge_d64eb215de1a4c534025,57.000-60.000,pending,,,reference retrieval; not a species detection until reviewed
mecopoda_elongata_challenge_3a30980585aa1de02206_00057000,shengshengbuxi_2026_wild,mecopoda_elongata_challenge_3a30980585aa1de02206_00057000,mecopoda_elongata,纺织娘,Mecopoda elongata,insect,2026A 0116-0122,2026-01-17T11:50:05,E:\tmp\生声不息AI挑战资料\2026_07_31_生声不息AI挑战说明\2026A 0116-0122\AAA001_20260117_115005.wav,2026A 0116-0122/AAA001_20260117_115005.wav,57.0,60.0,0.530031,ORGANIZER_PROVIDED,生声不息AI挑战赛项目组,杭州固定监测位点,challenge_3a30980585aa1de02206,57.000-60.000,pending,,,reference retrieval; not a species detection until reviewed
mecopoda_elongata_challenge_5c46db3916984639c308_00018000,shengshengbuxi_2026_wild,mecopoda_elongata_challenge_5c46db3916984639c308_00018000,mecopoda_elongata,纺织娘,Mecopoda elongata,insect,2026A 0116-0122,2026-01-22T05:45:05,E:\tmp\生声不息AI挑战资料\2026_07_31_生声不息AI挑战说明\2026A 0116-0122\AAA001_20260122_054505.wav,2026A 0116-0122/AAA001_20260122_054505.wav,18.0,21.0,0.524462,ORGANIZER_PROVIDED,生声不息AI挑战赛项目组,杭州固定监测位点,challenge_5c46db3916984639c308,18.000-21.000,pending,,,reference retrieval; not a species detection until reviewed
mecopoda_elongata_challenge_e2c54d6d6afdf51a4e2b_00051000,shengshengbuxi_2026_wild,mecopoda_elongata_challenge_e2c54d6d6afdf51a4e2b_00051000,mecopoda_elongata,纺织娘,Mecopoda elongata,insect,2026A 0116-0122,2026-01-19T17:50:01,E:\tmp\生声不息AI挑战资料\2026_07_31_生声不息AI挑战说明\2026A 0116-0122\AAA001_20260119_175001.wav,2026A 0116-0122/AAA001_20260119_175001.wav,51.0,54.0,0.523684,ORGANIZER_PROVIDED,生声不息AI挑战赛项目组,杭州固定监测位点,challenge_e2c54d6d6afdf51a4e2b,51.000-54.000,pending,,,reference retrieval; not a species detection until reviewed
mecopoda_elongata_challenge_8bccd4a7b383c6b161ac_00057000,shengshengbuxi_2026_wild,mecopoda_elongata_challenge_8bccd4a7b383c6b161ac_00057000,mecopoda_elongata,纺织娘,Mecopoda elongata,insect,2026A 0116-0122,2026-01-19T23:35:05,E:\tmp\生声不息AI挑战资料\2026_07_31_生声不息AI挑战说明\2026A 0116-0122\AAA001_20260119_233505.wav,2026A 0116-0122/AAA001_20260119_233505.wav,57.0,60.0,0.521843,ORGANIZER_PROVIDED,生声不息AI挑战赛项目组,杭州固定监测位点,challenge_8bccd4a7b383c6b161ac,57.000-60.000,pending,,,reference retrieval; not a species detection until reviewed
mecopoda_elongata_challenge_e2c54d6d6afdf51a4e2b_00042000,shengshengbuxi_2026_wild,mecopoda_elongata_challenge_e2c54d6d6afdf51a4e2b_00042000,mecopoda_elongata,纺织娘,Mecopoda elongata,insect,2026A 0116-0122,2026-01-19T17:50:01,E:\tmp\生声不息AI挑战资料\2026_07_31_生声不息AI挑战说明\2026A 0116-0122\AAA001_20260119_175001.wav,2026A 0116-0122/AAA001_20260119_175001.wav,42.0,45.0,0.521098,ORGANIZER_PROVIDED,生声不息AI挑战赛项目组,杭州固定监测位点,challenge_e2c54d6d6afdf51a4e2b,42.000-45.000,pending,,,reference retrieval; not a species detection until reviewed
mecopoda_elongata_challenge_5b1b20358cdfb8e738d7_00045000,shengshengbuxi_2026_wild,mecopoda_elongata_challenge_5b1b20358cdfb8e738d7_00045000,mecopoda_elongata,纺织娘,Mecopoda elongata,insect,2026A 0116-0122,2026-01-17T05:35:05,E:\tmp\生声不息AI挑战资料\2026_07_31_生声不息AI挑战说明\2026A 0116-0122\AAA001_20260117_053505.wav,2026A 0116-0122/AAA001_20260117_053505.wav,45.0,48.0,0.520868,ORGANIZER_PROVIDED,生声不息AI挑战赛项目组,杭州固定监测位点,challenge_5b1b20358cdfb8e738d7,45.000-48.000,pending,,,reference retrieval; not a species detection until reviewed
mecopoda_elongata_challenge_85d965213609245ce686_00000000,shengshengbuxi_2026_wild,mecopoda_elongata_challenge_85d965213609245ce686_00000000,mecopoda_elongata,纺织娘,Mecopoda elongata,insect,2026A 0116-0122,2026-01-18T17:55:02,E:\tmp\生声不息AI挑战资料\2026_07_31_生声不息AI挑战说明\2026A 0116-0122\AAA001_20260118_175502.wav,2026A 0116-0122/AAA001_20260118_175502.wav,0.0,3.0,0.518705,ORGANIZER_PROVIDED,生声不息AI挑战赛项目组,杭州固定监测位点,challenge_85d965213609245ce686,0.000-3.000,pending,,,reference retrieval; not a species detection until reviewed
mecopoda_elongata_challenge_e2c54d6d6afdf51a4e2b_00036000,shengshengbuxi_2026_wild,mecopoda_elongata_challenge_e2c54d6d6afdf51a4e2b_00036000,mecopoda_elongata,纺织娘,Mecopoda elongata,insect,2026A 0116-0122,2026-01-19T17:50:01,E:\tmp\生声不息AI挑战资料\2026_07_31_生声不息AI挑战说明\2026A 0116-0122\AAA001_20260119_175001.wav,2026A 0116-0122/AAA001_20260119_175001.wav,36.0,39.0,0.517696,ORGANIZER_PROVIDED,生声不息AI挑战赛项目组,杭州固定监测位点,challenge_e2c54d6d6afdf51a4e2b,36.000-39.000,pending,,,reference retrieval; not a species detection until reviewed
mecopoda_elongata_challenge_e2c54d6d6afdf51a4e2b_00033000,shengshengbuxi_2026_wild,mecopoda_elongata_challenge_e2c54d6d6afdf51a4e2b_00033000,mecopoda_elongata,纺织娘,Mecopoda elongata,insect,2026A 0116-0122,2026-01-19T17:50:01,E:\tmp\生声不息AI挑战资料\2026_07_31_生声不息AI挑战说明\2026A 0116-0122\AAA001_20260119_175001.wav,2026A 0116-0122/AAA001_20260119_175001.wav,33.0,36.0,0.5168,ORGANIZER_PROVIDED,生声不息AI挑战赛项目组,杭州固定监测位点,challenge_e2c54d6d6afdf51a4e2b,33.000-36.000,pending,,,reference retrieval; not a species detection until reviewed
mecopoda_elongata_challenge_e2c54d6d6afdf51a4e2b_00009000,shengshengbuxi_2026_wild,mecopoda_elongata_challenge_e2c54d6d6afdf51a4e2b_00009000,mecopoda_elongata,纺织娘,Mecopoda elongata,insect,2026A 0116-0122,2026-01-19T17:50:01,E:\tmp\生声不息AI挑战资料\2026_07_31_生声不息AI挑战说明\2026A 0116-0122\AAA001_20260119_175001.wav,2026A 0116-0122/AAA001_20260119_175001.wav,9.0,12.0,0.515384,ORGANIZER_PROVIDED,生声不息AI挑战赛项目组,杭州固定监测位点,challenge_e2c54d6d6afdf51a4e2b,9.000-12.000,pending,,,reference retrieval; not a species detection until reviewed
mecopoda_elongata_challenge_b188fd3da5f5ee3f7b37_00006000,shengshengbuxi_2026_wild,mecopoda_elongata_challenge_b188fd3da5f5ee3f7b37_00006000,mecopoda_elongata,纺织娘,Mecopoda elongata,insect,2026B 0326-0401,2026-03-30T12:00:01,E:\tmp\生声不息AI挑战资料\2026_07_31_生声不息AI挑战说明\2026B 0326-0401\AAA001_20260330_120001.wav,2026B 0326-0401/AAA001_20260330_120001.wav,6.0,9.0,0.551858,ORGANIZER_PROVIDED,生声不息AI挑战赛项目组,杭州固定监测位点,challenge_b188fd3da5f5ee3f7b37,6.000-9.000,pending,,,reference retrieval; not a species detection until reviewed
mecopoda_elongata_challenge_b188fd3da5f5ee3f7b37_00039000,shengshengbuxi_2026_wild,mecopoda_elongata_challenge_b188fd3da5f5ee3f7b37_00039000,mecopoda_elongata,纺织娘,Mecopoda elongata,insect,2026B 0326-0401,2026-03-30T12:00:01,E:\tmp\生声不息AI挑战资料\2026_07_31_生声不息AI挑战说明\2026B 0326-0401\AAA001_20260330_120001.wav,2026B 0326-0401/AAA001_20260330_120001.wav,39.0,42.0,0.536161,ORGANIZER_PROVIDED,生声不息AI挑战赛项目组,杭州固定监测位点,challenge_b188fd3da5f5ee3f7b37,39.000-42.000,pending,,,reference retrieval; not a species detection until reviewed
mecopoda_elongata_challenge_a6621c31f637d7977c30_00051000,shengshengbuxi_2026_wild,mecopoda_elongata_challenge_a6621c31f637d7977c30_00051000,mecopoda_elongata,纺织娘,Mecopoda elongata,insect,2026B 0326-0401,2026-03-30T06:15:04,E:\tmp\生声不息AI挑战资料\2026_07_31_生声不息AI挑战说明\2026B 0326-0401\AAA001_20260330_061504.wav,2026B 0326-0401/AAA001_20260330_061504.wav,51.0,54.0,0.528625,ORGANIZER_PROVIDED,生声不息AI挑战赛项目组,杭州固定监测位点,challenge_a6621c31f637d7977c30,51.000-54.000,pending,,,reference retrieval; not a species detection until reviewed
mecopoda_elongata_challenge_b188fd3da5f5ee3f7b37_00018000,shengshengbuxi_2026_wild,mecopoda_elongata_challenge_b188fd3da5f5ee3f7b37_00018000,mecopoda_elongata,纺织娘,Mecopoda elongata,insect,2026B 0326-0401,2026-03-30T12:00:01,E:\tmp\生声不息AI挑战资料\2026_07_31_生声不息AI挑战说明\2026B 0326-0401\AAA001_20260330_120001.wav,2026B 0326-0401/AAA001_20260330_120001.wav,18.0,21.0,0.516537,ORGANIZER_PROVIDED,生声不息AI挑战赛项目组,杭州固定监测位点,challenge_b188fd3da5f5ee3f7b37,18.000-21.000,pending,,,reference retrieval; not a species detection until reviewed
mecopoda_elongata_challenge_6f22075368d3dea8eb87_00015000,shengshengbuxi_2026_wild,mecopoda_elongata_challenge_6f22075368d3dea8eb87_00015000,mecopoda_elongata,纺织娘,Mecopoda elongata,insect,2026B 0326-0401,2026-03-31T23:45:04,E:\tmp\生声不息AI挑战资料\2026_07_31_生声不息AI挑战说明\2026B 0326-0401\AAA001_20260331_234504.wav,2026B 0326-0401/AAA001_20260331_234504.wav,15.0,18.0,0.515421,ORGANIZER_PROVIDED,生声不息AI挑战赛项目组,杭州固定监测位点,challenge_6f22075368d3dea8eb87,15.000-18.000,pending,,,reference retrieval; not a species detection until reviewed
mecopoda_elongata_challenge_b188fd3da5f5ee3f7b37_00036000,shengshengbuxi_2026_wild,mecopoda_elongata_challenge_b188fd3da5f5ee3f7b37_00036000,mecopoda_elongata,纺织娘,Mecopoda elongata,insect,2026B 0326-0401,2026-03-30T12:00:01,E:\tmp\生声不息AI挑战资料\2026_07_31_生声不息AI挑战说明\2026B 0326-0401\AAA001_20260330_120001.wav,2026B 0326-0401/AAA001_20260330_120001.wav,36.0,39.0,0.514257,ORGANIZER_PROVIDED,生声不息AI挑战赛项目组,杭州固定监测位点,challenge_b188fd3da5f5ee3f7b37,36.000-39.000,pending,,,reference retrieval; not a species detection until reviewed
mecopoda_elongata_challenge_bdec3daf37386022ebe5_00021000,shengshengbuxi_2026_wild,mecopoda_elongata_challenge_bdec3daf37386022ebe5_00021000,mecopoda_elongata,纺织娘,Mecopoda elongata,insect,2026B 0326-0401,2026-03-29T11:25:02,E:\tmp\生声不息AI挑战资料\2026_07_31_生声不息AI挑战说明\2026B 0326-0401\AAA001_20260329_112502.wav,2026B 0326-0401/AAA001_20260329_112502.wav,21.0,24.0,0.513841,ORGANIZER_PROVIDED,生声不息AI挑战赛项目组,杭州固定监测位点,challenge_bdec3daf37386022ebe5,21.000-24.000,pending,,,reference retrieval; not a species detection until reviewed
mecopoda_elongata_challenge_6f22075368d3dea8eb87_00012000,shengshengbuxi_2026_wild,mecopoda_elongata_challenge_6f22075368d3dea8eb87_00012000,mecopoda_elongata,纺织娘,Mecopoda elongata,insect,2026B 0326-0401,2026-03-31T23:45:04,E:\tmp\生声不息AI挑战资料\2026_07_31_生声不息AI挑战说明\2026B 0326-0401\AAA001_20260331_234504.wav,2026B 0326-0401/AAA001_20260331_234504.wav,12.0,15.0,0.511991,ORGANIZER_PROVIDED,生声不息AI挑战赛项目组,杭州固定监测位点,challenge_6f22075368d3dea8eb87,12.000-15.000,pending,,,reference retrieval; not a species detection until reviewed
mecopoda_elongata_challenge_b188fd3da5f5ee3f7b37_00027000,shengshengbuxi_2026_wild,mecopoda_elongata_challenge_b188fd3da5f5ee3f7b37_00027000,mecopoda_elongata,纺织娘,Mecopoda elongata,insect,2026B 0326-0401,2026-03-30T12:00:01,E:\tmp\生声不息AI挑战资料\2026_07_31_生声不息AI挑战说明\2026B 0326-0401\AAA001_20260330_120001.wav,2026B 0326-0401/AAA001_20260330_120001.wav,27.0,30.0,0.510426,ORGANIZER_PROVIDED,生声不息AI挑战赛项目组,杭州固定监测位点,challenge_b188fd3da5f5ee3f7b37,27.000-30.000,pending,,,reference retrieval; not a species detection until reviewed
mecopoda_elongata_challenge_44a1e42e76e9d5e98a75_00039000,shengshengbuxi_2026_wild,mecopoda_elongata_challenge_44a1e42e76e9d5e98a75_00039000,mecopoda_elongata,纺织娘,Mecopoda elongata,insect,2026B 0326-0401,2026-03-30T23:55:01,E:\tmp\生声不息AI挑战资料\2026_07_31_生声不息AI挑战说明\2026B 0326-0401\AAA001_20260330_235501.wav,2026B 0326-0401/AAA001_20260330_235501.wav,39.0,42.0,0.509485,ORGANIZER_PROVIDED,生声不息AI挑战赛项目组,杭州固定监测位点,challenge_44a1e42e76e9d5e98a75,39.000-42.000,pending,,,reference retrieval; not a species detection until reviewed
mecopoda_elongata_challenge_394d7dfa9134d82cb8a7_00048000,shengshengbuxi_2026_wild,mecopoda_elongata_challenge_394d7dfa9134d82cb8a7_00048000,mecopoda_elongata,纺织娘,Mecopoda elongata,insect,2026C 0507-0513,2026-05-07T12:00:05,E:\tmp\生声不息AI挑战资料\2026_07_31_生声不息AI挑战说明\2026C 0507-0513\AAA001_20260507_120005.wav,2026C 0507-0513/AAA001_20260507_120005.wav,48.0,51.0,0.573827,ORGANIZER_PROVIDED,生声不息AI挑战赛项目组,杭州固定监测位点,challenge_394d7dfa9134d82cb8a7,48.000-51.000,pending,,,reference retrieval; not a species detection until reviewed
mecopoda_elongata_challenge_1e1a2389c790a781da0d_00027000,shengshengbuxi_2026_wild,mecopoda_elongata_challenge_1e1a2389c790a781da0d_00027000,mecopoda_elongata,纺织娘,Mecopoda elongata,insect,2026C 0507-0513,2026-05-10T17:10:04,E:\tmp\生声不息AI挑战资料\2026_07_31_生声不息AI挑战说明\2026C 0507-0513\AAA001_20260510_171004.wav,2026C 0507-0513/AAA001_20260510_171004.wav,27.0,30.0,0.556789,ORGANIZER_PROVIDED,生声不息AI挑战赛项目组,杭州固定监测位点,challenge_1e1a2389c790a781da0d,27.000-30.000,pending,,,reference retrieval; not a species detection until reviewed
mecopoda_elongata_challenge_21a0705f01c56713b0e0_00057000,shengshengbuxi_2026_wild,mecopoda_elongata_challenge_21a0705f01c56713b0e0_00057000,mecopoda_elongata,纺织娘,Mecopoda elongata,insect,2026C 0507-0513,2026-05-10T11:30:03,E:\tmp\生声不息AI挑战资料\2026_07_31_生声不息AI挑战说明\2026C 0507-0513\AAA001_20260510_113003.wav,2026C 0507-0513/AAA001_20260510_113003.wav,57.0,60.0,0.556214,ORGANIZER_PROVIDED,生声不息AI挑战赛项目组,杭州固定监测位点,challenge_21a0705f01c56713b0e0,57.000-60.000,pending,,,reference retrieval; not a species detection until reviewed
mecopoda_elongata_challenge_21a0705f01c56713b0e0_00009000,shengshengbuxi_2026_wild,mecopoda_elongata_challenge_21a0705f01c56713b0e0_00009000,mecopoda_elongata,纺织娘,Mecopoda elongata,insect,2026C 0507-0513,2026-05-10T11:30:03,E:\tmp\生声不息AI挑战资料\2026_07_31_生声不息AI挑战说明\2026C 0507-0513\AAA001_20260510_113003.wav,2026C 0507-0513/AAA001_20260510_113003.wav,9.0,12.0,0.550045,ORGANIZER_PROVIDED,生声不息AI挑战赛项目组,杭州固定监测位点,challenge_21a0705f01c56713b0e0,9.000-12.000,pending,,,reference retrieval; not a species detection until reviewed
mecopoda_elongata_challenge_42679d52797810b2d926_00006000,shengshengbuxi_2026_wild,mecopoda_elongata_challenge_42679d52797810b2d926_00006000,mecopoda_elongata,纺织娘,Mecopoda elongata,insect,2026C 0507-0513,2026-05-13T12:00:05,E:\tmp\生声不息AI挑战资料\2026_07_31_生声不息AI挑战说明\2026C 0507-0513\AAA001_20260513_120005.wav,2026C 0507-0513/AAA001_20260513_120005.wav,6.0,9.0,0.545708,ORGANIZER_PROVIDED,生声不息AI挑战赛项目组,杭州固定监测位点,challenge_42679d52797810b2d926,6.000-9.000,pending,,,reference retrieval; not a species detection until reviewed
mecopoda_elongata_challenge_21a0705f01c56713b0e0_00027000,shengshengbuxi_2026_wild,mecopoda_elongata_challenge_21a0705f01c56713b0e0_00027000,mecopoda_elongata,纺织娘,Mecopoda elongata,insect,2026C 0507-0513,2026-05-10T11:30:03,E:\tmp\生声不息AI挑战资料\2026_07_31_生声不息AI挑战说明\2026C 0507-0513\AAA001_20260510_113003.wav,2026C 0507-0513/AAA001_20260510_113003.wav,27.0,30.0,0.543066,ORGANIZER_PROVIDED,生声不息AI挑战赛项目组,杭州固定监测位点,challenge_21a0705f01c56713b0e0,27.000-30.000,pending,,,reference retrieval; not a species detection until reviewed
mecopoda_elongata_challenge_394d7dfa9134d82cb8a7_00045000,shengshengbuxi_2026_wild,mecopoda_elongata_challenge_394d7dfa9134d82cb8a7_00045000,mecopoda_elongata,纺织娘,Mecopoda elongata,insect,2026C 0507-0513,2026-05-07T12:00:05,E:\tmp\生声不息AI挑战资料\2026_07_31_生声不息AI挑战说明\2026C 0507-0513\AAA001_20260507_120005.wav,2026C 0507-0513/AAA001_20260507_120005.wav,45.0,48.0,0.542197,ORGANIZER_PROVIDED,生声不息AI挑战赛项目组,杭州固定监测位点,challenge_394d7dfa9134d82cb8a7,45.000-48.000,pending,,,reference retrieval; not a species detection until reviewed
mecopoda_elongata_challenge_21a0705f01c56713b0e0_00024000,shengshengbuxi_2026_wild,mecopoda_elongata_challenge_21a0705f01c56713b0e0_00024000,mecopoda_elongata,纺织娘,Mecopoda elongata,insect,2026C 0507-0513,2026-05-10T11:30:03,E:\tmp\生声不息AI挑战资料\2026_07_31_生声不息AI挑战说明\2026C 0507-0513\AAA001_20260510_113003.wav,2026C 0507-0513/AAA001_20260510_113003.wav,24.0,27.0,0.542193,ORGANIZER_PROVIDED,生声不息AI挑战赛项目组,杭州固定监测位点,challenge_21a0705f01c56713b0e0,24.000-27.000,pending,,,reference retrieval; not a species detection until reviewed
mecopoda_elongata_challenge_21a0705f01c56713b0e0_00042000,shengshengbuxi_2026_wild,mecopoda_elongata_challenge_21a0705f01c56713b0e0_00042000,mecopoda_elongata,纺织娘,Mecopoda elongata,insect,2026C 0507-0513,2026-05-10T11:30:03,E:\tmp\生声不息AI挑战资料\2026_07_31_生声不息AI挑战说明\2026C 0507-0513\AAA001_20260510_113003.wav,2026C 0507-0513/AAA001_20260510_113003.wav,42.0,45.0,0.538801,ORGANIZER_PROVIDED,生声不息AI挑战赛项目组,杭州固定监测位点,challenge_21a0705f01c56713b0e0,42.000-45.000,pending,,,reference retrieval; not a species detection until reviewed
mecopoda_elongata_challenge_0139da9a874b7a480c11_00030000,shengshengbuxi_2026_wild,mecopoda_elongata_challenge_0139da9a874b7a480c11_00030000,mecopoda_elongata,纺织娘,Mecopoda elongata,insect,2026C 0507-0513,2026-05-07T17:40:03,E:\tmp\生声不息AI挑战资料\2026_07_31_生声不息AI挑战说明\2026C 0507-0513\AAA001_20260507_174003.wav,2026C 0507-0513/AAA001_20260507_174003.wav,30.0,33.0,0.534414,ORGANIZER_PROVIDED,生声不息AI挑战赛项目组,杭州固定监测位点,challenge_0139da9a874b7a480c11,30.000-33.000,pending,,,reference retrieval; not a species detection until reviewed
mecopoda_elongata_challenge_823fe99897fbf6a888ed_00024000,shengshengbuxi_2026_wild,mecopoda_elongata_challenge_823fe99897fbf6a888ed_00024000,mecopoda_elongata,纺织娘,Mecopoda elongata,insect,2026D 0614-0608,2026-06-10T16:40:04,E:\tmp\生声不息AI挑战资料\2026_07_31_生声不息AI挑战说明\2026D 0614-0608\AAA001_20260610_164004.wav,2026D 0614-0608/AAA001_20260610_164004.wav,24.0,27.0,0.555669,ORGANIZER_PROVIDED,生声不息AI挑战赛项目组,杭州固定监测位点,challenge_823fe99897fbf6a888ed,24.000-27.000,pending,,,reference retrieval; not a species detection until reviewed
mecopoda_elongata_challenge_9b09d5ef887731f9e1d2_00012000,shengshengbuxi_2026_wild,mecopoda_elongata_challenge_9b09d5ef887731f9e1d2_00012000,mecopoda_elongata,纺织娘,Mecopoda elongata,insect,2026D 0614-0608,2026-06-12T03:40:05,E:\tmp\生声不息AI挑战资料\2026_07_31_生声不息AI挑战说明\2026D 0614-0608\AAA001_20260612_034005.wav,2026D 0614-0608/AAA001_20260612_034005.wav,12.0,15.0,0.533709,ORGANIZER_PROVIDED,生声不息AI挑战赛项目组,杭州固定监测位点,challenge_9b09d5ef887731f9e1d2,12.000-15.000,pending,,,reference retrieval; not a species detection until reviewed
mecopoda_elongata_challenge_823fe99897fbf6a888ed_00054000,shengshengbuxi_2026_wild,mecopoda_elongata_challenge_823fe99897fbf6a888ed_00054000,mecopoda_elongata,纺织娘,Mecopoda elongata,insect,2026D 0614-0608,2026-06-10T16:40:04,E:\tmp\生声不息AI挑战资料\2026_07_31_生声不息AI挑战说明\2026D 0614-0608\AAA001_20260610_164004.wav,2026D 0614-0608/AAA001_20260610_164004.wav,54.0,57.0,0.531856,ORGANIZER_PROVIDED,生声不息AI挑战赛项目组,杭州固定监测位点,challenge_823fe99897fbf6a888ed,54.000-57.000,pending,,,reference retrieval; not a species detection until reviewed
mecopoda_elongata_challenge_4bc5dbc87892b421656f_00036000,shengshengbuxi_2026_wild,mecopoda_elongata_challenge_4bc5dbc87892b421656f_00036000,mecopoda_elongata,纺织娘,Mecopoda elongata,insect,2026D 0614-0608,2026-06-14T03:15:02,E:\tmp\生声不息AI挑战资料\2026_07_31_生声不息AI挑战说明\2026D 0614-0608\AAA001_20260614_031502.wav,2026D 0614-0608/AAA001_20260614_031502.wav,36.0,39.0,0.524591,ORGANIZER_PROVIDED,生声不息AI挑战赛项目组,杭州固定监测位点,challenge_4bc5dbc87892b421656f,36.000-39.000,pending,,,reference retrieval; not a species detection until reviewed
mecopoda_elongata_challenge_bc59fbee99f95dc7e220_00036000,shengshengbuxi_2026_wild,mecopoda_elongata_challenge_bc59fbee99f95dc7e220_00036000,mecopoda_elongata,纺织娘,Mecopoda elongata,insect,2026D 0614-0608,2026-06-11T10:25:03,E:\tmp\生声不息AI挑战资料\2026_07_31_生声不息AI挑战说明\2026D 0614-0608\AAA001_20260611_102503.wav,2026D 0614-0608/AAA001_20260611_102503.wav,36.0,39.0,0.524383,ORGANIZER_PROVIDED,生声不息AI挑战赛项目组,杭州固定监测位点,challenge_bc59fbee99f95dc7e220,36.000-39.000,pending,,,reference retrieval; not a species detection until reviewed
mecopoda_elongata_challenge_823fe99897fbf6a888ed_00006000,shengshengbuxi_2026_wild,mecopoda_elongata_challenge_823fe99897fbf6a888ed_00006000,mecopoda_elongata,纺织娘,Mecopoda elongata,insect,2026D 0614-0608,2026-06-10T16:40:04,E:\tmp\生声不息AI挑战资料\2026_07_31_生声不息AI挑战说明\2026D 0614-0608\AAA001_20260610_164004.wav,2026D 0614-0608/AAA001_20260610_164004.wav,6.0,9.0,0.524074,ORGANIZER_PROVIDED,生声不息AI挑战赛项目组,杭州固定监测位点,challenge_823fe99897fbf6a888ed,6.000-9.000,pending,,,reference retrieval; not a species detection until reviewed
mecopoda_elongata_challenge_8cf47c37b5d3d5bf684a_00054000,shengshengbuxi_2026_wild,mecopoda_elongata_challenge_8cf47c37b5d3d5bf684a_00054000,mecopoda_elongata,纺织娘,Mecopoda elongata,insect,2026D 0614-0608,2026-06-10T22:40:02,E:\tmp\生声不息AI挑战资料\2026_07_31_生声不息AI挑战说明\2026D 0614-0608\AAA001_20260610_224002.wav,2026D 0614-0608/AAA001_20260610_224002.wav,54.0,57.0,0.523476,ORGANIZER_PROVIDED,生声不息AI挑战赛项目组,杭州固定监测位点,challenge_8cf47c37b5d3d5bf684a,54.000-57.000,pending,,,reference retrieval; not a species detection until reviewed
mecopoda_elongata_challenge_8cf47c37b5d3d5bf684a_00000000,shengshengbuxi_2026_wild,mecopoda_elongata_challenge_8cf47c37b5d3d5bf684a_00000000,mecopoda_elongata,纺织娘,Mecopoda elongata,insect,2026D 0614-0608,2026-06-10T22:40:02,E:\tmp\生声不息AI挑战资料\2026_07_31_生声不息AI挑战说明\2026D 0614-0608\AAA001_20260610_224002.wav,2026D 0614-0608/AAA001_20260610_224002.wav,0.0,3.0,0.523343,ORGANIZER_PROVIDED,生声不息AI挑战赛项目组,杭州固定监测位点,challenge_8cf47c37b5d3d5bf684a,0.000-3.000,pending,,,reference retrieval; not a species detection until reviewed
mecopoda_elongata_challenge_823fe99897fbf6a888ed_00015000,shengshengbuxi_2026_wild,mecopoda_elongata_challenge_823fe99897fbf6a888ed_00015000,mecopoda_elongata,纺织娘,Mecopoda elongata,insect,2026D 0614-0608,2026-06-10T16:40:04,E:\tmp\生声不息AI挑战资料\2026_07_31_生声不息AI挑战说明\2026D 0614-0608\AAA001_20260610_164004.wav,2026D 0614-0608/AAA001_20260610_164004.wav,15.0,18.0,0.522301,ORGANIZER_PROVIDED,生声不息AI挑战赛项目组,杭州固定监测位点,challenge_823fe99897fbf6a888ed,15.000-18.000,pending,,,reference retrieval; not a species detection until reviewed
mecopoda_elongata_challenge_823fe99897fbf6a888ed_00036000,shengshengbuxi_2026_wild,mecopoda_elongata_challenge_823fe99897fbf6a888ed_00036000,mecopoda_elongata,纺织娘,Mecopoda elongata,insect,2026D 0614-0608,2026-06-10T16:40:04,E:\tmp\生声不息AI挑战资料\2026_07_31_生声不息AI挑战说明\2026D 0614-0608\AAA001_20260610_164004.wav,2026D 0614-0608/AAA001_20260610_164004.wav,36.0,39.0,0.51962,ORGANIZER_PROVIDED,生声不息AI挑战赛项目组,杭州固定监测位点,challenge_823fe99897fbf6a888ed,36.000-39.000,pending,,,reference retrieval; not a species detection until reviewed
microhyla_fissipes_challenge_d072839af2a6ef73c244_00057000,shengshengbuxi_2026_wild,microhyla_fissipes_challenge_d072839af2a6ef73c244_00057000,microhyla_fissipes,饰纹姬蛙,Microhyla fissipes,frog,2026A 0116-0122,2026-01-17T23:45:05,E:\tmp\生声不息AI挑战资料\2026_07_31_生声不息AI挑战说明\2026A 0116-0122\AAA001_20260117_234505.wav,2026A 0116-0122/AAA001_20260117_234505.wav,57.0,60.0,0.601124,ORGANIZER_PROVIDED,生声不息AI挑战赛项目组,杭州固定监测位点,challenge_d072839af2a6ef73c244,57.000-60.000,pending,,,reference retrieval; not a species detection until reviewed
microhyla_fissipes_challenge_97cf32e07c2f64f160f3_00054000,shengshengbuxi_2026_wild,microhyla_fissipes_challenge_97cf32e07c2f64f160f3_00054000,microhyla_fissipes,饰纹姬蛙,Microhyla fissipes,frog,2026A 0116-0122,2026-01-18T23:40:03,E:\tmp\生声不息AI挑战资料\2026_07_31_生声不息AI挑战说明\2026A 0116-0122\AAA001_20260118_234003.wav,2026A 0116-0122/AAA001_20260118_234003.wav,54.0,57.0,0.574098,ORGANIZER_PROVIDED,生声不息AI挑战赛项目组,杭州固定监测位点,challenge_97cf32e07c2f64f160f3,54.000-57.000,pending,,,reference retrieval; not a species detection until reviewed
microhyla_fissipes_challenge_d072839af2a6ef73c244_00042000,shengshengbuxi_2026_wild,microhyla_fissipes_challenge_d072839af2a6ef73c244_00042000,microhyla_fissipes,饰纹姬蛙,Microhyla fissipes,frog,2026A 0116-0122,2026-01-17T23:45:05,E:\tmp\生声不息AI挑战资料\2026_07_31_生声不息AI挑战说明\2026A 0116-0122\AAA001_20260117_234505.wav,2026A 0116-0122/AAA001_20260117_234505.wav,42.0,45.0,0.573755,ORGANIZER_PROVIDED,生声不息AI挑战赛项目组,杭州固定监测位点,challenge_d072839af2a6ef73c244,42.000-45.000,pending,,,reference retrieval; not a species detection until reviewed
microhyla_fissipes_challenge_97cf32e07c2f64f160f3_00009000,shengshengbuxi_2026_wild,microhyla_fissipes_challenge_97cf32e07c2f64f160f3_00009000,microhyla_fissipes,饰纹姬蛙,Microhyla fissipes,frog,2026A 0116-0122,2026-01-18T23:40:03,E:\tmp\生声不息AI挑战资料\2026_07_31_生声不息AI挑战说明\2026A 0116-0122\AAA001_20260118_234003.wav,2026A 0116-0122/AAA001_20260118_234003.wav,9.0,12.0,0.569072,ORGANIZER_PROVIDED,生声不息AI挑战赛项目组,杭州固定监测位点,challenge_97cf32e07c2f64f160f3,9.000-12.000,pending,,,reference retrieval; not a species detection until reviewed
microhyla_fissipes_challenge_341428561759f31b2501_00045000,shengshengbuxi_2026_wild,microhyla_fissipes_challenge_341428561759f31b2501_00045000,microhyla_fissipes,饰纹姬蛙,Microhyla fissipes,frog,2026A 0116-0122,2026-01-22T00:00:05,E:\tmp\生声不息AI挑战资料\2026_07_31_生声不息AI挑战说明\2026A 0116-0122\AAA001_20260122_000005.wav,2026A 0116-0122/AAA001_20260122_000005.wav,45.0,48.0,0.567271,ORGANIZER_PROVIDED,生声不息AI挑战赛项目组,杭州固定监测位点,challenge_341428561759f31b2501,45.000-48.000,pending,,,reference retrieval; not a species detection until reviewed
microhyla_fissipes_challenge_341428561759f31b2501_00054000,shengshengbuxi_2026_wild,microhyla_fissipes_challenge_341428561759f31b2501_00054000,microhyla_fissipes,饰纹姬蛙,Microhyla fissipes,frog,2026A 0116-0122,2026-01-22T00:00:05,E:\tmp\生声不息AI挑战资料\2026_07_31_生声不息AI挑战说明\2026A 0116-0122\AAA001_20260122_000005.wav,2026A 0116-0122/AAA001_20260122_000005.wav,54.0,57.0,0.56671,ORGANIZER_PROVIDED,生声不息AI挑战赛项目组,杭州固定监测位点,challenge_341428561759f31b2501,54.000-57.000,pending,,,reference retrieval; not a species detection until reviewed
microhyla_fissipes_challenge_d072839af2a6ef73c244_00045000,shengshengbuxi_2026_wild,microhyla_fissipes_challenge_d072839af2a6ef73c244_00045000,microhyla_fissipes,饰纹姬蛙,Microhyla fissipes,frog,2026A 0116-0122,2026-01-17T23:45:05,E:\tmp\生声不息AI挑战资料\2026_07_31_生声不息AI挑战说明\2026A 0116-0122\AAA001_20260117_234505.wav,2026A 0116-0122/AAA001_20260117_234505.wav,45.0,48.0,0.566637,ORGANIZER_PROVIDED,生声不息AI挑战赛项目组,杭州固定监测位点,challenge_d072839af2a6ef73c244,45.000-48.000,pending,,,reference retrieval; not a species detection until reviewed
microhyla_fissipes_challenge_97cf32e07c2f64f160f3_00057000,shengshengbuxi_2026_wild,microhyla_fissipes_challenge_97cf32e07c2f64f160f3_00057000,microhyla_fissipes,饰纹姬蛙,Microhyla fissipes,frog,2026A 0116-0122,2026-01-18T23:40:03,E:\tmp\生声不息AI挑战资料\2026_07_31_生声不息AI挑战说明\2026A 0116-0122\AAA001_20260118_234003.wav,2026A 0116-0122/AAA001_20260118_234003.wav,57.0,60.0,0.564426,ORGANIZER_PROVIDED,生声不息AI挑战赛项目组,杭州固定监测位点,challenge_97cf32e07c2f64f160f3,57.000-60.000,pending,,,reference retrieval; not a species detection until reviewed
microhyla_fissipes_challenge_341428561759f31b2501_00021000,shengshengbuxi_2026_wild,microhyla_fissipes_challenge_341428561759f31b2501_00021000,microhyla_fissipes,饰纹姬蛙,Microhyla fissipes,frog,2026A 0116-0122,2026-01-22T00:00:05,E:\tmp\生声不息AI挑战资料\2026_07_31_生声不息AI挑战说明\2026A 0116-0122\AAA001_20260122_000005.wav,2026A 0116-0122/AAA001_20260122_000005.wav,21.0,24.0,0.564363,ORGANIZER_PROVIDED,生声不息AI挑战赛项目组,杭州固定监测位点,challenge_341428561759f31b2501,21.000-24.000,pending,,,reference retrieval; not a species detection until reviewed
microhyla_fissipes_challenge_d072839af2a6ef73c244_00051000,shengshengbuxi_2026_wild,microhyla_fissipes_challenge_d072839af2a6ef73c244_00051000,microhyla_fissipes,饰纹姬蛙,Microhyla fissipes,frog,2026A 0116-0122,2026-01-17T23:45:05,E:\tmp\生声不息AI挑战资料\2026_07_31_生声不息AI挑战说明\2026A 0116-0122\AAA001_20260117_234505.wav,2026A 0116-0122/AAA001_20260117_234505.wav,51.0,54.0,0.564111,ORGANIZER_PROVIDED,生声不息AI挑战赛项目组,杭州固定监测位点,challenge_d072839af2a6ef73c244,51.000-54.000,pending,,,reference retrieval; not a species detection until reviewed
microhyla_fissipes_challenge_e993c012532830b45afd_00012000,shengshengbuxi_2026_wild,microhyla_fissipes_challenge_e993c012532830b45afd_00012000,microhyla_fissipes,饰纹姬蛙,Microhyla fissipes,frog,2026B 0326-0401,2026-03-28T23:30:03,E:\tmp\生声不息AI挑战资料\2026_07_31_生声不息AI挑战说明\2026B 0326-0401\AAA001_20260328_233003.wav,2026B 0326-0401/AAA001_20260328_233003.wav,12.0,15.0,0.549804,ORGANIZER_PROVIDED,生声不息AI挑战赛项目组,杭州固定监测位点,challenge_e993c012532830b45afd,12.000-15.000,pending,,,reference retrieval; not a species detection until reviewed
microhyla_fissipes_challenge_6f22075368d3dea8eb87_00030000,shengshengbuxi_2026_wild,microhyla_fissipes_challenge_6f22075368d3dea8eb87_00030000,microhyla_fissipes,饰纹姬蛙,Microhyla fissipes,frog,2026B 0326-0401,2026-03-31T23:45:04,E:\tmp\生声不息AI挑战资料\2026_07_31_生声不息AI挑战说明\2026B 0326-0401\AAA001_20260331_234504.wav,2026B 0326-0401/AAA001_20260331_234504.wav,30.0,33.0,0.546822,ORGANIZER_PROVIDED,生声不息AI挑战赛项目组,杭州固定监测位点,challenge_6f22075368d3dea8eb87,30.000-33.000,pending,,,reference retrieval; not a species detection until reviewed
microhyla_fissipes_challenge_5f46989630dc3bef1b66_00018000,shengshengbuxi_2026_wild,microhyla_fissipes_challenge_5f46989630dc3bef1b66_00018000,microhyla_fissipes,饰纹姬蛙,Microhyla fissipes,frog,2026B 0326-0401,2026-03-26T12:00:02,E:\tmp\生声不息AI挑战资料\2026_07_31_生声不息AI挑战说明\2026B 0326-0401\AAA001_20260326_120002.wav,2026B 0326-0401/AAA001_20260326_120002.wav,18.0,21.0,0.536812,ORGANIZER_PROVIDED,生声不息AI挑战赛项目组,杭州固定监测位点,challenge_5f46989630dc3bef1b66,18.000-21.000,pending,,,reference retrieval; not a species detection until reviewed
microhyla_fissipes_challenge_e993c012532830b45afd_00054000,shengshengbuxi_2026_wild,microhyla_fissipes_challenge_e993c012532830b45afd_00054000,microhyla_fissipes,饰纹姬蛙,Microhyla fissipes,frog,2026B 0326-0401,2026-03-28T23:30:03,E:\tmp\生声不息AI挑战资料\2026_07_31_生声不息AI挑战说明\2026B 0326-0401\AAA001_20260328_233003.wav,2026B 0326-0401/AAA001_20260328_233003.wav,54.0,57.0,0.535011,ORGANIZER_PROVIDED,生声不息AI挑战赛项目组,杭州固定监测位点,challenge_e993c012532830b45afd,54.000-57.000,pending,,,reference retrieval; not a species detection until reviewed
microhyla_fissipes_challenge_6f22075368d3dea8eb87_00003000,shengshengbuxi_2026_wild,microhyla_fissipes_challenge_6f22075368d3dea8eb87_00003000,microhyla_fissipes,饰纹姬蛙,Microhyla fissipes,frog,2026B 0326-0401,2026-03-31T23:45:04,E:\tmp\生声不息AI挑战资料\2026_07_31_生声不息AI挑战说明\2026B 0326-0401\AAA001_20260331_234504.wav,2026B 0326-0401/AAA001_20260331_234504.wav,3.0,6.0,0.534936,ORGANIZER_PROVIDED,生声不息AI挑战赛项目组,杭州固定监测位点,challenge_6f22075368d3dea8eb87,3.000-6.000,pending,,,reference retrieval; not a species detection until reviewed
microhyla_fissipes_challenge_6f22075368d3dea8eb87_00018000,shengshengbuxi_2026_wild,microhyla_fissipes_challenge_6f22075368d3dea8eb87_00018000,microhyla_fissipes,饰纹姬蛙,Microhyla fissipes,frog,2026B 0326-0401,2026-03-31T23:45:04,E:\tmp\生声不息AI挑战资料\2026_07_31_生声不息AI挑战说明\2026B 0326-0401\AAA001_20260331_234504.wav,2026B 0326-0401/AAA001_20260331_234504.wav,18.0,21.0,0.531604,ORGANIZER_PROVIDED,生声不息AI挑战赛项目组,杭州固定监测位点,challenge_6f22075368d3dea8eb87,18.000-21.000,pending,,,reference retrieval; not a species detection until reviewed
microhyla_fissipes_challenge_04e9aca90e9d0af0a25b_00018000,shengshengbuxi_2026_wild,microhyla_fissipes_challenge_04e9aca90e9d0af0a25b_00018000,microhyla_fissipes,饰纹姬蛙,Microhyla fissipes,frog,2026B 0326-0401,2026-03-31T17:30:02,E:\tmp\生声不息AI挑战资料\2026_07_31_生声不息AI挑战说明\2026B 0326-0401\AAA001_20260331_173002.wav,2026B 0326-0401/AAA001_20260331_173002.wav,18.0,21.0,0.530083,ORGANIZER_PROVIDED,生声不息AI挑战赛项目组,杭州固定监测位点,challenge_04e9aca90e9d0af0a25b,18.000-21.000,pending,,,reference retrieval; not a species detection until reviewed
microhyla_fissipes_challenge_6f22075368d3dea8eb87_00015000,shengshengbuxi_2026_wild,microhyla_fissipes_challenge_6f22075368d3dea8eb87_00015000,microhyla_fissipes,饰纹姬蛙,Microhyla fissipes,frog,2026B 0326-0401,2026-03-31T23:45:04,E:\tmp\生声不息AI挑战资料\2026_07_31_生声不息AI挑战说明\2026B 0326-0401\AAA001_20260331_234504.wav,2026B 0326-0401/AAA001_20260331_234504.wav,15.0,18.0,0.529924,ORGANIZER_PROVIDED,生声不息AI挑战赛项目组,杭州固定监测位点,challenge_6f22075368d3dea8eb87,15.000-18.000,pending,,,reference retrieval; not a species detection until reviewed
microhyla_fissipes_challenge_e993c012532830b45afd_00051000,shengshengbuxi_2026_wild,microhyla_fissipes_challenge_e993c012532830b45afd_00051000,microhyla_fissipes,饰纹姬蛙,Microhyla fissipes,frog,2026B 0326-0401,2026-03-28T23:30:03,E:\tmp\生声不息AI挑战资料\2026_07_31_生声不息AI挑战说明\2026B 0326-0401\AAA001_20260328_233003.wav,2026B 0326-0401/AAA001_20260328_233003.wav,51.0,54.0,0.529791,ORGANIZER_PROVIDED,生声不息AI挑战赛项目组,杭州固定监测位点,challenge_e993c012532830b45afd,51.000-54.000,pending,,,reference retrieval; not a species detection until reviewed
microhyla_fissipes_challenge_6f22075368d3dea8eb87_00027000,shengshengbuxi_2026_wild,microhyla_fissipes_challenge_6f22075368d3dea8eb87_00027000,microhyla_fissipes,饰纹姬蛙,Microhyla fissipes,frog,2026B 0326-0401,2026-03-31T23:45:04,E:\tmp\生声不息AI挑战资料\2026_07_31_生声不息AI挑战说明\2026B 0326-0401\AAA001_20260331_234504.wav,2026B 0326-0401/AAA001_20260331_234504.wav,27.0,30.0,0.529784,ORGANIZER_PROVIDED,生声不息AI挑战赛项目组,杭州固定监测位点,challenge_6f22075368d3dea8eb87,27.000-30.000,pending,,,reference retrieval; not a species detection until reviewed
microhyla_fissipes_challenge_beffeed25e5766ead751_00039000,shengshengbuxi_2026_wild,microhyla_fissipes_challenge_beffeed25e5766ead751_00039000,microhyla_fissipes,饰纹姬蛙,Microhyla fissipes,frog,2026C 0507-0513,2026-05-07T23:55:05,E:\tmp\生声不息AI挑战资料\2026_07_31_生声不息AI挑战说明\2026C 0507-0513\AAA001_20260507_235505.wav,2026C 0507-0513/AAA001_20260507_235505.wav,39.0,42.0,0.568661,ORGANIZER_PROVIDED,生声不息AI挑战赛项目组,杭州固定监测位点,challenge_beffeed25e5766ead751,39.000-42.000,pending,,,reference retrieval; not a species detection until reviewed
microhyla_fissipes_challenge_beffeed25e5766ead751_00024000,shengshengbuxi_2026_wild,microhyla_fissipes_challenge_beffeed25e5766ead751_00024000,microhyla_fissipes,饰纹姬蛙,Microhyla fissipes,frog,2026C 0507-0513,2026-05-07T23:55:05,E:\tmp\生声不息AI挑战资料\2026_07_31_生声不息AI挑战说明\2026C 0507-0513\AAA001_20260507_235505.wav,2026C 0507-0513/AAA001_20260507_235505.wav,24.0,27.0,0.556234,ORGANIZER_PROVIDED,生声不息AI挑战赛项目组,杭州固定监测位点,challenge_beffeed25e5766ead751,24.000-27.000,pending,,,reference retrieval; not a species detection until reviewed
microhyla_fissipes_challenge_258cfd09b12601235c93_00054000,shengshengbuxi_2026_wild,microhyla_fissipes_challenge_258cfd09b12601235c93_00054000,microhyla_fissipes,饰纹姬蛙,Microhyla fissipes,frog,2026C 0507-0513,2026-05-09T17:20:04,E:\tmp\生声不息AI挑战资料\2026_07_31_生声不息AI挑战说明\2026C 0507-0513\AAA001_20260509_172004.wav,2026C 0507-0513/AAA001_20260509_172004.wav,54.0,57.0,0.553032,ORGANIZER_PROVIDED,生声不息AI挑战赛项目组,杭州固定监测位点,challenge_258cfd09b12601235c93,54.000-57.000,pending,,,reference retrieval; not a species detection until reviewed
microhyla_fissipes_challenge_6940db049e53379bc5c6_00000000,shengshengbuxi_2026_wild,microhyla_fissipes_challenge_6940db049e53379bc5c6_00000000,microhyla_fissipes,饰纹姬蛙,Microhyla fissipes,frog,2026C 0507-0513,2026-05-11T12:00:06,E:\tmp\生声不息AI挑战资料\2026_07_31_生声不息AI挑战说明\2026C 0507-0513\AAA001_20260511_120006.wav,2026C 0507-0513/AAA001_20260511_120006.wav,0.0,3.0,0.549307,ORGANIZER_PROVIDED,生声不息AI挑战赛项目组,杭州固定监测位点,challenge_6940db049e53379bc5c6,0.000-3.000,pending,,,reference retrieval; not a species detection until reviewed
microhyla_fissipes_challenge_becd4ad86c5a0d9509ee_00051000,shengshengbuxi_2026_wild,microhyla_fissipes_challenge_becd4ad86c5a0d9509ee_00051000,microhyla_fissipes,饰纹姬蛙,Microhyla fissipes,frog,2026C 0507-0513,2026-05-11T23:55:02,E:\tmp\生声不息AI挑战资料\2026_07_31_生声不息AI挑战说明\2026C 0507-0513\AAA001_20260511_235502.wav,2026C 0507-0513/AAA001_20260511_235502.wav,51.0,54.0,0.548567,ORGANIZER_PROVIDED,生声不息AI挑战赛项目组,杭州固定监测位点,challenge_becd4ad86c5a0d9509ee,51.000-54.000,pending,,,reference retrieval; not a species detection until reviewed
microhyla_fissipes_challenge_a507784a5e305ce3b7da_00054000,shengshengbuxi_2026_wild,microhyla_fissipes_challenge_a507784a5e305ce3b7da_00054000,microhyla_fissipes,饰纹姬蛙,Microhyla fissipes,frog,2026C 0507-0513,2026-05-12T06:10:02,E:\tmp\生声不息AI挑战资料\2026_07_31_生声不息AI挑战说明\2026C 0507-0513\AAA001_20260512_061002.wav,2026C 0507-0513/AAA001_20260512_061002.wav,54.0,57.0,0.545946,ORGANIZER_PROVIDED,生声不息AI挑战赛项目组,杭州固定监测位点,challenge_a507784a5e305ce3b7da,54.000-57.000,pending,,,reference retrieval; not a species detection until reviewed
microhyla_fissipes_challenge_258cfd09b12601235c93_00003000,shengshengbuxi_2026_wild,microhyla_fissipes_challenge_258cfd09b12601235c93_00003000,microhyla_fissipes,饰纹姬蛙,Microhyla fissipes,frog,2026C 0507-0513,2026-05-09T17:20:04,E:\tmp\生声不息AI挑战资料\2026_07_31_生声不息AI挑战说明\2026C 0507-0513\AAA001_20260509_172004.wav,2026C 0507-0513/AAA001_20260509_172004.wav,3.0,6.0,0.544537,ORGANIZER_PROVIDED,生声不息AI挑战赛项目组,杭州固定监测位点,challenge_258cfd09b12601235c93,3.000-6.000,pending,,,reference retrieval; not a species detection until reviewed
microhyla_fissipes_challenge_becd4ad86c5a0d9509ee_00054000,shengshengbuxi_2026_wild,microhyla_fissipes_challenge_becd4ad86c5a0d9509ee_00054000,microhyla_fissipes,饰纹姬蛙,Microhyla fissipes,frog,2026C 0507-0513,2026-05-11T23:55:02,E:\tmp\生声不息AI挑战资料\2026_07_31_生声不息AI挑战说明\2026C 0507-0513\AAA001_20260511_235502.wav,2026C 0507-0513/AAA001_20260511_235502.wav,54.0,57.0,0.544233,ORGANIZER_PROVIDED,生声不息AI挑战赛项目组,杭州固定监测位点,challenge_becd4ad86c5a0d9509ee,54.000-57.000,pending,,,reference retrieval; not a species detection until reviewed
microhyla_fissipes_challenge_6342a5a4606e88c70358_00018000,shengshengbuxi_2026_wild,microhyla_fissipes_challenge_6342a5a4606e88c70358_00018000,microhyla_fissipes,饰纹姬蛙,Microhyla fissipes,frog,2026C 0507-0513,2026-05-09T11:40:04,E:\tmp\生声不息AI挑战资料\2026_07_31_生声不息AI挑战说明\2026C 0507-0513\AAA001_20260509_114004.wav,2026C 0507-0513/AAA001_20260509_114004.wav,18.0,21.0,0.541477,ORGANIZER_PROVIDED,生声不息AI挑战赛项目组,杭州固定监测位点,challenge_6342a5a4606e88c70358,18.000-21.000,pending,,,reference retrieval; not a species detection until reviewed
microhyla_fissipes_challenge_6940db049e53379bc5c6_00054000,shengshengbuxi_2026_wild,microhyla_fissipes_challenge_6940db049e53379bc5c6_00054000,microhyla_fissipes,饰纹姬蛙,Microhyla fissipes,frog,2026C 0507-0513,2026-05-11T12:00:06,E:\tmp\生声不息AI挑战资料\2026_07_31_生声不息AI挑战说明\2026C 0507-0513\AAA001_20260511_120006.wav,2026C 0507-0513/AAA001_20260511_120006.wav,54.0,57.0,0.537124,ORGANIZER_PROVIDED,生声不息AI挑战赛项目组,杭州固定监测位点,challenge_6940db049e53379bc5c6,54.000-57.000,pending,,,reference retrieval; not a species detection until reviewed
microhyla_fissipes_challenge_6ea2f9c0939b11a6c6e5_00000000,shengshengbuxi_2026_wild,microhyla_fissipes_challenge_6ea2f9c0939b11a6c6e5_00000000,microhyla_fissipes,饰纹姬蛙,Microhyla fissipes,frog,2026D 0614-0608,2026-06-14T21:20:04,E:\tmp\生声不息AI挑战资料\2026_07_31_生声不息AI挑战说明\2026D 0614-0608\AAA001_20260614_212004.wav,2026D 0614-0608/AAA001_20260614_212004.wav,0.0,3.0,0.593575,ORGANIZER_PROVIDED,生声不息AI挑战赛项目组,杭州固定监测位点,challenge_6ea2f9c0939b11a6c6e5,0.000-3.000,pending,,,reference retrieval; not a species detection until reviewed
microhyla_fissipes_challenge_8cf47c37b5d3d5bf684a_00033000,shengshengbuxi_2026_wild,microhyla_fissipes_challenge_8cf47c37b5d3d5bf684a_00033000,microhyla_fissipes,饰纹姬蛙,Microhyla fissipes,frog,2026D 0614-0608,2026-06-10T22:40:02,E:\tmp\生声不息AI挑战资料\2026_07_31_生声不息AI挑战说明\2026D 0614-0608\AAA001_20260610_224002.wav,2026D 0614-0608/AAA001_20260610_224002.wav,33.0,36.0,0.593421,ORGANIZER_PROVIDED,生声不息AI挑战赛项目组,杭州固定监测位点,challenge_8cf47c37b5d3d5bf684a,33.000-36.000,pending,,,reference retrieval; not a species detection until reviewed
microhyla_fissipes_challenge_8cf47c37b5d3d5bf684a_00012000,shengshengbuxi_2026_wild,microhyla_fissipes_challenge_8cf47c37b5d3d5bf684a_00012000,microhyla_fissipes,饰纹姬蛙,Microhyla fissipes,frog,2026D 0614-0608,2026-06-10T22:40:02,E:\tmp\生声不息AI挑战资料\2026_07_31_生声不息AI挑战说明\2026D 0614-0608\AAA001_20260610_224002.wav,2026D 0614-0608/AAA001_20260610_224002.wav,12.0,15.0,0.582044,ORGANIZER_PROVIDED,生声不息AI挑战赛项目组,杭州固定监测位点,challenge_8cf47c37b5d3d5bf684a,12.000-15.000,pending,,,reference retrieval; not a species detection until reviewed
microhyla_fissipes_challenge_8cf47c37b5d3d5bf684a_00003000,shengshengbuxi_2026_wild,microhyla_fissipes_challenge_8cf47c37b5d3d5bf684a_00003000,microhyla_fissipes,饰纹姬蛙,Microhyla fissipes,frog,2026D 0614-0608,2026-06-10T22:40:02,E:\tmp\生声不息AI挑战资料\2026_07_31_生声不息AI挑战说明\2026D 0614-0608\AAA001_20260610_224002.wav,2026D 0614-0608/AAA001_20260610_224002.wav,3.0,6.0,0.580872,ORGANIZER_PROVIDED,生声不息AI挑战赛项目组,杭州固定监测位点,challenge_8cf47c37b5d3d5bf684a,3.000-6.000,pending,,,reference retrieval; not a species detection until reviewed
microhyla_fissipes_challenge_8cf47c37b5d3d5bf684a_00039000,shengshengbuxi_2026_wild,microhyla_fissipes_challenge_8cf47c37b5d3d5bf684a_00039000,microhyla_fissipes,饰纹姬蛙,Microhyla fissipes,frog,2026D 0614-0608,2026-06-10T22:40:02,E:\tmp\生声不息AI挑战资料\2026_07_31_生声不息AI挑战说明\2026D 0614-0608\AAA001_20260610_224002.wav,2026D 0614-0608/AAA001_20260610_224002.wav,39.0,42.0,0.580517,ORGANIZER_PROVIDED,生声不息AI挑战赛项目组,杭州固定监测位点,challenge_8cf47c37b5d3d5bf684a,39.000-42.000,pending,,,reference retrieval; not a species detection until reviewed
microhyla_fissipes_challenge_8cf47c37b5d3d5bf684a_00027000,shengshengbuxi_2026_wild,microhyla_fissipes_challenge_8cf47c37b5d3d5bf684a_00027000,microhyla_fissipes,饰纹姬蛙,Microhyla fissipes,frog,2026D 0614-0608,2026-06-10T22:40:02,E:\tmp\生声不息AI挑战资料\2026_07_31_生声不息AI挑战说明\2026D 0614-0608\AAA001_20260610_224002.wav,2026D 0614-0608/AAA001_20260610_224002.wav,27.0,30.0,0.577787,ORGANIZER_PROVIDED,生声不息AI挑战赛项目组,杭州固定监测位点,challenge_8cf47c37b5d3d5bf684a,27.000-30.000,pending,,,reference retrieval; not a species detection until reviewed
microhyla_fissipes_challenge_8cf47c37b5d3d5bf684a_00048000,shengshengbuxi_2026_wild,microhyla_fissipes_challenge_8cf47c37b5d3d5bf684a_00048000,microhyla_fissipes,饰纹姬蛙,Microhyla fissipes,frog,2026D 0614-0608,2026-06-10T22:40:02,E:\tmp\生声不息AI挑战资料\2026_07_31_生声不息AI挑战说明\2026D 0614-0608\AAA001_20260610_224002.wav,2026D 0614-0608/AAA001_20260610_224002.wav,48.0,51.0,0.577577,ORGANIZER_PROVIDED,生声不息AI挑战赛项目组,杭州固定监测位点,challenge_8cf47c37b5d3d5bf684a,48.000-51.000,pending,,,reference retrieval; not a species detection until reviewed
microhyla_fissipes_challenge_6ea2f9c0939b11a6c6e5_00018000,shengshengbuxi_2026_wild,microhyla_fissipes_challenge_6ea2f9c0939b11a6c6e5_00018000,microhyla_fissipes,饰纹姬蛙,Microhyla fissipes,frog,2026D 0614-0608,2026-06-14T21:20:04,E:\tmp\生声不息AI挑战资料\2026_07_31_生声不息AI挑战说明\2026D 0614-0608\AAA001_20260614_212004.wav,2026D 0614-0608/AAA001_20260614_212004.wav,18.0,21.0,0.572939,ORGANIZER_PROVIDED,生声不息AI挑战赛项目组,杭州固定监测位点,challenge_6ea2f9c0939b11a6c6e5,18.000-21.000,pending,,,reference retrieval; not a species detection until reviewed
microhyla_fissipes_challenge_4bc5dbc87892b421656f_00036000,shengshengbuxi_2026_wild,microhyla_fissipes_challenge_4bc5dbc87892b421656f_00036000,microhyla_fissipes,饰纹姬蛙,Microhyla fissipes,frog,2026D 0614-0608,2026-06-14T03:15:02,E:\tmp\生声不息AI挑战资料\2026_07_31_生声不息AI挑战说明\2026D 0614-0608\AAA001_20260614_031502.wav,2026D 0614-0608/AAA001_20260614_031502.wav,36.0,39.0,0.572165,ORGANIZER_PROVIDED,生声不息AI挑战赛项目组,杭州固定监测位点,challenge_4bc5dbc87892b421656f,36.000-39.000,pending,,,reference retrieval; not a species detection until reviewed
microhyla_fissipes_challenge_8cf47c37b5d3d5bf684a_00000000,shengshengbuxi_2026_wild,microhyla_fissipes_challenge_8cf47c37b5d3d5bf684a_00000000,microhyla_fissipes,饰纹姬蛙,Microhyla fissipes,frog,2026D 0614-0608,2026-06-10T22:40:02,E:\tmp\生声不息AI挑战资料\2026_07_31_生声不息AI挑战说明\2026D 0614-0608\AAA001_20260610_224002.wav,2026D 0614-0608/AAA001_20260610_224002.wav,0.0,3.0,0.572112,ORGANIZER_PROVIDED,生声不息AI挑战赛项目组,杭州固定监测位点,challenge_8cf47c37b5d3d5bf684a,0.000-3.000,pending,,,reference retrieval; not a species detection until reviewed
nidirana_mangveni_challenge_4785014132b8158913ef_00048000,shengshengbuxi_2026_wild,nidirana_mangveni_challenge_4785014132b8158913ef_00048000,nidirana_mangveni,孟闻琴蛙,Nidirana mangveni,frog,2026A 0116-0122,2026-01-18T05:30:04,E:\tmp\生声不息AI挑战资料\2026_07_31_生声不息AI挑战说明\2026A 0116-0122\AAA001_20260118_053004.wav,2026A 0116-0122/AAA001_20260118_053004.wav,48.0,51.0,0.629037,ORGANIZER_PROVIDED,生声不息AI挑战赛项目组,杭州固定监测位点,challenge_4785014132b8158913ef,48.000-51.000,pending,,,reference retrieval; not a species detection until reviewed
nidirana_mangveni_challenge_67476dadb59fe95fcca7_00006000,shengshengbuxi_2026_wild,nidirana_mangveni_challenge_67476dadb59fe95fcca7_00006000,nidirana_mangveni,孟闻琴蛙,Nidirana mangveni,frog,2026A 0116-0122,2026-01-16T23:55:04,E:\tmp\生声不息AI挑战资料\2026_07_31_生声不息AI挑战说明\2026A 0116-0122\AAA001_20260116_235504.wav,2026A 0116-0122/AAA001_20260116_235504.wav,6.0,9.0,0.608144,ORGANIZER_PROVIDED,生声不息AI挑战赛项目组,杭州固定监测位点,challenge_67476dadb59fe95fcca7,6.000-9.000,pending,,,reference retrieval; not a species detection until reviewed
nidirana_mangveni_challenge_97cf32e07c2f64f160f3_00054000,shengshengbuxi_2026_wild,nidirana_mangveni_challenge_97cf32e07c2f64f160f3_00054000,nidirana_mangveni,孟闻琴蛙,Nidirana mangveni,frog,2026A 0116-0122,2026-01-18T23:40:03,E:\tmp\生声不息AI挑战资料\2026_07_31_生声不息AI挑战说明\2026A 0116-0122\AAA001_20260118_234003.wav,2026A 0116-0122/AAA001_20260118_234003.wav,54.0,57.0,0.60752,ORGANIZER_PROVIDED,生声不息AI挑战赛项目组,杭州固定监测位点,challenge_97cf32e07c2f64f160f3,54.000-57.000,pending,,,reference retrieval; not a species detection until reviewed
nidirana_mangveni_challenge_67476dadb59fe95fcca7_00000000,shengshengbuxi_2026_wild,nidirana_mangveni_challenge_67476dadb59fe95fcca7_00000000,nidirana_mangveni,孟闻琴蛙,Nidirana mangveni,frog,2026A 0116-0122,2026-01-16T23:55:04,E:\tmp\生声不息AI挑战资料\2026_07_31_生声不息AI挑战说明\2026A 0116-0122\AAA001_20260116_235504.wav,2026A 0116-0122/AAA001_20260116_235504.wav,0.0,3.0,0.604785,ORGANIZER_PROVIDED,生声不息AI挑战赛项目组,杭州固定监测位点,challenge_67476dadb59fe95fcca7,0.000-3.000,pending,,,reference retrieval; not a species detection until reviewed
nidirana_mangveni_challenge_67476dadb59fe95fcca7_00009000,shengshengbuxi_2026_wild,nidirana_mangveni_challenge_67476dadb59fe95fcca7_00009000,nidirana_mangveni,孟闻琴蛙,Nidirana mangveni,frog,2026A 0116-0122,2026-01-16T23:55:04,E:\tmp\生声不息AI挑战资料\2026_07_31_生声不息AI挑战说明\2026A 0116-0122\AAA001_20260116_235504.wav,2026A 0116-0122/AAA001_20260116_235504.wav,9.0,12.0,0.604086,ORGANIZER_PROVIDED,生声不息AI挑战赛项目组,杭州固定监测位点,challenge_67476dadb59fe95fcca7,9.000-12.000,pending,,,reference retrieval; not a species detection until reviewed
nidirana_mangveni_challenge_67476dadb59fe95fcca7_00033000,shengshengbuxi_2026_wild,nidirana_mangveni_challenge_67476dadb59fe95fcca7_00033000,nidirana_mangveni,孟闻琴蛙,Nidirana mangveni,frog,2026A 0116-0122,2026-01-16T23:55:04,E:\tmp\生声不息AI挑战资料\2026_07_31_生声不息AI挑战说明\2026A 0116-0122\AAA001_20260116_235504.wav,2026A 0116-0122/AAA001_20260116_235504.wav,33.0,36.0,0.602098,ORGANIZER_PROVIDED,生声不息AI挑战赛项目组,杭州固定监测位点,challenge_67476dadb59fe95fcca7,33.000-36.000,pending,,,reference retrieval; not a species detection until reviewed
nidirana_mangveni_challenge_e2c54d6d6afdf51a4e2b_00033000,shengshengbuxi_2026_wild,nidirana_mangveni_challenge_e2c54d6d6afdf51a4e2b_00033000,nidirana_mangveni,孟闻琴蛙,Nidirana mangveni,frog,2026A 0116-0122,2026-01-19T17:50:01,E:\tmp\生声不息AI挑战资料\2026_07_31_生声不息AI挑战说明\2026A 0116-0122\AAA001_20260119_175001.wav,2026A 0116-0122/AAA001_20260119_175001.wav,33.0,36.0,0.601367,ORGANIZER_PROVIDED,生声不息AI挑战赛项目组,杭州固定监测位点,challenge_e2c54d6d6afdf51a4e2b,33.000-36.000,pending,,,reference retrieval; not a species detection until reviewed
nidirana_mangveni_challenge_d072839af2a6ef73c244_00000000,shengshengbuxi_2026_wild,nidirana_mangveni_challenge_d072839af2a6ef73c244_00000000,nidirana_mangveni,孟闻琴蛙,Nidirana mangveni,frog,2026A 0116-0122,2026-01-17T23:45:05,E:\tmp\生声不息AI挑战资料\2026_07_31_生声不息AI挑战说明\2026A 0116-0122\AAA001_20260117_234505.wav,2026A 0116-0122/AAA001_20260117_234505.wav,0.0,3.0,0.59999,ORGANIZER_PROVIDED,生声不息AI挑战赛项目组,杭州固定监测位点,challenge_d072839af2a6ef73c244,0.000-3.000,pending,,,reference retrieval; not a species detection until reviewed
nidirana_mangveni_challenge_e2c54d6d6afdf51a4e2b_00051000,shengshengbuxi_2026_wild,nidirana_mangveni_challenge_e2c54d6d6afdf51a4e2b_00051000,nidirana_mangveni,孟闻琴蛙,Nidirana mangveni,frog,2026A 0116-0122,2026-01-19T17:50:01,E:\tmp\生声不息AI挑战资料\2026_07_31_生声不息AI挑战说明\2026A 0116-0122\AAA001_20260119_175001.wav,2026A 0116-0122/AAA001_20260119_175001.wav,51.0,54.0,0.598692,ORGANIZER_PROVIDED,生声不息AI挑战赛项目组,杭州固定监测位点,challenge_e2c54d6d6afdf51a4e2b,51.000-54.000,pending,,,reference retrieval; not a species detection until reviewed
nidirana_mangveni_challenge_e2c54d6d6afdf51a4e2b_00018000,shengshengbuxi_2026_wild,nidirana_mangveni_challenge_e2c54d6d6afdf51a4e2b_00018000,nidirana_mangveni,孟闻琴蛙,Nidirana mangveni,frog,2026A 0116-0122,2026-01-19T17:50:01,E:\tmp\生声不息AI挑战资料\2026_07_31_生声不息AI挑战说明\2026A 0116-0122\AAA001_20260119_175001.wav,2026A 0116-0122/AAA001_20260119_175001.wav,18.0,21.0,0.597176,ORGANIZER_PROVIDED,生声不息AI挑战赛项目组,杭州固定监测位点,challenge_e2c54d6d6afdf51a4e2b,18.000-21.000,pending,,,reference retrieval; not a species detection until reviewed
nidirana_mangveni_challenge_ec1267fe3b044c3a05fd_00045000,shengshengbuxi_2026_wild,nidirana_mangveni_challenge_ec1267fe3b044c3a05fd_00045000,nidirana_mangveni,孟闻琴蛙,Nidirana mangveni,frog,2026B 0326-0401,2026-03-27T23:40:01,E:\tmp\生声不息AI挑战资料\2026_07_31_生声不息AI挑战说明\2026B 0326-0401\AAA001_20260327_234001.wav,2026B 0326-0401/AAA001_20260327_234001.wav,45.0,48.0,0.636071,ORGANIZER_PROVIDED,生声不息AI挑战赛项目组,杭州固定监测位点,challenge_ec1267fe3b044c3a05fd,45.000-48.000,pending,,,reference retrieval; not a species detection until reviewed
nidirana_mangveni_challenge_ec1267fe3b044c3a05fd_00048000,shengshengbuxi_2026_wild,nidirana_mangveni_challenge_ec1267fe3b044c3a05fd_00048000,nidirana_mangveni,孟闻琴蛙,Nidirana mangveni,frog,2026B 0326-0401,2026-03-27T23:40:01,E:\tmp\生声不息AI挑战资料\2026_07_31_生声不息AI挑战说明\2026B 0326-0401\AAA001_20260327_234001.wav,2026B 0326-0401/AAA001_20260327_234001.wav,48.0,51.0,0.617447,ORGANIZER_PROVIDED,生声不息AI挑战赛项目组,杭州固定监测位点,challenge_ec1267fe3b044c3a05fd,48.000-51.000,pending,,,reference retrieval; not a species detection until reviewed
nidirana_mangveni_challenge_6f22075368d3dea8eb87_00045000,shengshengbuxi_2026_wild,nidirana_mangveni_challenge_6f22075368d3dea8eb87_00045000,nidirana_mangveni,孟闻琴蛙,Nidirana mangveni,frog,2026B 0326-0401,2026-03-31T23:45:04,E:\tmp\生声不息AI挑战资料\2026_07_31_生声不息AI挑战说明\2026B 0326-0401\AAA001_20260331_234504.wav,2026B 0326-0401/AAA001_20260331_234504.wav,45.0,48.0,0.61345,ORGANIZER_PROVIDED,生声不息AI挑战赛项目组,杭州固定监测位点,challenge_6f22075368d3dea8eb87,45.000-48.000,pending,,,reference retrieval; not a species detection until reviewed
nidirana_mangveni_challenge_e993c012532830b45afd_00054000,shengshengbuxi_2026_wild,nidirana_mangveni_challenge_e993c012532830b45afd_00054000,nidirana_mangveni,孟闻琴蛙,Nidirana mangveni,frog,2026B 0326-0401,2026-03-28T23:30:03,E:\tmp\生声不息AI挑战资料\2026_07_31_生声不息AI挑战说明\2026B 0326-0401\AAA001_20260328_233003.wav,2026B 0326-0401/AAA001_20260328_233003.wav,54.0,57.0,0.60634,ORGANIZER_PROVIDED,生声不息AI挑战赛项目组,杭州固定监测位点,challenge_e993c012532830b45afd,54.000-57.000,pending,,,reference retrieval; not a species detection until reviewed
nidirana_mangveni_challenge_ec1267fe3b044c3a05fd_00018000,shengshengbuxi_2026_wild,nidirana_mangveni_challenge_ec1267fe3b044c3a05fd_00018000,nidirana_mangveni,孟闻琴蛙,Nidirana mangveni,frog,2026B 0326-0401,2026-03-27T23:40:01,E:\tmp\生声不息AI挑战资料\2026_07_31_生声不息AI挑战说明\2026B 0326-0401\AAA001_20260327_234001.wav,2026B 0326-0401/AAA001_20260327_234001.wav,18.0,21.0,0.601106,ORGANIZER_PROVIDED,生声不息AI挑战赛项目组,杭州固定监测位点,challenge_ec1267fe3b044c3a05fd,18.000-21.000,pending,,,reference retrieval; not a species detection until reviewed
nidirana_mangveni_challenge_ec1267fe3b044c3a05fd_00042000,shengshengbuxi_2026_wild,nidirana_mangveni_challenge_ec1267fe3b044c3a05fd_00042000,nidirana_mangveni,孟闻琴蛙,Nidirana mangveni,frog,2026B 0326-0401,2026-03-27T23:40:01,E:\tmp\生声不息AI挑战资料\2026_07_31_生声不息AI挑战说明\2026B 0326-0401\AAA001_20260327_234001.wav,2026B 0326-0401/AAA001_20260327_234001.wav,42.0,45.0,0.60093,ORGANIZER_PROVIDED,生声不息AI挑战赛项目组,杭州固定监测位点,challenge_ec1267fe3b044c3a05fd,42.000-45.000,pending,,,reference retrieval; not a species detection until reviewed
nidirana_mangveni_challenge_44a1e42e76e9d5e98a75_00006000,shengshengbuxi_2026_wild,nidirana_mangveni_challenge_44a1e42e76e9d5e98a75_00006000,nidirana_mangveni,孟闻琴蛙,Nidirana mangveni,frog,2026B 0326-0401,2026-03-30T23:55:01,E:\tmp\生声不息AI挑战资料\2026_07_31_生声不息AI挑战说明\2026B 0326-0401\AAA001_20260330_235501.wav,2026B 0326-0401/AAA001_20260330_235501.wav,6.0,9.0,0.600305,ORGANIZER_PROVIDED,生声不息AI挑战赛项目组,杭州固定监测位点,challenge_44a1e42e76e9d5e98a75,6.000-9.000,pending,,,reference retrieval; not a species detection until reviewed
nidirana_mangveni_challenge_6f22075368d3dea8eb87_00054000,shengshengbuxi_2026_wild,nidirana_mangveni_challenge_6f22075368d3dea8eb87_00054000,nidirana_mangveni,孟闻琴蛙,Nidirana mangveni,frog,2026B 0326-0401,2026-03-31T23:45:04,E:\tmp\生声不息AI挑战资料\2026_07_31_生声不息AI挑战说明\2026B 0326-0401\AAA001_20260331_234504.wav,2026B 0326-0401/AAA001_20260331_234504.wav,54.0,57.0,0.59418,ORGANIZER_PROVIDED,生声不息AI挑战赛项目组,杭州固定监测位点,challenge_6f22075368d3dea8eb87,54.000-57.000,pending,,,reference retrieval; not a species detection until reviewed
nidirana_mangveni_challenge_ec1267fe3b044c3a05fd_00015000,shengshengbuxi_2026_wild,nidirana_mangveni_challenge_ec1267fe3b044c3a05fd_00015000,nidirana_mangveni,孟闻琴蛙,Nidirana mangveni,frog,2026B 0326-0401,2026-03-27T23:40:01,E:\tmp\生声不息AI挑战资料\2026_07_31_生声不息AI挑战说明\2026B 0326-0401\AAA001_20260327_234001.wav,2026B 0326-0401/AAA001_20260327_234001.wav,15.0,18.0,0.594043,ORGANIZER_PROVIDED,生声不息AI挑战赛项目组,杭州固定监测位点,challenge_ec1267fe3b044c3a05fd,15.000-18.000,pending,,,reference retrieval; not a species detection until reviewed
nidirana_mangveni_challenge_6f22075368d3dea8eb87_00015000,shengshengbuxi_2026_wild,nidirana_mangveni_challenge_6f22075368d3dea8eb87_00015000,nidirana_mangveni,孟闻琴蛙,Nidirana mangveni,frog,2026B 0326-0401,2026-03-31T23:45:04,E:\tmp\生声不息AI挑战资料\2026_07_31_生声不息AI挑战说明\2026B 0326-0401\AAA001_20260331_234504.wav,2026B 0326-0401/AAA001_20260331_234504.wav,15.0,18.0,0.593335,ORGANIZER_PROVIDED,生声不息AI挑战赛项目组,杭州固定监测位点,challenge_6f22075368d3dea8eb87,15.000-18.000,pending,,,reference retrieval; not a species detection until reviewed
nidirana_mangveni_challenge_beffeed25e5766ead751_00024000,shengshengbuxi_2026_wild,nidirana_mangveni_challenge_beffeed25e5766ead751_00024000,nidirana_mangveni,孟闻琴蛙,Nidirana mangveni,frog,2026C 0507-0513,2026-05-07T23:55:05,E:\tmp\生声不息AI挑战资料\2026_07_31_生声不息AI挑战说明\2026C 0507-0513\AAA001_20260507_235505.wav,2026C 0507-0513/AAA001_20260507_235505.wav,24.0,27.0,0.628678,ORGANIZER_PROVIDED,生声不息AI挑战赛项目组,杭州固定监测位点,challenge_beffeed25e5766ead751,24.000-27.000,pending,,,reference retrieval; not a species detection until reviewed
nidirana_mangveni_challenge_6342a5a4606e88c70358_00018000,shengshengbuxi_2026_wild,nidirana_mangveni_challenge_6342a5a4606e88c70358_00018000,nidirana_mangveni,孟闻琴蛙,Nidirana mangveni,frog,2026C 0507-0513,2026-05-09T11:40:04,E:\tmp\生声不息AI挑战资料\2026_07_31_生声不息AI挑战说明\2026C 0507-0513\AAA001_20260509_114004.wav,2026C 0507-0513/AAA001_20260509_114004.wav,18.0,21.0,0.626018,ORGANIZER_PROVIDED,生声不息AI挑战赛项目组,杭州固定监测位点,challenge_6342a5a4606e88c70358,18.000-21.000,pending,,,reference retrieval; not a species detection until reviewed
nidirana_mangveni_challenge_0139da9a874b7a480c11_00051000,shengshengbuxi_2026_wild,nidirana_mangveni_challenge_0139da9a874b7a480c11_00051000,nidirana_mangveni,孟闻琴蛙,Nidirana mangveni,frog,2026C 0507-0513,2026-05-07T17:40:03,E:\tmp\生声不息AI挑战资料\2026_07_31_生声不息AI挑战说明\2026C 0507-0513\AAA001_20260507_174003.wav,2026C 0507-0513/AAA001_20260507_174003.wav,51.0,54.0,0.609004,ORGANIZER_PROVIDED,生声不息AI挑战赛项目组,杭州固定监测位点,challenge_0139da9a874b7a480c11,51.000-54.000,pending,,,reference retrieval; not a species detection until reviewed
nidirana_mangveni_challenge_beffeed25e5766ead751_00048000,shengshengbuxi_2026_wild,nidirana_mangveni_challenge_beffeed25e5766ead751_00048000,nidirana_mangveni,孟闻琴蛙,Nidirana mangveni,frog,2026C 0507-0513,2026-05-07T23:55:05,E:\tmp\生声不息AI挑战资料\2026_07_31_生声不息AI挑战说明\2026C 0507-0513\AAA001_20260507_235505.wav,2026C 0507-0513/AAA001_20260507_235505.wav,48.0,51.0,0.605505,ORGANIZER_PROVIDED,生声不息AI挑战赛项目组,杭州固定监测位点,challenge_beffeed25e5766ead751,48.000-51.000,pending,,,reference retrieval; not a species detection until reviewed
nidirana_mangveni_challenge_beffeed25e5766ead751_00039000,shengshengbuxi_2026_wild,nidirana_mangveni_challenge_beffeed25e5766ead751_00039000,nidirana_mangveni,孟闻琴蛙,Nidirana mangveni,frog,2026C 0507-0513,2026-05-07T23:55:05,E:\tmp\生声不息AI挑战资料\2026_07_31_生声不息AI挑战说明\2026C 0507-0513\AAA001_20260507_235505.wav,2026C 0507-0513/AAA001_20260507_235505.wav,39.0,42.0,0.602191,ORGANIZER_PROVIDED,生声不息AI挑战赛项目组,杭州固定监测位点,challenge_beffeed25e5766ead751,39.000-42.000,pending,,,reference retrieval; not a species detection until reviewed
nidirana_mangveni_challenge_beffeed25e5766ead751_00042000,shengshengbuxi_2026_wild,nidirana_mangveni_challenge_beffeed25e5766ead751_00042000,nidirana_mangveni,孟闻琴蛙,Nidirana mangveni,frog,2026C 0507-0513,2026-05-07T23:55:05,E:\tmp\生声不息AI挑战资料\2026_07_31_生声不息AI挑战说明\2026C 0507-0513\AAA001_20260507_235505.wav,2026C 0507-0513/AAA001_20260507_235505.wav,42.0,45.0,0.600268,ORGANIZER_PROVIDED,生声不息AI挑战赛项目组,杭州固定监测位点,challenge_beffeed25e5766ead751,42.000-45.000,pending,,,reference retrieval; not a species detection until reviewed
nidirana_mangveni_challenge_beffeed25e5766ead751_00030000,shengshengbuxi_2026_wild,nidirana_mangveni_challenge_beffeed25e5766ead751_00030000,nidirana_mangveni,孟闻琴蛙,Nidirana mangveni,frog,2026C 0507-0513,2026-05-07T23:55:05,E:\tmp\生声不息AI挑战资料\2026_07_31_生声不息AI挑战说明\2026C 0507-0513\AAA001_20260507_235505.wav,2026C 0507-0513/AAA001_20260507_235505.wav,30.0,33.0,0.598037,ORGANIZER_PROVIDED,生声不息AI挑战赛项目组,杭州固定监测位点,challenge_beffeed25e5766ead751,30.000-33.000,pending,,,reference retrieval; not a species detection until reviewed
nidirana_mangveni_challenge_becd4ad86c5a0d9509ee_00051000,shengshengbuxi_2026_wild,nidirana_mangveni_challenge_becd4ad86c5a0d9509ee_00051000,nidirana_mangveni,孟闻琴蛙,Nidirana mangveni,frog,2026C 0507-0513,2026-05-11T23:55:02,E:\tmp\生声不息AI挑战资料\2026_07_31_生声不息AI挑战说明\2026C 0507-0513\AAA001_20260511_235502.wav,2026C 0507-0513/AAA001_20260511_235502.wav,51.0,54.0,0.597784,ORGANIZER_PROVIDED,生声不息AI挑战赛项目组,杭州固定监测位点,challenge_becd4ad86c5a0d9509ee,51.000-54.000,pending,,,reference retrieval; not a species detection until reviewed
nidirana_mangveni_challenge_beffeed25e5766ead751_00045000,shengshengbuxi_2026_wild,nidirana_mangveni_challenge_beffeed25e5766ead751_00045000,nidirana_mangveni,孟闻琴蛙,Nidirana mangveni,frog,2026C 0507-0513,2026-05-07T23:55:05,E:\tmp\生声不息AI挑战资料\2026_07_31_生声不息AI挑战说明\2026C 0507-0513\AAA001_20260507_235505.wav,2026C 0507-0513/AAA001_20260507_235505.wav,45.0,48.0,0.595855,ORGANIZER_PROVIDED,生声不息AI挑战赛项目组,杭州固定监测位点,challenge_beffeed25e5766ead751,45.000-48.000,pending,,,reference retrieval; not a species detection until reviewed
nidirana_mangveni_challenge_42679d52797810b2d926_00021000,shengshengbuxi_2026_wild,nidirana_mangveni_challenge_42679d52797810b2d926_00021000,nidirana_mangveni,孟闻琴蛙,Nidirana mangveni,frog,2026C 0507-0513,2026-05-13T12:00:05,E:\tmp\生声不息AI挑战资料\2026_07_31_生声不息AI挑战说明\2026C 0507-0513\AAA001_20260513_120005.wav,2026C 0507-0513/AAA001_20260513_120005.wav,21.0,24.0,0.593552,ORGANIZER_PROVIDED,生声不息AI挑战赛项目组,杭州固定监测位点,challenge_42679d52797810b2d926,21.000-24.000,pending,,,reference retrieval; not a species detection until reviewed
nidirana_mangveni_challenge_76def37228d71cdf8d91_00000000,shengshengbuxi_2026_wild,nidirana_mangveni_challenge_76def37228d71cdf8d91_00000000,nidirana_mangveni,孟闻琴蛙,Nidirana mangveni,frog,2026D 0614-0608,2026-06-12T16:10:06,E:\tmp\生声不息AI挑战资料\2026_07_31_生声不息AI挑战说明\2026D 0614-0608\AAA001_20260612_161006.wav,2026D 0614-0608/AAA001_20260612_161006.wav,0.0,3.0,0.679633,ORGANIZER_PROVIDED,生声不息AI挑战赛项目组,杭州固定监测位点,challenge_76def37228d71cdf8d91,0.000-3.000,pending,,,reference retrieval; not a species detection until reviewed
nidirana_mangveni_challenge_ae47b7d55357760ea6ff_00057000,shengshengbuxi_2026_wild,nidirana_mangveni_challenge_ae47b7d55357760ea6ff_00057000,nidirana_mangveni,孟闻琴蛙,Nidirana mangveni,frog,2026D 0614-0608,2026-06-14T14:55:05,E:\tmp\生声不息AI挑战资料\2026_07_31_生声不息AI挑战说明\2026D 0614-0608\AAA001_20260614_145505.wav,2026D 0614-0608/AAA001_20260614_145505.wav,57.0,60.0,0.649206,ORGANIZER_PROVIDED,生声不息AI挑战赛项目组,杭州固定监测位点,challenge_ae47b7d55357760ea6ff,57.000-60.000,pending,,,reference retrieval; not a species detection until reviewed
nidirana_mangveni_challenge_6ea2f9c0939b11a6c6e5_00000000,shengshengbuxi_2026_wild,nidirana_mangveni_challenge_6ea2f9c0939b11a6c6e5_00000000,nidirana_mangveni,孟闻琴蛙,Nidirana mangveni,frog,2026D 0614-0608,2026-06-14T21:20:04,E:\tmp\生声不息AI挑战资料\2026_07_31_生声不息AI挑战说明\2026D 0614-0608\AAA001_20260614_212004.wav,2026D 0614-0608/AAA001_20260614_212004.wav,0.0,3.0,0.638673,ORGANIZER_PROVIDED,生声不息AI挑战赛项目组,杭州固定监测位点,challenge_6ea2f9c0939b11a6c6e5,0.000-3.000,pending,,,reference retrieval; not a species detection until reviewed
nidirana_mangveni_challenge_d64eb215de1a4c534025_00039000,shengshengbuxi_2026_wild,nidirana_mangveni_challenge_d64eb215de1a4c534025_00039000,nidirana_mangveni,孟闻琴蛙,Nidirana mangveni,frog,2026D 0614-0608,2026-06-13T15:30:05,E:\tmp\生声不息AI挑战资料\2026_07_31_生声不息AI挑战说明\2026D 0614-0608\AAA001_20260613_153005.wav,2026D 0614-0608/AAA001_20260613_153005.wav,39.0,42.0,0.627978,ORGANIZER_PROVIDED,生声不息AI挑战赛项目组,杭州固定监测位点,challenge_d64eb215de1a4c534025,39.000-42.000,pending,,,reference retrieval; not a species detection until reviewed
nidirana_mangveni_challenge_d64eb215de1a4c534025_00033000,shengshengbuxi_2026_wild,nidirana_mangveni_challenge_d64eb215de1a4c534025_00033000,nidirana_mangveni,孟闻琴蛙,Nidirana mangveni,frog,2026D 0614-0608,2026-06-13T15:30:05,E:\tmp\生声不息AI挑战资料\2026_07_31_生声不息AI挑战说明\2026D 0614-0608\AAA001_20260613_153005.wav,2026D 0614-0608/AAA001_20260613_153005.wav,33.0,36.0,0.620856,ORGANIZER_PROVIDED,生声不息AI挑战赛项目组,杭州固定监测位点,challenge_d64eb215de1a4c534025,33.000-36.000,pending,,,reference retrieval; not a species detection until reviewed
nidirana_mangveni_challenge_08fe3d110cb84a5ce3b0_00006000,shengshengbuxi_2026_wild,nidirana_mangveni_challenge_08fe3d110cb84a5ce3b0_00006000,nidirana_mangveni,孟闻琴蛙,Nidirana mangveni,frog,2026D 0614-0608,2026-06-11T16:00:05,E:\tmp\生声不息AI挑战资料\2026_07_31_生声不息AI挑战说明\2026D 0614-0608\AAA001_20260611_160005.wav,2026D 0614-0608/AAA001_20260611_160005.wav,6.0,9.0,0.617092,ORGANIZER_PROVIDED,生声不息AI挑战赛项目组,杭州固定监测位点,challenge_08fe3d110cb84a5ce3b0,6.000-9.000,pending,,,reference retrieval; not a species detection until reviewed
nidirana_mangveni_challenge_d64eb215de1a4c534025_00042000,shengshengbuxi_2026_wild,nidirana_mangveni_challenge_d64eb215de1a4c534025_00042000,nidirana_mangveni,孟闻琴蛙,Nidirana mangveni,frog,2026D 0614-0608,2026-06-13T15:30:05,E:\tmp\生声不息AI挑战资料\2026_07_31_生声不息AI挑战说明\2026D 0614-0608\AAA001_20260613_153005.wav,2026D 0614-0608/AAA001_20260613_153005.wav,42.0,45.0,0.610583,ORGANIZER_PROVIDED,生声不息AI挑战赛项目组,杭州固定监测位点,challenge_d64eb215de1a4c534025,42.000-45.000,pending,,,reference retrieval; not a species detection until reviewed
nidirana_mangveni_challenge_ae47b7d55357760ea6ff_00021000,shengshengbuxi_2026_wild,nidirana_mangveni_challenge_ae47b7d55357760ea6ff_00021000,nidirana_mangveni,孟闻琴蛙,Nidirana mangveni,frog,2026D 0614-0608,2026-06-14T14:55:05,E:\tmp\生声不息AI挑战资料\2026_07_31_生声不息AI挑战说明\2026D 0614-0608\AAA001_20260614_145505.wav,2026D 0614-0608/AAA001_20260614_145505.wav,21.0,24.0,0.609956,ORGANIZER_PROVIDED,生声不息AI挑战赛项目组,杭州固定监测位点,challenge_ae47b7d55357760ea6ff,21.000-24.000,pending,,,reference retrieval; not a species detection until reviewed
nidirana_mangveni_challenge_76def37228d71cdf8d91_00012000,shengshengbuxi_2026_wild,nidirana_mangveni_challenge_76def37228d71cdf8d91_00012000,nidirana_mangveni,孟闻琴蛙,Nidirana mangveni,frog,2026D 0614-0608,2026-06-12T16:10:06,E:\tmp\生声不息AI挑战资料\2026_07_31_生声不息AI挑战说明\2026D 0614-0608\AAA001_20260612_161006.wav,2026D 0614-0608/AAA001_20260612_161006.wav,12.0,15.0,0.606352,ORGANIZER_PROVIDED,生声不息AI挑战赛项目组,杭州固定监测位点,challenge_76def37228d71cdf8d91,12.000-15.000,pending,,,reference retrieval; not a species detection until reviewed
nidirana_mangveni_challenge_4bc5dbc87892b421656f_00000000,shengshengbuxi_2026_wild,nidirana_mangveni_challenge_4bc5dbc87892b421656f_00000000,nidirana_mangveni,孟闻琴蛙,Nidirana mangveni,frog,2026D 0614-0608,2026-06-14T03:15:02,E:\tmp\生声不息AI挑战资料\2026_07_31_生声不息AI挑战说明\2026D 0614-0608\AAA001_20260614_031502.wav,2026D 0614-0608/AAA001_20260614_031502.wav,0.0,3.0,0.604826,ORGANIZER_PROVIDED,生声不息AI挑战赛项目组,杭州固定监测位点,challenge_4bc5dbc87892b421656f,0.000-3.000,pending,,,reference retrieval; not a species detection until reviewed
pelophylax_nigromaculatus_challenge_e2c54d6d6afdf51a4e2b_00051000,shengshengbuxi_2026_wild,pelophylax_nigromaculatus_challenge_e2c54d6d6afdf51a4e2b_00051000,pelophylax_nigromaculatus,黑斑侧褶蛙,Pelophylax nigromaculatus,frog,2026A 0116-0122,2026-01-19T17:50:01,E:\tmp\生声不息AI挑战资料\2026_07_31_生声不息AI挑战说明\2026A 0116-0122\AAA001_20260119_175001.wav,2026A 0116-0122/AAA001_20260119_175001.wav,51.0,54.0,0.669655,ORGANIZER_PROVIDED,生声不息AI挑战赛项目组,杭州固定监测位点,challenge_e2c54d6d6afdf51a4e2b,51.000-54.000,pending,,,reference retrieval; not a species detection until reviewed
pelophylax_nigromaculatus_challenge_e2c54d6d6afdf51a4e2b_00018000,shengshengbuxi_2026_wild,pelophylax_nigromaculatus_challenge_e2c54d6d6afdf51a4e2b_00018000,pelophylax_nigromaculatus,黑斑侧褶蛙,Pelophylax nigromaculatus,frog,2026A 0116-0122,2026-01-19T17:50:01,E:\tmp\生声不息AI挑战资料\2026_07_31_生声不息AI挑战说明\2026A 0116-0122\AAA001_20260119_175001.wav,2026A 0116-0122/AAA001_20260119_175001.wav,18.0,21.0,0.657892,ORGANIZER_PROVIDED,生声不息AI挑战赛项目组,杭州固定监测位点,challenge_e2c54d6d6afdf51a4e2b,18.000-21.000,pending,,,reference retrieval; not a species detection until reviewed
pelophylax_nigromaculatus_challenge_8bccd4a7b383c6b161ac_00054000,shengshengbuxi_2026_wild,pelophylax_nigromaculatus_challenge_8bccd4a7b383c6b161ac_00054000,pelophylax_nigromaculatus,黑斑侧褶蛙,Pelophylax nigromaculatus,frog,2026A 0116-0122,2026-01-19T23:35:05,E:\tmp\生声不息AI挑战资料\2026_07_31_生声不息AI挑战说明\2026A 0116-0122\AAA001_20260119_233505.wav,2026A 0116-0122/AAA001_20260119_233505.wav,54.0,57.0,0.653478,ORGANIZER_PROVIDED,生声不息AI挑战赛项目组,杭州固定监测位点,challenge_8bccd4a7b383c6b161ac,54.000-57.000,pending,,,reference retrieval; not a species detection until reviewed
pelophylax_nigromaculatus_challenge_e2c54d6d6afdf51a4e2b_00033000,shengshengbuxi_2026_wild,pelophylax_nigromaculatus_challenge_e2c54d6d6afdf51a4e2b_00033000,pelophylax_nigromaculatus,黑斑侧褶蛙,Pelophylax nigromaculatus,frog,2026A 0116-0122,2026-01-19T17:50:01,E:\tmp\生声不息AI挑战资料\2026_07_31_生声不息AI挑战说明\2026A 0116-0122\AAA001_20260119_175001.wav,2026A 0116-0122/AAA001_20260119_175001.wav,33.0,36.0,0.647368,ORGANIZER_PROVIDED,生声不息AI挑战赛项目组,杭州固定监测位点,challenge_e2c54d6d6afdf51a4e2b,33.000-36.000,pending,,,reference retrieval; not a species detection until reviewed
pelophylax_nigromaculatus_challenge_83dfc0e18e906563deaa_00051000,shengshengbuxi_2026_wild,pelophylax_nigromaculatus_challenge_83dfc0e18e906563deaa_00051000,pelophylax_nigromaculatus,黑斑侧褶蛙,Pelophylax nigromaculatus,frog,2026A 0116-0122,2026-01-21T12:05:02,E:\tmp\生声不息AI挑战资料\2026_07_31_生声不息AI挑战说明\2026A 0116-0122\AAA001_20260121_120502.wav,2026A 0116-0122/AAA001_20260121_120502.wav,51.0,54.0,0.646647,ORGANIZER_PROVIDED,生声不息AI挑战赛项目组,杭州固定监测位点,challenge_83dfc0e18e906563deaa,51.000-54.000,pending,,,reference retrieval; not a species detection until reviewed
pelophylax_nigromaculatus_challenge_e2c54d6d6afdf51a4e2b_00045000,shengshengbuxi_2026_wild,pelophylax_nigromaculatus_challenge_e2c54d6d6afdf51a4e2b_00045000,pelophylax_nigromaculatus,黑斑侧褶蛙,Pelophylax nigromaculatus,frog,2026A 0116-0122,2026-01-19T17:50:01,E:\tmp\生声不息AI挑战资料\2026_07_31_生声不息AI挑战说明\2026A 0116-0122\AAA001_20260119_175001.wav,2026A 0116-0122/AAA001_20260119_175001.wav,45.0,48.0,0.643295,ORGANIZER_PROVIDED,生声不息AI挑战赛项目组,杭州固定监测位点,challenge_e2c54d6d6afdf51a4e2b,45.000-48.000,pending,,,reference retrieval; not a species detection until reviewed
pelophylax_nigromaculatus_challenge_e2c54d6d6afdf51a4e2b_00024000,shengshengbuxi_2026_wild,pelophylax_nigromaculatus_challenge_e2c54d6d6afdf51a4e2b_00024000,pelophylax_nigromaculatus,黑斑侧褶蛙,Pelophylax nigromaculatus,frog,2026A 0116-0122,2026-01-19T17:50:01,E:\tmp\生声不息AI挑战资料\2026_07_31_生声不息AI挑战说明\2026A 0116-0122\AAA001_20260119_175001.wav,2026A 0116-0122/AAA001_20260119_175001.wav,24.0,27.0,0.64236,ORGANIZER_PROVIDED,生声不息AI挑战赛项目组,杭州固定监测位点,challenge_e2c54d6d6afdf51a4e2b,24.000-27.000,pending,,,reference retrieval; not a species detection until reviewed
pelophylax_nigromaculatus_challenge_83dfc0e18e906563deaa_00054000,shengshengbuxi_2026_wild,pelophylax_nigromaculatus_challenge_83dfc0e18e906563deaa_00054000,pelophylax_nigromaculatus,黑斑侧褶蛙,Pelophylax nigromaculatus,frog,2026A 0116-0122,2026-01-21T12:05:02,E:\tmp\生声不息AI挑战资料\2026_07_31_生声不息AI挑战说明\2026A 0116-0122\AAA001_20260121_120502.wav,2026A 0116-0122/AAA001_20260121_120502.wav,54.0,57.0,0.641261,ORGANIZER_PROVIDED,生声不息AI挑战赛项目组,杭州固定监测位点,challenge_83dfc0e18e906563deaa,54.000-57.000,pending,,,reference retrieval; not a species detection until reviewed
pelophylax_nigromaculatus_challenge_8bccd4a7b383c6b161ac_00057000,shengshengbuxi_2026_wild,pelophylax_nigromaculatus_challenge_8bccd4a7b383c6b161ac_00057000,pelophylax_nigromaculatus,黑斑侧褶蛙,Pelophylax nigromaculatus,frog,2026A 0116-0122,2026-01-19T23:35:05,E:\tmp\生声不息AI挑战资料\2026_07_31_生声不息AI挑战说明\2026A 0116-0122\AAA001_20260119_233505.wav,2026A 0116-0122/AAA001_20260119_233505.wav,57.0,60.0,0.640173,ORGANIZER_PROVIDED,生声不息AI挑战赛项目组,杭州固定监测位点,challenge_8bccd4a7b383c6b161ac,57.000-60.000,pending,,,reference retrieval; not a species detection until reviewed
pelophylax_nigromaculatus_challenge_e2c54d6d6afdf51a4e2b_00054000,shengshengbuxi_2026_wild,pelophylax_nigromaculatus_challenge_e2c54d6d6afdf51a4e2b_00054000,pelophylax_nigromaculatus,黑斑侧褶蛙,Pelophylax nigromaculatus,frog,2026A 0116-0122,2026-01-19T17:50:01,E:\tmp\生声不息AI挑战资料\2026_07_31_生声不息AI挑战说明\2026A 0116-0122\AAA001_20260119_175001.wav,2026A 0116-0122/AAA001_20260119_175001.wav,54.0,57.0,0.639126,ORGANIZER_PROVIDED,生声不息AI挑战赛项目组,杭州固定监测位点,challenge_e2c54d6d6afdf51a4e2b,54.000-57.000,pending,,,reference retrieval; not a species detection until reviewed
pelophylax_nigromaculatus_challenge_2eaec724fe71b3501b0a_00006000,shengshengbuxi_2026_wild,pelophylax_nigromaculatus_challenge_2eaec724fe71b3501b0a_00006000,pelophylax_nigromaculatus,黑斑侧褶蛙,Pelophylax nigromaculatus,frog,2026B 0326-0401,2026-03-26T23:50:05,E:\tmp\生声不息AI挑战资料\2026_07_31_生声不息AI挑战说明\2026B 0326-0401\AAA001_20260326_235005.wav,2026B 0326-0401/AAA001_20260326_235005.wav,6.0,9.0,0.712657,ORGANIZER_PROVIDED,生声不息AI挑战赛项目组,杭州固定监测位点,challenge_2eaec724fe71b3501b0a,6.000-9.000,pending,,,reference retrieval; not a species detection until reviewed
pelophylax_nigromaculatus_challenge_2eaec724fe71b3501b0a_00027000,shengshengbuxi_2026_wild,pelophylax_nigromaculatus_challenge_2eaec724fe71b3501b0a_00027000,pelophylax_nigromaculatus,黑斑侧褶蛙,Pelophylax nigromaculatus,frog,2026B 0326-0401,2026-03-26T23:50:05,E:\tmp\生声不息AI挑战资料\2026_07_31_生声不息AI挑战说明\2026B 0326-0401\AAA001_20260326_235005.wav,2026B 0326-0401/AAA001_20260326_235005.wav,27.0,30.0,0.703703,ORGANIZER_PROVIDED,生声不息AI挑战赛项目组,杭州固定监测位点,challenge_2eaec724fe71b3501b0a,27.000-30.000,pending,,,reference retrieval; not a species detection until reviewed
pelophylax_nigromaculatus_challenge_2eaec724fe71b3501b0a_00018000,shengshengbuxi_2026_wild,pelophylax_nigromaculatus_challenge_2eaec724fe71b3501b0a_00018000,pelophylax_nigromaculatus,黑斑侧褶蛙,Pelophylax nigromaculatus,frog,2026B 0326-0401,2026-03-26T23:50:05,E:\tmp\生声不息AI挑战资料\2026_07_31_生声不息AI挑战说明\2026B 0326-0401\AAA001_20260326_235005.wav,2026B 0326-0401/AAA001_20260326_235005.wav,18.0,21.0,0.698827,ORGANIZER_PROVIDED,生声不息AI挑战赛项目组,杭州固定监测位点,challenge_2eaec724fe71b3501b0a,18.000-21.000,pending,,,reference retrieval; not a species detection until reviewed
pelophylax_nigromaculatus_challenge_2eaec724fe71b3501b0a_00024000,shengshengbuxi_2026_wild,pelophylax_nigromaculatus_challenge_2eaec724fe71b3501b0a_00024000,pelophylax_nigromaculatus,黑斑侧褶蛙,Pelophylax nigromaculatus,frog,2026B 0326-0401,2026-03-26T23:50:05,E:\tmp\生声不息AI挑战资料\2026_07_31_生声不息AI挑战说明\2026B 0326-0401\AAA001_20260326_235005.wav,2026B 0326-0401/AAA001_20260326_235005.wav,24.0,27.0,0.69126,ORGANIZER_PROVIDED,生声不息AI挑战赛项目组,杭州固定监测位点,challenge_2eaec724fe71b3501b0a,24.000-27.000,pending,,,reference retrieval; not a species detection until reviewed
pelophylax_nigromaculatus_challenge_2eaec724fe71b3501b0a_00048000,shengshengbuxi_2026_wild,pelophylax_nigromaculatus_challenge_2eaec724fe71b3501b0a_00048000,pelophylax_nigromaculatus,黑斑侧褶蛙,Pelophylax nigromaculatus,frog,2026B 0326-0401,2026-03-26T23:50:05,E:\tmp\生声不息AI挑战资料\2026_07_31_生声不息AI挑战说明\2026B 0326-0401\AAA001_20260326_235005.wav,2026B 0326-0401/AAA001_20260326_235005.wav,48.0,51.0,0.684455,ORGANIZER_PROVIDED,生声不息AI挑战赛项目组,杭州固定监测位点,challenge_2eaec724fe71b3501b0a,48.000-51.000,pending,,,reference retrieval; not a species detection until reviewed
pelophylax_nigromaculatus_challenge_ec1267fe3b044c3a05fd_00024000,shengshengbuxi_2026_wild,pelophylax_nigromaculatus_challenge_ec1267fe3b044c3a05fd_00024000,pelophylax_nigromaculatus,黑斑侧褶蛙,Pelophylax nigromaculatus,frog,2026B 0326-0401,2026-03-27T23:40:01,E:\tmp\生声不息AI挑战资料\2026_07_31_生声不息AI挑战说明\2026B 0326-0401\AAA001_20260327_234001.wav,2026B 0326-0401/AAA001_20260327_234001.wav,24.0,27.0,0.669982,ORGANIZER_PROVIDED,生声不息AI挑战赛项目组,杭州固定监测位点,challenge_ec1267fe3b044c3a05fd,24.000-27.000,pending,,,reference retrieval; not a species detection until reviewed
pelophylax_nigromaculatus_challenge_2eaec724fe71b3501b0a_00000000,shengshengbuxi_2026_wild,pelophylax_nigromaculatus_challenge_2eaec724fe71b3501b0a_00000000,pelophylax_nigromaculatus,黑斑侧褶蛙,Pelophylax nigromaculatus,frog,2026B 0326-0401,2026-03-26T23:50:05,E:\tmp\生声不息AI挑战资料\2026_07_31_生声不息AI挑战说明\2026B 0326-0401\AAA001_20260326_235005.wav,2026B 0326-0401/AAA001_20260326_235005.wav,0.0,3.0,0.667726,ORGANIZER_PROVIDED,生声不息AI挑战赛项目组,杭州固定监测位点,challenge_2eaec724fe71b3501b0a,0.000-3.000,pending,,,reference retrieval; not a species detection until reviewed
pelophylax_nigromaculatus_challenge_2eaec724fe71b3501b0a_00033000,shengshengbuxi_2026_wild,pelophylax_nigromaculatus_challenge_2eaec724fe71b3501b0a_00033000,pelophylax_nigromaculatus,黑斑侧褶蛙,Pelophylax nigromaculatus,frog,2026B 0326-0401,2026-03-26T23:50:05,E:\tmp\生声不息AI挑战资料\2026_07_31_生声不息AI挑战说明\2026B 0326-0401\AAA001_20260326_235005.wav,2026B 0326-0401/AAA001_20260326_235005.wav,33.0,36.0,0.666068,ORGANIZER_PROVIDED,生声不息AI挑战赛项目组,杭州固定监测位点,challenge_2eaec724fe71b3501b0a,33.000-36.000,pending,,,reference retrieval; not a species detection until reviewed
pelophylax_nigromaculatus_challenge_2eaec724fe71b3501b0a_00054000,shengshengbuxi_2026_wild,pelophylax_nigromaculatus_challenge_2eaec724fe71b3501b0a_00054000,pelophylax_nigromaculatus,黑斑侧褶蛙,Pelophylax nigromaculatus,frog,2026B 0326-0401,2026-03-26T23:50:05,E:\tmp\生声不息AI挑战资料\2026_07_31_生声不息AI挑战说明\2026B 0326-0401\AAA001_20260326_235005.wav,2026B 0326-0401/AAA001_20260326_235005.wav,54.0,57.0,0.664305,ORGANIZER_PROVIDED,生声不息AI挑战赛项目组,杭州固定监测位点,challenge_2eaec724fe71b3501b0a,54.000-57.000,pending,,,reference retrieval; not a species detection until reviewed
pelophylax_nigromaculatus_challenge_2eaec724fe71b3501b0a_00012000,shengshengbuxi_2026_wild,pelophylax_nigromaculatus_challenge_2eaec724fe71b3501b0a_00012000,pelophylax_nigromaculatus,黑斑侧褶蛙,Pelophylax nigromaculatus,frog,2026B 0326-0401,2026-03-26T23:50:05,E:\tmp\生声不息AI挑战资料\2026_07_31_生声不息AI挑战说明\2026B 0326-0401\AAA001_20260326_235005.wav,2026B 0326-0401/AAA001_20260326_235005.wav,12.0,15.0,0.656554,ORGANIZER_PROVIDED,生声不息AI挑战赛项目组,杭州固定监测位点,challenge_2eaec724fe71b3501b0a,12.000-15.000,pending,,,reference retrieval; not a species detection until reviewed
pelophylax_nigromaculatus_challenge_beffeed25e5766ead751_00039000,shengshengbuxi_2026_wild,pelophylax_nigromaculatus_challenge_beffeed25e5766ead751_00039000,pelophylax_nigromaculatus,黑斑侧褶蛙,Pelophylax nigromaculatus,frog,2026C 0507-0513,2026-05-07T23:55:05,E:\tmp\生声不息AI挑战资料\2026_07_31_生声不息AI挑战说明\2026C 0507-0513\AAA001_20260507_235505.wav,2026C 0507-0513/AAA001_20260507_235505.wav,39.0,42.0,0.720409,ORGANIZER_PROVIDED,生声不息AI挑战赛项目组,杭州固定监测位点,challenge_beffeed25e5766ead751,39.000-42.000,pending,,,reference retrieval; not a species detection until reviewed
pelophylax_nigromaculatus_challenge_beffeed25e5766ead751_00048000,shengshengbuxi_2026_wild,pelophylax_nigromaculatus_challenge_beffeed25e5766ead751_00048000,pelophylax_nigromaculatus,黑斑侧褶蛙,Pelophylax nigromaculatus,frog,2026C 0507-0513,2026-05-07T23:55:05,E:\tmp\生声不息AI挑战资料\2026_07_31_生声不息AI挑战说明\2026C 0507-0513\AAA001_20260507_235505.wav,2026C 0507-0513/AAA001_20260507_235505.wav,48.0,51.0,0.708437,ORGANIZER_PROVIDED,生声不息AI挑战赛项目组,杭州固定监测位点,challenge_beffeed25e5766ead751,48.000-51.000,pending,,,reference retrieval; not a species detection until reviewed
pelophylax_nigromaculatus_challenge_beffeed25e5766ead751_00024000,shengshengbuxi_2026_wild,pelophylax_nigromaculatus_challenge_beffeed25e5766ead751_00024000,pelophylax_nigromaculatus,黑斑侧褶蛙,Pelophylax nigromaculatus,frog,2026C 0507-0513,2026-05-07T23:55:05,E:\tmp\生声不息AI挑战资料\2026_07_31_生声不息AI挑战说明\2026C 0507-0513\AAA001_20260507_235505.wav,2026C 0507-0513/AAA001_20260507_235505.wav,24.0,27.0,0.700366,ORGANIZER_PROVIDED,生声不息AI挑战赛项目组,杭州固定监测位点,challenge_beffeed25e5766ead751,24.000-27.000,pending,,,reference retrieval; not a species detection until reviewed
pelophylax_nigromaculatus_challenge_243f8ecce3f5e273e3d5_00018000,shengshengbuxi_2026_wild,pelophylax_nigromaculatus_challenge_243f8ecce3f5e273e3d5_00018000,pelophylax_nigromaculatus,黑斑侧褶蛙,Pelophylax nigromaculatus,frog,2026C 0507-0513,2026-05-09T23:35:06,E:\tmp\生声不息AI挑战资料\2026_07_31_生声不息AI挑战说明\2026C 0507-0513\AAA001_20260509_233506.wav,2026C 0507-0513/AAA001_20260509_233506.wav,18.0,21.0,0.691332,ORGANIZER_PROVIDED,生声不息AI挑战赛项目组,杭州固定监测位点,challenge_243f8ecce3f5e273e3d5,18.000-21.000,pending,,,reference retrieval; not a species detection until reviewed
pelophylax_nigromaculatus_challenge_beffeed25e5766ead751_00030000,shengshengbuxi_2026_wild,pelophylax_nigromaculatus_challenge_beffeed25e5766ead751_00030000,pelophylax_nigromaculatus,黑斑侧褶蛙,Pelophylax nigromaculatus,frog,2026C 0507-0513,2026-05-07T23:55:05,E:\tmp\生声不息AI挑战资料\2026_07_31_生声不息AI挑战说明\2026C 0507-0513\AAA001_20260507_235505.wav,2026C 0507-0513/AAA001_20260507_235505.wav,30.0,33.0,0.690422,ORGANIZER_PROVIDED,生声不息AI挑战赛项目组,杭州固定监测位点,challenge_beffeed25e5766ead751,30.000-33.000,pending,,,reference retrieval; not a species detection until reviewed
pelophylax_nigromaculatus_challenge_243f8ecce3f5e273e3d5_00057000,shengshengbuxi_2026_wild,pelophylax_nigromaculatus_challenge_243f8ecce3f5e273e3d5_00057000,pelophylax_nigromaculatus,黑斑侧褶蛙,Pelophylax nigromaculatus,frog,2026C 0507-0513,2026-05-09T23:35:06,E:\tmp\生声不息AI挑战资料\2026_07_31_生声不息AI挑战说明\2026C 0507-0513\AAA001_20260509_233506.wav,2026C 0507-0513/AAA001_20260509_233506.wav,57.0,60.0,0.68945,ORGANIZER_PROVIDED,生声不息AI挑战赛项目组,杭州固定监测位点,challenge_243f8ecce3f5e273e3d5,57.000-60.000,pending,,,reference retrieval; not a species detection until reviewed
pelophylax_nigromaculatus_challenge_4e7086ad6c95804fe50f_00000000,shengshengbuxi_2026_wild,pelophylax_nigromaculatus_challenge_4e7086ad6c95804fe50f_00000000,pelophylax_nigromaculatus,黑斑侧褶蛙,Pelophylax nigromaculatus,frog,2026C 0507-0513,2026-05-08T23:45:03,E:\tmp\生声不息AI挑战资料\2026_07_31_生声不息AI挑战说明\2026C 0507-0513\AAA001_20260508_234503.wav,2026C 0507-0513/AAA001_20260508_234503.wav,0.0,3.0,0.687194,ORGANIZER_PROVIDED,生声不息AI挑战赛项目组,杭州固定监测位点,challenge_4e7086ad6c95804fe50f,0.000-3.000,pending,,,reference retrieval; not a species detection until reviewed
pelophylax_nigromaculatus_challenge_4e7086ad6c95804fe50f_00054000,shengshengbuxi_2026_wild,pelophylax_nigromaculatus_challenge_4e7086ad6c95804fe50f_00054000,pelophylax_nigromaculatus,黑斑侧褶蛙,Pelophylax nigromaculatus,frog,2026C 0507-0513,2026-05-08T23:45:03,E:\tmp\生声不息AI挑战资料\2026_07_31_生声不息AI挑战说明\2026C 0507-0513\AAA001_20260508_234503.wav,2026C 0507-0513/AAA001_20260508_234503.wav,54.0,57.0,0.66143,ORGANIZER_PROVIDED,生声不息AI挑战赛项目组,杭州固定监测位点,challenge_4e7086ad6c95804fe50f,54.000-57.000,pending,,,reference retrieval; not a species detection until reviewed
pelophylax_nigromaculatus_challenge_243f8ecce3f5e273e3d5_00045000,shengshengbuxi_2026_wild,pelophylax_nigromaculatus_challenge_243f8ecce3f5e273e3d5_00045000,pelophylax_nigromaculatus,黑斑侧褶蛙,Pelophylax nigromaculatus,frog,2026C 0507-0513,2026-05-09T23:35:06,E:\tmp\生声不息AI挑战资料\2026_07_31_生声不息AI挑战说明\2026C 0507-0513\AAA001_20260509_233506.wav,2026C 0507-0513/AAA001_20260509_233506.wav,45.0,48.0,0.659256,ORGANIZER_PROVIDED,生声不息AI挑战赛项目组,杭州固定监测位点,challenge_243f8ecce3f5e273e3d5,45.000-48.000,pending,,,reference retrieval; not a species detection until reviewed
pelophylax_nigromaculatus_challenge_4e7086ad6c95804fe50f_00003000,shengshengbuxi_2026_wild,pelophylax_nigromaculatus_challenge_4e7086ad6c95804fe50f_00003000,pelophylax_nigromaculatus,黑斑侧褶蛙,Pelophylax nigromaculatus,frog,2026C 0507-0513,2026-05-08T23:45:03,E:\tmp\生声不息AI挑战资料\2026_07_31_生声不息AI挑战说明\2026C 0507-0513\AAA001_20260508_234503.wav,2026C 0507-0513/AAA001_20260508_234503.wav,3.0,6.0,0.649801,ORGANIZER_PROVIDED,生声不息AI挑战赛项目组,杭州固定监测位点,challenge_4e7086ad6c95804fe50f,3.000-6.000,pending,,,reference retrieval; not a species detection until reviewed
pelophylax_nigromaculatus_challenge_ad2230991f5c9b3295da_00039000,shengshengbuxi_2026_wild,pelophylax_nigromaculatus_challenge_ad2230991f5c9b3295da_00039000,pelophylax_nigromaculatus,黑斑侧褶蛙,Pelophylax nigromaculatus,frog,2026D 0614-0608,2026-06-09T00:00:04,E:\tmp\生声不息AI挑战资料\2026_07_31_生声不息AI挑战说明\2026D 0614-0608\AAA001_20260609_000004.wav,2026D 0614-0608/AAA001_20260609_000004.wav,39.0,42.0,0.694238,ORGANIZER_PROVIDED,生声不息AI挑战赛项目组,杭州固定监测位点,challenge_ad2230991f5c9b3295da,39.000-42.000,pending,,,reference retrieval; not a species detection until reviewed
pelophylax_nigromaculatus_challenge_b063c0be3aad0fc2bd96_00000000,shengshengbuxi_2026_wild,pelophylax_nigromaculatus_challenge_b063c0be3aad0fc2bd96_00000000,pelophylax_nigromaculatus,黑斑侧褶蛙,Pelophylax nigromaculatus,frog,2026D 0614-0608,2026-06-09T23:20:04,E:\tmp\生声不息AI挑战资料\2026_07_31_生声不息AI挑战说明\2026D 0614-0608\AAA001_20260609_232004.wav,2026D 0614-0608/AAA001_20260609_232004.wav,0.0,3.0,0.69186,ORGANIZER_PROVIDED,生声不息AI挑战赛项目组,杭州固定监测位点,challenge_b063c0be3aad0fc2bd96,0.000-3.000,pending,,,reference retrieval; not a species detection until reviewed
pelophylax_nigromaculatus_challenge_ad2230991f5c9b3295da_00057000,shengshengbuxi_2026_wild,pelophylax_nigromaculatus_challenge_ad2230991f5c9b3295da_00057000,pelophylax_nigromaculatus,黑斑侧褶蛙,Pelophylax nigromaculatus,frog,2026D 0614-0608,2026-06-09T00:00:04,E:\tmp\生声不息AI挑战资料\2026_07_31_生声不息AI挑战说明\2026D 0614-0608\AAA001_20260609_000004.wav,2026D 0614-0608/AAA001_20260609_000004.wav,57.0,60.0,0.674461,ORGANIZER_PROVIDED,生声不息AI挑战赛项目组,杭州固定监测位点,challenge_ad2230991f5c9b3295da,57.000-60.000,pending,,,reference retrieval; not a species detection until reviewed
pelophylax_nigromaculatus_challenge_ad2230991f5c9b3295da_00033000,shengshengbuxi_2026_wild,pelophylax_nigromaculatus_challenge_ad2230991f5c9b3295da_00033000,pelophylax_nigromaculatus,黑斑侧褶蛙,Pelophylax nigromaculatus,frog,2026D 0614-0608,2026-06-09T00:00:04,E:\tmp\生声不息AI挑战资料\2026_07_31_生声不息AI挑战说明\2026D 0614-0608\AAA001_20260609_000004.wav,2026D 0614-0608/AAA001_20260609_000004.wav,33.0,36.0,0.663942,ORGANIZER_PROVIDED,生声不息AI挑战赛项目组,杭州固定监测位点,challenge_ad2230991f5c9b3295da,33.000-36.000,pending,,,reference retrieval; not a species detection until reviewed
pelophylax_nigromaculatus_challenge_d64eb215de1a4c534025_00054000,shengshengbuxi_2026_wild,pelophylax_nigromaculatus_challenge_d64eb215de1a4c534025_00054000,pelophylax_nigromaculatus,黑斑侧褶蛙,Pelophylax nigromaculatus,frog,2026D 0614-0608,2026-06-13T15:30:05,E:\tmp\生声不息AI挑战资料\2026_07_31_生声不息AI挑战说明\2026D 0614-0608\AAA001_20260613_153005.wav,2026D 0614-0608/AAA001_20260613_153005.wav,54.0,57.0,0.659199,ORGANIZER_PROVIDED,生声不息AI挑战赛项目组,杭州固定监测位点,challenge_d64eb215de1a4c534025,54.000-57.000,pending,,,reference retrieval; not a species detection until reviewed
pelophylax_nigromaculatus_challenge_d64eb215de1a4c534025_00012000,shengshengbuxi_2026_wild,pelophylax_nigromaculatus_challenge_d64eb215de1a4c534025_00012000,pelophylax_nigromaculatus,黑斑侧褶蛙,Pelophylax nigromaculatus,frog,2026D 0614-0608,2026-06-13T15:30:05,E:\tmp\生声不息AI挑战资料\2026_07_31_生声不息AI挑战说明\2026D 0614-0608\AAA001_20260613_153005.wav,2026D 0614-0608/AAA001_20260613_153005.wav,12.0,15.0,0.656381,ORGANIZER_PROVIDED,生声不息AI挑战赛项目组,杭州固定监测位点,challenge_d64eb215de1a4c534025,12.000-15.000,pending,,,reference retrieval; not a species detection until reviewed
pelophylax_nigromaculatus_challenge_d64eb215de1a4c534025_00015000,shengshengbuxi_2026_wild,pelophylax_nigromaculatus_challenge_d64eb215de1a4c534025_00015000,pelophylax_nigromaculatus,黑斑侧褶蛙,Pelophylax nigromaculatus,frog,2026D 0614-0608,2026-06-13T15:30:05,E:\tmp\生声不息AI挑战资料\2026_07_31_生声不息AI挑战说明\2026D 0614-0608\AAA001_20260613_153005.wav,2026D 0614-0608/AAA001_20260613_153005.wav,15.0,18.0,0.65363,ORGANIZER_PROVIDED,生声不息AI挑战赛项目组,杭州固定监测位点,challenge_d64eb215de1a4c534025,15.000-18.000,pending,,,reference retrieval; not a species detection until reviewed
pelophylax_nigromaculatus_challenge_d64eb215de1a4c534025_00018000,shengshengbuxi_2026_wild,pelophylax_nigromaculatus_challenge_d64eb215de1a4c534025_00018000,pelophylax_nigromaculatus,黑斑侧褶蛙,Pelophylax nigromaculatus,frog,2026D 0614-0608,2026-06-13T15:30:05,E:\tmp\生声不息AI挑战资料\2026_07_31_生声不息AI挑战说明\2026D 0614-0608\AAA001_20260613_153005.wav,2026D 0614-0608/AAA001_20260613_153005.wav,18.0,21.0,0.651291,ORGANIZER_PROVIDED,生声不息AI挑战赛项目组,杭州固定监测位点,challenge_d64eb215de1a4c534025,18.000-21.000,pending,,,reference retrieval; not a species detection until reviewed
pelophylax_nigromaculatus_challenge_ad2230991f5c9b3295da_00015000,shengshengbuxi_2026_wild,pelophylax_nigromaculatus_challenge_ad2230991f5c9b3295da_00015000,pelophylax_nigromaculatus,黑斑侧褶蛙,Pelophylax nigromaculatus,frog,2026D 0614-0608,2026-06-09T00:00:04,E:\tmp\生声不息AI挑战资料\2026_07_31_生声不息AI挑战说明\2026D 0614-0608\AAA001_20260609_000004.wav,2026D 0614-0608/AAA001_20260609_000004.wav,15.0,18.0,0.650689,ORGANIZER_PROVIDED,生声不息AI挑战赛项目组,杭州固定监测位点,challenge_ad2230991f5c9b3295da,15.000-18.000,pending,,,reference retrieval; not a species detection until reviewed
pelophylax_nigromaculatus_challenge_d64eb215de1a4c534025_00039000,shengshengbuxi_2026_wild,pelophylax_nigromaculatus_challenge_d64eb215de1a4c534025_00039000,pelophylax_nigromaculatus,黑斑侧褶蛙,Pelophylax nigromaculatus,frog,2026D 0614-0608,2026-06-13T15:30:05,E:\tmp\生声不息AI挑战资料\2026_07_31_生声不息AI挑战说明\2026D 0614-0608\AAA001_20260613_153005.wav,2026D 0614-0608/AAA001_20260613_153005.wav,39.0,42.0,0.649309,ORGANIZER_PROVIDED,生声不息AI挑战赛项目组,杭州固定监测位点,challenge_d64eb215de1a4c534025,39.000-42.000,pending,,,reference retrieval; not a species detection until reviewed
streeyola_mongolica_challenge_83dfc0e18e906563deaa_00039000,shengshengbuxi_2026_wild,streeyola_mongolica_challenge_83dfc0e18e906563deaa_00039000,streeyola_mongolica,蒙古寒蝉,Streeyola mongolica,insect,2026A 0116-0122,2026-01-21T12:05:02,E:\tmp\生声不息AI挑战资料\2026_07_31_生声不息AI挑战说明\2026A 0116-0122\AAA001_20260121_120502.wav,2026A 0116-0122/AAA001_20260121_120502.wav,39.0,42.0,0.577918,ORGANIZER_PROVIDED,生声不息AI挑战赛项目组,杭州固定监测位点,challenge_83dfc0e18e906563deaa,39.000-42.000,pending,,,reference retrieval; not a species detection until reviewed
streeyola_mongolica_challenge_e2c54d6d6afdf51a4e2b_00045000,shengshengbuxi_2026_wild,streeyola_mongolica_challenge_e2c54d6d6afdf51a4e2b_00045000,streeyola_mongolica,蒙古寒蝉,Streeyola mongolica,insect,2026A 0116-0122,2026-01-19T17:50:01,E:\tmp\生声不息AI挑战资料\2026_07_31_生声不息AI挑战说明\2026A 0116-0122\AAA001_20260119_175001.wav,2026A 0116-0122/AAA001_20260119_175001.wav,45.0,48.0,0.569342,ORGANIZER_PROVIDED,生声不息AI挑战赛项目组,杭州固定监测位点,challenge_e2c54d6d6afdf51a4e2b,45.000-48.000,pending,,,reference retrieval; not a species detection until reviewed
streeyola_mongolica_challenge_e2c54d6d6afdf51a4e2b_00018000,shengshengbuxi_2026_wild,streeyola_mongolica_challenge_e2c54d6d6afdf51a4e2b_00018000,streeyola_mongolica,蒙古寒蝉,Streeyola mongolica,insect,2026A 0116-0122,2026-01-19T17:50:01,E:\tmp\生声不息AI挑战资料\2026_07_31_生声不息AI挑战说明\2026A 0116-0122\AAA001_20260119_175001.wav,2026A 0116-0122/AAA001_20260119_175001.wav,18.0,21.0,0.568571,ORGANIZER_PROVIDED,生声不息AI挑战赛项目组,杭州固定监测位点,challenge_e2c54d6d6afdf51a4e2b,18.000-21.000,pending,,,reference retrieval; not a species detection until reviewed
streeyola_mongolica_challenge_e2c54d6d6afdf51a4e2b_00033000,shengshengbuxi_2026_wild,streeyola_mongolica_challenge_e2c54d6d6afdf51a4e2b_00033000,streeyola_mongolica,蒙古寒蝉,Streeyola mongolica,insect,2026A 0116-0122,2026-01-19T17:50:01,E:\tmp\生声不息AI挑战资料\2026_07_31_生声不息AI挑战说明\2026A 0116-0122\AAA001_20260119_175001.wav,2026A 0116-0122/AAA001_20260119_175001.wav,33.0,36.0,0.567128,ORGANIZER_PROVIDED,生声不息AI挑战赛项目组,杭州固定监测位点,challenge_e2c54d6d6afdf51a4e2b,33.000-36.000,pending,,,reference retrieval; not a species detection until reviewed
streeyola_mongolica_challenge_e2c54d6d6afdf51a4e2b_00051000,shengshengbuxi_2026_wild,streeyola_mongolica_challenge_e2c54d6d6afdf51a4e2b_00051000,streeyola_mongolica,蒙古寒蝉,Streeyola mongolica,insect,2026A 0116-0122,2026-01-19T17:50:01,E:\tmp\生声不息AI挑战资料\2026_07_31_生声不息AI挑战说明\2026A 0116-0122\AAA001_20260119_175001.wav,2026A 0116-0122/AAA001_20260119_175001.wav,51.0,54.0,0.564596,ORGANIZER_PROVIDED,生声不息AI挑战赛项目组,杭州固定监测位点,challenge_e2c54d6d6afdf51a4e2b,51.000-54.000,pending,,,reference retrieval; not a species detection until reviewed
streeyola_mongolica_challenge_5c46db3916984639c308_00012000,shengshengbuxi_2026_wild,streeyola_mongolica_challenge_5c46db3916984639c308_00012000,streeyola_mongolica,蒙古寒蝉,Streeyola mongolica,insect,2026A 0116-0122,2026-01-22T05:45:05,E:\tmp\生声不息AI挑战资料\2026_07_31_生声不息AI挑战说明\2026A 0116-0122\AAA001_20260122_054505.wav,2026A 0116-0122/AAA001_20260122_054505.wav,12.0,15.0,0.558661,ORGANIZER_PROVIDED,生声不息AI挑战赛项目组,杭州固定监测位点,challenge_5c46db3916984639c308,12.000-15.000,pending,,,reference retrieval; not a species detection until reviewed
streeyola_mongolica_challenge_e2c54d6d6afdf51a4e2b_00054000,shengshengbuxi_2026_wild,streeyola_mongolica_challenge_e2c54d6d6afdf51a4e2b_00054000,streeyola_mongolica,蒙古寒蝉,Streeyola mongolica,insect,2026A 0116-0122,2026-01-19T17:50:01,E:\tmp\生声不息AI挑战资料\2026_07_31_生声不息AI挑战说明\2026A 0116-0122\AAA001_20260119_175001.wav,2026A 0116-0122/AAA001_20260119_175001.wav,54.0,57.0,0.555316,ORGANIZER_PROVIDED,生声不息AI挑战赛项目组,杭州固定监测位点,challenge_e2c54d6d6afdf51a4e2b,54.000-57.000,pending,,,reference retrieval; not a species detection until reviewed
streeyola_mongolica_challenge_e2c54d6d6afdf51a4e2b_00042000,shengshengbuxi_2026_wild,streeyola_mongolica_challenge_e2c54d6d6afdf51a4e2b_00042000,streeyola_mongolica,蒙古寒蝉,Streeyola mongolica,insect,2026A 0116-0122,2026-01-19T17:50:01,E:\tmp\生声不息AI挑战资料\2026_07_31_生声不息AI挑战说明\2026A 0116-0122\AAA001_20260119_175001.wav,2026A 0116-0122/AAA001_20260119_175001.wav,42.0,45.0,0.554918,ORGANIZER_PROVIDED,生声不息AI挑战赛项目组,杭州固定监测位点,challenge_e2c54d6d6afdf51a4e2b,42.000-45.000,pending,,,reference retrieval; not a species detection until reviewed
streeyola_mongolica_challenge_e2c54d6d6afdf51a4e2b_00048000,shengshengbuxi_2026_wild,streeyola_mongolica_challenge_e2c54d6d6afdf51a4e2b_00048000,streeyola_mongolica,蒙古寒蝉,Streeyola mongolica,insect,2026A 0116-0122,2026-01-19T17:50:01,E:\tmp\生声不息AI挑战资料\2026_07_31_生声不息AI挑战说明\2026A 0116-0122\AAA001_20260119_175001.wav,2026A 0116-0122/AAA001_20260119_175001.wav,48.0,51.0,0.553424,ORGANIZER_PROVIDED,生声不息AI挑战赛项目组,杭州固定监测位点,challenge_e2c54d6d6afdf51a4e2b,48.000-51.000,pending,,,reference retrieval; not a species detection until reviewed
streeyola_mongolica_challenge_e2c54d6d6afdf51a4e2b_00036000,shengshengbuxi_2026_wild,streeyola_mongolica_challenge_e2c54d6d6afdf51a4e2b_00036000,streeyola_mongolica,蒙古寒蝉,Streeyola mongolica,insect,2026A 0116-0122,2026-01-19T17:50:01,E:\tmp\生声不息AI挑战资料\2026_07_31_生声不息AI挑战说明\2026A 0116-0122\AAA001_20260119_175001.wav,2026A 0116-0122/AAA001_20260119_175001.wav,36.0,39.0,0.552904,ORGANIZER_PROVIDED,生声不息AI挑战赛项目组,杭州固定监测位点,challenge_e2c54d6d6afdf51a4e2b,36.000-39.000,pending,,,reference retrieval; not a species detection until reviewed
streeyola_mongolica_challenge_ec1267fe3b044c3a05fd_00045000,shengshengbuxi_2026_wild,streeyola_mongolica_challenge_ec1267fe3b044c3a05fd_00045000,streeyola_mongolica,蒙古寒蝉,Streeyola mongolica,insect,2026B 0326-0401,2026-03-27T23:40:01,E:\tmp\生声不息AI挑战资料\2026_07_31_生声不息AI挑战说明\2026B 0326-0401\AAA001_20260327_234001.wav,2026B 0326-0401/AAA001_20260327_234001.wav,45.0,48.0,0.560062,ORGANIZER_PROVIDED,生声不息AI挑战赛项目组,杭州固定监测位点,challenge_ec1267fe3b044c3a05fd,45.000-48.000,pending,,,reference retrieval; not a species detection until reviewed
streeyola_mongolica_challenge_e993c012532830b45afd_00003000,shengshengbuxi_2026_wild,streeyola_mongolica_challenge_e993c012532830b45afd_00003000,streeyola_mongolica,蒙古寒蝉,Streeyola mongolica,insect,2026B 0326-0401,2026-03-28T23:30:03,E:\tmp\生声不息AI挑战资料\2026_07_31_生声不息AI挑战说明\2026B 0326-0401\AAA001_20260328_233003.wav,2026B 0326-0401/AAA001_20260328_233003.wav,3.0,6.0,0.540062,ORGANIZER_PROVIDED,生声不息AI挑战赛项目组,杭州固定监测位点,challenge_e993c012532830b45afd,3.000-6.000,pending,,,reference retrieval; not a species detection until reviewed
streeyola_mongolica_challenge_e993c012532830b45afd_00054000,shengshengbuxi_2026_wild,streeyola_mongolica_challenge_e993c012532830b45afd_00054000,streeyola_mongolica,蒙古寒蝉,Streeyola mongolica,insect,2026B 0326-0401,2026-03-28T23:30:03,E:\tmp\生声不息AI挑战资料\2026_07_31_生声不息AI挑战说明\2026B 0326-0401\AAA001_20260328_233003.wav,2026B 0326-0401/AAA001_20260328_233003.wav,54.0,57.0,0.538974,ORGANIZER_PROVIDED,生声不息AI挑战赛项目组,杭州固定监测位点,challenge_e993c012532830b45afd,54.000-57.000,pending,,,reference retrieval; not a species detection until reviewed
streeyola_mongolica_challenge_44a1e42e76e9d5e98a75_00015000,shengshengbuxi_2026_wild,streeyola_mongolica_challenge_44a1e42e76e9d5e98a75_00015000,streeyola_mongolica,蒙古寒蝉,Streeyola mongolica,insect,2026B 0326-0401,2026-03-30T23:55:01,E:\tmp\生声不息AI挑战资料\2026_07_31_生声不息AI挑战说明\2026B 0326-0401\AAA001_20260330_235501.wav,2026B 0326-0401/AAA001_20260330_235501.wav,15.0,18.0,0.538448,ORGANIZER_PROVIDED,生声不息AI挑战赛项目组,杭州固定监测位点,challenge_44a1e42e76e9d5e98a75,15.000-18.000,pending,,,reference retrieval; not a species detection until reviewed
streeyola_mongolica_challenge_ec1267fe3b044c3a05fd_00048000,shengshengbuxi_2026_wild,streeyola_mongolica_challenge_ec1267fe3b044c3a05fd_00048000,streeyola_mongolica,蒙古寒蝉,Streeyola mongolica,insect,2026B 0326-0401,2026-03-27T23:40:01,E:\tmp\生声不息AI挑战资料\2026_07_31_生声不息AI挑战说明\2026B 0326-0401\AAA001_20260327_234001.wav,2026B 0326-0401/AAA001_20260327_234001.wav,48.0,51.0,0.536605,ORGANIZER_PROVIDED,生声不息AI挑战赛项目组,杭州固定监测位点,challenge_ec1267fe3b044c3a05fd,48.000-51.000,pending,,,reference retrieval; not a species detection until reviewed
streeyola_mongolica_challenge_e993c012532830b45afd_00045000,shengshengbuxi_2026_wild,streeyola_mongolica_challenge_e993c012532830b45afd_00045000,streeyola_mongolica,蒙古寒蝉,Streeyola mongolica,insect,2026B 0326-0401,2026-03-28T23:30:03,E:\tmp\生声不息AI挑战资料\2026_07_31_生声不息AI挑战说明\2026B 0326-0401\AAA001_20260328_233003.wav,2026B 0326-0401/AAA001_20260328_233003.wav,45.0,48.0,0.536032,ORGANIZER_PROVIDED,生声不息AI挑战赛项目组,杭州固定监测位点,challenge_e993c012532830b45afd,45.000-48.000,pending,,,reference retrieval; not a species detection until reviewed
streeyola_mongolica_challenge_e993c012532830b45afd_00051000,shengshengbuxi_2026_wild,streeyola_mongolica_challenge_e993c012532830b45afd_00051000,streeyola_mongolica,蒙古寒蝉,Streeyola mongolica,insect,2026B 0326-0401,2026-03-28T23:30:03,E:\tmp\生声不息AI挑战资料\2026_07_31_生声不息AI挑战说明\2026B 0326-0401\AAA001_20260328_233003.wav,2026B 0326-0401/AAA001_20260328_233003.wav,51.0,54.0,0.535479,ORGANIZER_PROVIDED,生声不息AI挑战赛项目组,杭州固定监测位点,challenge_e993c012532830b45afd,51.000-54.000,pending,,,reference retrieval; not a species detection until reviewed
streeyola_mongolica_challenge_6f22075368d3dea8eb87_00009000,shengshengbuxi_2026_wild,streeyola_mongolica_challenge_6f22075368d3dea8eb87_00009000,streeyola_mongolica,蒙古寒蝉,Streeyola mongolica,insect,2026B 0326-0401,2026-03-31T23:45:04,E:\tmp\生声不息AI挑战资料\2026_07_31_生声不息AI挑战说明\2026B 0326-0401\AAA001_20260331_234504.wav,2026B 0326-0401/AAA001_20260331_234504.wav,9.0,12.0,0.535411,ORGANIZER_PROVIDED,生声不息AI挑战赛项目组,杭州固定监测位点,challenge_6f22075368d3dea8eb87,9.000-12.000,pending,,,reference retrieval; not a species detection until reviewed
streeyola_mongolica_challenge_6f22075368d3dea8eb87_00003000,shengshengbuxi_2026_wild,streeyola_mongolica_challenge_6f22075368d3dea8eb87_00003000,streeyola_mongolica,蒙古寒蝉,Streeyola mongolica,insect,2026B 0326-0401,2026-03-31T23:45:04,E:\tmp\生声不息AI挑战资料\2026_07_31_生声不息AI挑战说明\2026B 0326-0401\AAA001_20260331_234504.wav,2026B 0326-0401/AAA001_20260331_234504.wav,3.0,6.0,0.532477,ORGANIZER_PROVIDED,生声不息AI挑战赛项目组,杭州固定监测位点,challenge_6f22075368d3dea8eb87,3.000-6.000,pending,,,reference retrieval; not a species detection until reviewed
streeyola_mongolica_challenge_ec1267fe3b044c3a05fd_00042000,shengshengbuxi_2026_wild,streeyola_mongolica_challenge_ec1267fe3b044c3a05fd_00042000,streeyola_mongolica,蒙古寒蝉,Streeyola mongolica,insect,2026B 0326-0401,2026-03-27T23:40:01,E:\tmp\生声不息AI挑战资料\2026_07_31_生声不息AI挑战说明\2026B 0326-0401\AAA001_20260327_234001.wav,2026B 0326-0401/AAA001_20260327_234001.wav,42.0,45.0,0.53194,ORGANIZER_PROVIDED,生声不息AI挑战赛项目组,杭州固定监测位点,challenge_ec1267fe3b044c3a05fd,42.000-45.000,pending,,,reference retrieval; not a species detection until reviewed
streeyola_mongolica_challenge_beffeed25e5766ead751_00045000,shengshengbuxi_2026_wild,streeyola_mongolica_challenge_beffeed25e5766ead751_00045000,streeyola_mongolica,蒙古寒蝉,Streeyola mongolica,insect,2026C 0507-0513,2026-05-07T23:55:05,E:\tmp\生声不息AI挑战资料\2026_07_31_生声不息AI挑战说明\2026C 0507-0513\AAA001_20260507_235505.wav,2026C 0507-0513/AAA001_20260507_235505.wav,45.0,48.0,0.571879,ORGANIZER_PROVIDED,生声不息AI挑战赛项目组,杭州固定监测位点,challenge_beffeed25e5766ead751,45.000-48.000,pending,,,reference retrieval; not a species detection until reviewed
streeyola_mongolica_challenge_beffeed25e5766ead751_00024000,shengshengbuxi_2026_wild,streeyola_mongolica_challenge_beffeed25e5766ead751_00024000,streeyola_mongolica,蒙古寒蝉,Streeyola mongolica,insect,2026C 0507-0513,2026-05-07T23:55:05,E:\tmp\生声不息AI挑战资料\2026_07_31_生声不息AI挑战说明\2026C 0507-0513\AAA001_20260507_235505.wav,2026C 0507-0513/AAA001_20260507_235505.wav,24.0,27.0,0.567052,ORGANIZER_PROVIDED,生声不息AI挑战赛项目组,杭州固定监测位点,challenge_beffeed25e5766ead751,24.000-27.000,pending,,,reference retrieval; not a species detection until reviewed
streeyola_mongolica_challenge_beffeed25e5766ead751_00048000,shengshengbuxi_2026_wild,streeyola_mongolica_challenge_beffeed25e5766ead751_00048000,streeyola_mongolica,蒙古寒蝉,Streeyola mongolica,insect,2026C 0507-0513,2026-05-07T23:55:05,E:\tmp\生声不息AI挑战资料\2026_07_31_生声不息AI挑战说明\2026C 0507-0513\AAA001_20260507_235505.wav,2026C 0507-0513/AAA001_20260507_235505.wav,48.0,51.0,0.561058,ORGANIZER_PROVIDED,生声不息AI挑战赛项目组,杭州固定监测位点,challenge_beffeed25e5766ead751,48.000-51.000,pending,,,reference retrieval; not a species detection until reviewed
streeyola_mongolica_challenge_beffeed25e5766ead751_00042000,shengshengbuxi_2026_wild,streeyola_mongolica_challenge_beffeed25e5766ead751_00042000,streeyola_mongolica,蒙古寒蝉,Streeyola mongolica,insect,2026C 0507-0513,2026-05-07T23:55:05,E:\tmp\生声不息AI挑战资料\2026_07_31_生声不息AI挑战说明\2026C 0507-0513\AAA001_20260507_235505.wav,2026C 0507-0513/AAA001_20260507_235505.wav,42.0,45.0,0.561022,ORGANIZER_PROVIDED,生声不息AI挑战赛项目组,杭州固定监测位点,challenge_beffeed25e5766ead751,42.000-45.000,pending,,,reference retrieval; not a species detection until reviewed
streeyola_mongolica_challenge_095b2e911d240986586c_00039000,shengshengbuxi_2026_wild,streeyola_mongolica_challenge_095b2e911d240986586c_00039000,streeyola_mongolica,蒙古寒蝉,Streeyola mongolica,insect,2026C 0507-0513,2026-05-08T17:30:05,E:\tmp\生声不息AI挑战资料\2026_07_31_生声不息AI挑战说明\2026C 0507-0513\AAA001_20260508_173005.wav,2026C 0507-0513/AAA001_20260508_173005.wav,39.0,42.0,0.546754,ORGANIZER_PROVIDED,生声不息AI挑战赛项目组,杭州固定监测位点,challenge_095b2e911d240986586c,39.000-42.000,pending,,,reference retrieval; not a species detection until reviewed
streeyola_mongolica_challenge_a507784a5e305ce3b7da_00027000,shengshengbuxi_2026_wild,streeyola_mongolica_challenge_a507784a5e305ce3b7da_00027000,streeyola_mongolica,蒙古寒蝉,Streeyola mongolica,insect,2026C 0507-0513,2026-05-12T06:10:02,E:\tmp\生声不息AI挑战资料\2026_07_31_生声不息AI挑战说明\2026C 0507-0513\AAA001_20260512_061002.wav,2026C 0507-0513/AAA001_20260512_061002.wav,27.0,30.0,0.54175,ORGANIZER_PROVIDED,生声不息AI挑战赛项目组,杭州固定监测位点,challenge_a507784a5e305ce3b7da,27.000-30.000,pending,,,reference retrieval; not a species detection until reviewed
streeyola_mongolica_challenge_a507784a5e305ce3b7da_00042000,shengshengbuxi_2026_wild,streeyola_mongolica_challenge_a507784a5e305ce3b7da_00042000,streeyola_mongolica,蒙古寒蝉,Streeyola mongolica,insect,2026C 0507-0513,2026-05-12T06:10:02,E:\tmp\生声不息AI挑战资料\2026_07_31_生声不息AI挑战说明\2026C 0507-0513\AAA001_20260512_061002.wav,2026C 0507-0513/AAA001_20260512_061002.wav,42.0,45.0,0.539957,ORGANIZER_PROVIDED,生声不息AI挑战赛项目组,杭州固定监测位点,challenge_a507784a5e305ce3b7da,42.000-45.000,pending,,,reference retrieval; not a species detection until reviewed
streeyola_mongolica_challenge_beffeed25e5766ead751_00030000,shengshengbuxi_2026_wild,streeyola_mongolica_challenge_beffeed25e5766ead751_00030000,streeyola_mongolica,蒙古寒蝉,Streeyola mongolica,insect,2026C 0507-0513,2026-05-07T23:55:05,E:\tmp\生声不息AI挑战资料\2026_07_31_生声不息AI挑战说明\2026C 0507-0513\AAA001_20260507_235505.wav,2026C 0507-0513/AAA001_20260507_235505.wav,30.0,33.0,0.537814,ORGANIZER_PROVIDED,生声不息AI挑战赛项目组,杭州固定监测位点,challenge_beffeed25e5766ead751,30.000-33.000,pending,,,reference retrieval; not a species detection until reviewed
streeyola_mongolica_challenge_6342a5a4606e88c70358_00000000,shengshengbuxi_2026_wild,streeyola_mongolica_challenge_6342a5a4606e88c70358_00000000,streeyola_mongolica,蒙古寒蝉,Streeyola mongolica,insect,2026C 0507-0513,2026-05-09T11:40:04,E:\tmp\生声不息AI挑战资料\2026_07_31_生声不息AI挑战说明\2026C 0507-0513\AAA001_20260509_114004.wav,2026C 0507-0513/AAA001_20260509_114004.wav,0.0,3.0,0.536619,ORGANIZER_PROVIDED,生声不息AI挑战赛项目组,杭州固定监测位点,challenge_6342a5a4606e88c70358,0.000-3.000,pending,,,reference retrieval; not a species detection until reviewed
streeyola_mongolica_challenge_a507784a5e305ce3b7da_00030000,shengshengbuxi_2026_wild,streeyola_mongolica_challenge_a507784a5e305ce3b7da_00030000,streeyola_mongolica,蒙古寒蝉,Streeyola mongolica,insect,2026C 0507-0513,2026-05-12T06:10:02,E:\tmp\生声不息AI挑战资料\2026_07_31_生声不息AI挑战说明\2026C 0507-0513\AAA001_20260512_061002.wav,2026C 0507-0513/AAA001_20260512_061002.wav,30.0,33.0,0.535667,ORGANIZER_PROVIDED,生声不息AI挑战赛项目组,杭州固定监测位点,challenge_a507784a5e305ce3b7da,30.000-33.000,pending,,,reference retrieval; not a species detection until reviewed
streeyola_mongolica_challenge_ae47b7d55357760ea6ff_00048000,shengshengbuxi_2026_wild,streeyola_mongolica_challenge_ae47b7d55357760ea6ff_00048000,streeyola_mongolica,蒙古寒蝉,Streeyola mongolica,insect,2026D 0614-0608,2026-06-14T14:55:05,E:\tmp\生声不息AI挑战资料\2026_07_31_生声不息AI挑战说明\2026D 0614-0608\AAA001_20260614_145505.wav,2026D 0614-0608/AAA001_20260614_145505.wav,48.0,51.0,0.555845,ORGANIZER_PROVIDED,生声不息AI挑战赛项目组,杭州固定监测位点,challenge_ae47b7d55357760ea6ff,48.000-51.000,pending,,,reference retrieval; not a species detection until reviewed
streeyola_mongolica_challenge_4bc5dbc87892b421656f_00000000,shengshengbuxi_2026_wild,streeyola_mongolica_challenge_4bc5dbc87892b421656f_00000000,streeyola_mongolica,蒙古寒蝉,Streeyola mongolica,insect,2026D 0614-0608,2026-06-14T03:15:02,E:\tmp\生声不息AI挑战资料\2026_07_31_生声不息AI挑战说明\2026D 0614-0608\AAA001_20260614_031502.wav,2026D 0614-0608/AAA001_20260614_031502.wav,0.0,3.0,0.548642,ORGANIZER_PROVIDED,生声不息AI挑战赛项目组,杭州固定监测位点,challenge_4bc5dbc87892b421656f,0.000-3.000,pending,,,reference retrieval; not a species detection until reviewed
streeyola_mongolica_challenge_27de466a493090449bed_00042000,shengshengbuxi_2026_wild,streeyola_mongolica_challenge_27de466a493090449bed_00042000,streeyola_mongolica,蒙古寒蝉,Streeyola mongolica,insect,2026D 0614-0608,2026-06-13T21:35:05,E:\tmp\生声不息AI挑战资料\2026_07_31_生声不息AI挑战说明\2026D 0614-0608\AAA001_20260613_213505.wav,2026D 0614-0608/AAA001_20260613_213505.wav,42.0,45.0,0.542706,ORGANIZER_PROVIDED,生声不息AI挑战赛项目组,杭州固定监测位点,challenge_27de466a493090449bed,42.000-45.000,pending,,,reference retrieval; not a species detection until reviewed
streeyola_mongolica_challenge_9b09d5ef887731f9e1d2_00048000,shengshengbuxi_2026_wild,streeyola_mongolica_challenge_9b09d5ef887731f9e1d2_00048000,streeyola_mongolica,蒙古寒蝉,Streeyola mongolica,insect,2026D 0614-0608,2026-06-12T03:40:05,E:\tmp\生声不息AI挑战资料\2026_07_31_生声不息AI挑战说明\2026D 0614-0608\AAA001_20260612_034005.wav,2026D 0614-0608/AAA001_20260612_034005.wav,48.0,51.0,0.538457,ORGANIZER_PROVIDED,生声不息AI挑战赛项目组,杭州固定监测位点,challenge_9b09d5ef887731f9e1d2,48.000-51.000,pending,,,reference retrieval; not a species detection until reviewed
streeyola_mongolica_challenge_9b09d5ef887731f9e1d2_00009000,shengshengbuxi_2026_wild,streeyola_mongolica_challenge_9b09d5ef887731f9e1d2_00009000,streeyola_mongolica,蒙古寒蝉,Streeyola mongolica,insect,2026D 0614-0608,2026-06-12T03:40:05,E:\tmp\生声不息AI挑战资料\2026_07_31_生声不息AI挑战说明\2026D 0614-0608\AAA001_20260612_034005.wav,2026D 0614-0608/AAA001_20260612_034005.wav,9.0,12.0,0.536703,ORGANIZER_PROVIDED,生声不息AI挑战赛项目组,杭州固定监测位点,challenge_9b09d5ef887731f9e1d2,9.000-12.000,pending,,,reference retrieval; not a species detection until reviewed
streeyola_mongolica_challenge_320d82959c07b3d9eee6_00003000,shengshengbuxi_2026_wild,streeyola_mongolica_challenge_320d82959c07b3d9eee6_00003000,streeyola_mongolica,蒙古寒蝉,Streeyola mongolica,insect,2026D 0614-0608,2026-06-09T06:00:01,E:\tmp\生声不息AI挑战资料\2026_07_31_生声不息AI挑战说明\2026D 0614-0608\AAA001_20260609_060001.wav,2026D 0614-0608/AAA001_20260609_060001.wav,3.0,6.0,0.533494,ORGANIZER_PROVIDED,生声不息AI挑战赛项目组,杭州固定监测位点,challenge_320d82959c07b3d9eee6,3.000-6.000,pending,,,reference retrieval; not a species detection until reviewed
streeyola_mongolica_challenge_9b09d5ef887731f9e1d2_00006000,shengshengbuxi_2026_wild,streeyola_mongolica_challenge_9b09d5ef887731f9e1d2_00006000,streeyola_mongolica,蒙古寒蝉,Streeyola mongolica,insect,2026D 0614-0608,2026-06-12T03:40:05,E:\tmp\生声不息AI挑战资料\2026_07_31_生声不息AI挑战说明\2026D 0614-0608\AAA001_20260612_034005.wav,2026D 0614-0608/AAA001_20260612_034005.wav,6.0,9.0,0.532623,ORGANIZER_PROVIDED,生声不息AI挑战赛项目组,杭州固定监测位点,challenge_9b09d5ef887731f9e1d2,6.000-9.000,pending,,,reference retrieval; not a species detection until reviewed
streeyola_mongolica_challenge_ae47b7d55357760ea6ff_00057000,shengshengbuxi_2026_wild,streeyola_mongolica_challenge_ae47b7d55357760ea6ff_00057000,streeyola_mongolica,蒙古寒蝉,Streeyola mongolica,insect,2026D 0614-0608,2026-06-14T14:55:05,E:\tmp\生声不息AI挑战资料\2026_07_31_生声不息AI挑战说明\2026D 0614-0608\AAA001_20260614_145505.wav,2026D 0614-0608/AAA001_20260614_145505.wav,57.0,60.0,0.52734,ORGANIZER_PROVIDED,生声不息AI挑战赛项目组,杭州固定监测位点,challenge_ae47b7d55357760ea6ff,57.000-60.000,pending,,,reference retrieval; not a species detection until reviewed
streeyola_mongolica_challenge_8cf47c37b5d3d5bf684a_00033000,shengshengbuxi_2026_wild,streeyola_mongolica_challenge_8cf47c37b5d3d5bf684a_00033000,streeyola_mongolica,蒙古寒蝉,Streeyola mongolica,insect,2026D 0614-0608,2026-06-10T22:40:02,E:\tmp\生声不息AI挑战资料\2026_07_31_生声不息AI挑战说明\2026D 0614-0608\AAA001_20260610_224002.wav,2026D 0614-0608/AAA001_20260610_224002.wav,33.0,36.0,0.523922,ORGANIZER_PROVIDED,生声不息AI挑战赛项目组,杭州固定监测位点,challenge_8cf47c37b5d3d5bf684a,33.000-36.000,pending,,,reference retrieval; not a species detection until reviewed
streeyola_mongolica_challenge_481e1c19750162b94441_00009000,shengshengbuxi_2026_wild,streeyola_mongolica_challenge_481e1c19750162b94441_00009000,streeyola_mongolica,蒙古寒蝉,Streeyola mongolica,insect,2026D 0614-0608,2026-06-13T09:55:04,E:\tmp\生声不息AI挑战资料\2026_07_31_生声不息AI挑战说明\2026D 0614-0608\AAA001_20260613_095504.wav,2026D 0614-0608/AAA001_20260613_095504.wav,9.0,12.0,0.523654,ORGANIZER_PROVIDED,生声不息AI挑战赛项目组,杭州固定监测位点,challenge_481e1c19750162b94441,9.000-12.000,pending,,,reference retrieval; not a species detection until reviewed
teleogryllus_emma_challenge_e2c54d6d6afdf51a4e2b_00033000,shengshengbuxi_2026_wild,teleogryllus_emma_challenge_e2c54d6d6afdf51a4e2b_00033000,teleogryllus_emma,黄脸油葫芦,Teleogryllus emma,insect,2026A 0116-0122,2026-01-19T17:50:01,E:\tmp\生声不息AI挑战资料\2026_07_31_生声不息AI挑战说明\2026A 0116-0122\AAA001_20260119_175001.wav,2026A 0116-0122/AAA001_20260119_175001.wav,33.0,36.0,0.509154,ORGANIZER_PROVIDED,生声不息AI挑战赛项目组,杭州固定监测位点,challenge_e2c54d6d6afdf51a4e2b,33.000-36.000,pending,,,reference retrieval; not a species detection until reviewed
teleogryllus_emma_challenge_67476dadb59fe95fcca7_00018000,shengshengbuxi_2026_wild,teleogryllus_emma_challenge_67476dadb59fe95fcca7_00018000,teleogryllus_emma,黄脸油葫芦,Teleogryllus emma,insect,2026A 0116-0122,2026-01-16T23:55:04,E:\tmp\生声不息AI挑战资料\2026_07_31_生声不息AI挑战说明\2026A 0116-0122\AAA001_20260116_235504.wav,2026A 0116-0122/AAA001_20260116_235504.wav,18.0,21.0,0.508332,ORGANIZER_PROVIDED,生声不息AI挑战赛项目组,杭州固定监测位点,challenge_67476dadb59fe95fcca7,18.000-21.000,pending,,,reference retrieval; not a species detection until reviewed
teleogryllus_emma_challenge_97cf32e07c2f64f160f3_00012000,shengshengbuxi_2026_wild,teleogryllus_emma_challenge_97cf32e07c2f64f160f3_00012000,teleogryllus_emma,黄脸油葫芦,Teleogryllus emma,insect,2026A 0116-0122,2026-01-18T23:40:03,E:\tmp\生声不息AI挑战资料\2026_07_31_生声不息AI挑战说明\2026A 0116-0122\AAA001_20260118_234003.wav,2026A 0116-0122/AAA001_20260118_234003.wav,12.0,15.0,0.508227,ORGANIZER_PROVIDED,生声不息AI挑战赛项目组,杭州固定监测位点,challenge_97cf32e07c2f64f160f3,12.000-15.000,pending,,,reference retrieval; not a species detection until reviewed
teleogryllus_emma_challenge_d072839af2a6ef73c244_00057000,shengshengbuxi_2026_wild,teleogryllus_emma_challenge_d072839af2a6ef73c244_00057000,teleogryllus_emma,黄脸油葫芦,Teleogryllus emma,insect,2026A 0116-0122,2026-01-17T23:45:05,E:\tmp\生声不息AI挑战资料\2026_07_31_生声不息AI挑战说明\2026A 0116-0122\AAA001_20260117_234505.wav,2026A 0116-0122/AAA001_20260117_234505.wav,57.0,60.0,0.503479,ORGANIZER_PROVIDED,生声不息AI挑战赛项目组,杭州固定监测位点,challenge_d072839af2a6ef73c244,57.000-60.000,pending,,,reference retrieval; not a species detection until reviewed
teleogryllus_emma_challenge_8bccd4a7b383c6b161ac_00057000,shengshengbuxi_2026_wild,teleogryllus_emma_challenge_8bccd4a7b383c6b161ac_00057000,teleogryllus_emma,黄脸油葫芦,Teleogryllus emma,insect,2026A 0116-0122,2026-01-19T23:35:05,E:\tmp\生声不息AI挑战资料\2026_07_31_生声不息AI挑战说明\2026A 0116-0122\AAA001_20260119_233505.wav,2026A 0116-0122/AAA001_20260119_233505.wav,57.0,60.0,0.502898,ORGANIZER_PROVIDED,生声不息AI挑战赛项目组,杭州固定监测位点,challenge_8bccd4a7b383c6b161ac,57.000-60.000,pending,,,reference retrieval; not a species detection until reviewed
teleogryllus_emma_challenge_67476dadb59fe95fcca7_00024000,shengshengbuxi_2026_wild,teleogryllus_emma_challenge_67476dadb59fe95fcca7_00024000,teleogryllus_emma,黄脸油葫芦,Teleogryllus emma,insect,2026A 0116-0122,2026-01-16T23:55:04,E:\tmp\生声不息AI挑战资料\2026_07_31_生声不息AI挑战说明\2026A 0116-0122\AAA001_20260116_235504.wav,2026A 0116-0122/AAA001_20260116_235504.wav,24.0,27.0,0.500832,ORGANIZER_PROVIDED,生声不息AI挑战赛项目组,杭州固定监测位点,challenge_67476dadb59fe95fcca7,24.000-27.000,pending,,,reference retrieval; not a species detection until reviewed
teleogryllus_emma_challenge_d072839af2a6ef73c244_00018000,shengshengbuxi_2026_wild,teleogryllus_emma_challenge_d072839af2a6ef73c244_00018000,teleogryllus_emma,黄脸油葫芦,Teleogryllus emma,insect,2026A 0116-0122,2026-01-17T23:45:05,E:\tmp\生声不息AI挑战资料\2026_07_31_生声不息AI挑战说明\2026A 0116-0122\AAA001_20260117_234505.wav,2026A 0116-0122/AAA001_20260117_234505.wav,18.0,21.0,0.500432,ORGANIZER_PROVIDED,生声不息AI挑战赛项目组,杭州固定监测位点,challenge_d072839af2a6ef73c244,18.000-21.000,pending,,,reference retrieval; not a species detection until reviewed
teleogryllus_emma_challenge_83dfc0e18e906563deaa_00045000,shengshengbuxi_2026_wild,teleogryllus_emma_challenge_83dfc0e18e906563deaa_00045000,teleogryllus_emma,黄脸油葫芦,Teleogryllus emma,insect,2026A 0116-0122,2026-01-21T12:05:02,E:\tmp\生声不息AI挑战资料\2026_07_31_生声不息AI挑战说明\2026A 0116-0122\AAA001_20260121_120502.wav,2026A 0116-0122/AAA001_20260121_120502.wav,45.0,48.0,0.497061,ORGANIZER_PROVIDED,生声不息AI挑战赛项目组,杭州固定监测位点,challenge_83dfc0e18e906563deaa,45.000-48.000,pending,,,reference retrieval; not a species detection until reviewed
teleogryllus_emma_challenge_d072839af2a6ef73c244_00030000,shengshengbuxi_2026_wild,teleogryllus_emma_challenge_d072839af2a6ef73c244_00030000,teleogryllus_emma,黄脸油葫芦,Teleogryllus emma,insect,2026A 0116-0122,2026-01-17T23:45:05,E:\tmp\生声不息AI挑战资料\2026_07_31_生声不息AI挑战说明\2026A 0116-0122\AAA001_20260117_234505.wav,2026A 0116-0122/AAA001_20260117_234505.wav,30.0,33.0,0.49683,ORGANIZER_PROVIDED,生声不息AI挑战赛项目组,杭州固定监测位点,challenge_d072839af2a6ef73c244,30.000-33.000,pending,,,reference retrieval; not a species detection until reviewed
teleogryllus_emma_challenge_e2c54d6d6afdf51a4e2b_00051000,shengshengbuxi_2026_wild,teleogryllus_emma_challenge_e2c54d6d6afdf51a4e2b_00051000,teleogryllus_emma,黄脸油葫芦,Teleogryllus emma,insect,2026A 0116-0122,2026-01-19T17:50:01,E:\tmp\生声不息AI挑战资料\2026_07_31_生声不息AI挑战说明\2026A 0116-0122\AAA001_20260119_175001.wav,2026A 0116-0122/AAA001_20260119_175001.wav,51.0,54.0,0.496358,ORGANIZER_PROVIDED,生声不息AI挑战赛项目组,杭州固定监测位点,challenge_e2c54d6d6afdf51a4e2b,51.000-54.000,pending,,,reference retrieval; not a species detection until reviewed
teleogryllus_emma_challenge_04e9aca90e9d0af0a25b_00018000,shengshengbuxi_2026_wild,teleogryllus_emma_challenge_04e9aca90e9d0af0a25b_00018000,teleogryllus_emma,黄脸油葫芦,Teleogryllus emma,insect,2026B 0326-0401,2026-03-31T17:30:02,E:\tmp\生声不息AI挑战资料\2026_07_31_生声不息AI挑战说明\2026B 0326-0401\AAA001_20260331_173002.wav,2026B 0326-0401/AAA001_20260331_173002.wav,18.0,21.0,0.515891,ORGANIZER_PROVIDED,生声不息AI挑战赛项目组,杭州固定监测位点,challenge_04e9aca90e9d0af0a25b,18.000-21.000,pending,,,reference retrieval; not a species detection until reviewed
teleogryllus_emma_challenge_6f22075368d3dea8eb87_00009000,shengshengbuxi_2026_wild,teleogryllus_emma_challenge_6f22075368d3dea8eb87_00009000,teleogryllus_emma,黄脸油葫芦,Teleogryllus emma,insect,2026B 0326-0401,2026-03-31T23:45:04,E:\tmp\生声不息AI挑战资料\2026_07_31_生声不息AI挑战说明\2026B 0326-0401\AAA001_20260331_234504.wav,2026B 0326-0401/AAA001_20260331_234504.wav,9.0,12.0,0.514368,ORGANIZER_PROVIDED,生声不息AI挑战赛项目组,杭州固定监测位点,challenge_6f22075368d3dea8eb87,9.000-12.000,pending,,,reference retrieval; not a species detection until reviewed
teleogryllus_emma_challenge_6f22075368d3dea8eb87_00015000,shengshengbuxi_2026_wild,teleogryllus_emma_challenge_6f22075368d3dea8eb87_00015000,teleogryllus_emma,黄脸油葫芦,Teleogryllus emma,insect,2026B 0326-0401,2026-03-31T23:45:04,E:\tmp\生声不息AI挑战资料\2026_07_31_生声不息AI挑战说明\2026B 0326-0401\AAA001_20260331_234504.wav,2026B 0326-0401/AAA001_20260331_234504.wav,15.0,18.0,0.512924,ORGANIZER_PROVIDED,生声不息AI挑战赛项目组,杭州固定监测位点,challenge_6f22075368d3dea8eb87,15.000-18.000,pending,,,reference retrieval; not a species detection until reviewed
teleogryllus_emma_challenge_6f22075368d3dea8eb87_00051000,shengshengbuxi_2026_wild,teleogryllus_emma_challenge_6f22075368d3dea8eb87_00051000,teleogryllus_emma,黄脸油葫芦,Teleogryllus emma,insect,2026B 0326-0401,2026-03-31T23:45:04,E:\tmp\生声不息AI挑战资料\2026_07_31_生声不息AI挑战说明\2026B 0326-0401\AAA001_20260331_234504.wav,2026B 0326-0401/AAA001_20260331_234504.wav,51.0,54.0,0.510732,ORGANIZER_PROVIDED,生声不息AI挑战赛项目组,杭州固定监测位点,challenge_6f22075368d3dea8eb87,51.000-54.000,pending,,,reference retrieval; not a species detection until reviewed
teleogryllus_emma_challenge_6f22075368d3dea8eb87_00012000,shengshengbuxi_2026_wild,teleogryllus_emma_challenge_6f22075368d3dea8eb87_00012000,teleogryllus_emma,黄脸油葫芦,Teleogryllus emma,insect,2026B 0326-0401,2026-03-31T23:45:04,E:\tmp\生声不息AI挑战资料\2026_07_31_生声不息AI挑战说明\2026B 0326-0401\AAA001_20260331_234504.wav,2026B 0326-0401/AAA001_20260331_234504.wav,12.0,15.0,0.509212,ORGANIZER_PROVIDED,生声不息AI挑战赛项目组,杭州固定监测位点,challenge_6f22075368d3dea8eb87,12.000-15.000,pending,,,reference retrieval; not a species detection until reviewed
teleogryllus_emma_challenge_6f22075368d3dea8eb87_00021000,shengshengbuxi_2026_wild,teleogryllus_emma_challenge_6f22075368d3dea8eb87_00021000,teleogryllus_emma,黄脸油葫芦,Teleogryllus emma,insect,2026B 0326-0401,2026-03-31T23:45:04,E:\tmp\生声不息AI挑战资料\2026_07_31_生声不息AI挑战说明\2026B 0326-0401\AAA001_20260331_234504.wav,2026B 0326-0401/AAA001_20260331_234504.wav,21.0,24.0,0.507457,ORGANIZER_PROVIDED,生声不息AI挑战赛项目组,杭州固定监测位点,challenge_6f22075368d3dea8eb87,21.000-24.000,pending,,,reference retrieval; not a species detection until reviewed
teleogryllus_emma_challenge_6f22075368d3dea8eb87_00045000,shengshengbuxi_2026_wild,teleogryllus_emma_challenge_6f22075368d3dea8eb87_00045000,teleogryllus_emma,黄脸油葫芦,Teleogryllus emma,insect,2026B 0326-0401,2026-03-31T23:45:04,E:\tmp\生声不息AI挑战资料\2026_07_31_生声不息AI挑战说明\2026B 0326-0401\AAA001_20260331_234504.wav,2026B 0326-0401/AAA001_20260331_234504.wav,45.0,48.0,0.507322,ORGANIZER_PROVIDED,生声不息AI挑战赛项目组,杭州固定监测位点,challenge_6f22075368d3dea8eb87,45.000-48.000,pending,,,reference retrieval; not a species detection until reviewed
teleogryllus_emma_challenge_6f22075368d3dea8eb87_00030000,shengshengbuxi_2026_wild,teleogryllus_emma_challenge_6f22075368d3dea8eb87_00030000,teleogryllus_emma,黄脸油葫芦,Teleogryllus emma,insect,2026B 0326-0401,2026-03-31T23:45:04,E:\tmp\生声不息AI挑战资料\2026_07_31_生声不息AI挑战说明\2026B 0326-0401\AAA001_20260331_234504.wav,2026B 0326-0401/AAA001_20260331_234504.wav,30.0,33.0,0.504849,ORGANIZER_PROVIDED,生声不息AI挑战赛项目组,杭州固定监测位点,challenge_6f22075368d3dea8eb87,30.000-33.000,pending,,,reference retrieval; not a species detection until reviewed
teleogryllus_emma_challenge_44a1e42e76e9d5e98a75_00021000,shengshengbuxi_2026_wild,teleogryllus_emma_challenge_44a1e42e76e9d5e98a75_00021000,teleogryllus_emma,黄脸油葫芦,Teleogryllus emma,insect,2026B 0326-0401,2026-03-30T23:55:01,E:\tmp\生声不息AI挑战资料\2026_07_31_生声不息AI挑战说明\2026B 0326-0401\AAA001_20260330_235501.wav,2026B 0326-0401/AAA001_20260330_235501.wav,21.0,24.0,0.50295,ORGANIZER_PROVIDED,生声不息AI挑战赛项目组,杭州固定监测位点,challenge_44a1e42e76e9d5e98a75,21.000-24.000,pending,,,reference retrieval; not a species detection until reviewed
teleogryllus_emma_challenge_ec1267fe3b044c3a05fd_00021000,shengshengbuxi_2026_wild,teleogryllus_emma_challenge_ec1267fe3b044c3a05fd_00021000,teleogryllus_emma,黄脸油葫芦,Teleogryllus emma,insect,2026B 0326-0401,2026-03-27T23:40:01,E:\tmp\生声不息AI挑战资料\2026_07_31_生声不息AI挑战说明\2026B 0326-0401\AAA001_20260327_234001.wav,2026B 0326-0401/AAA001_20260327_234001.wav,21.0,24.0,0.5006,ORGANIZER_PROVIDED,生声不息AI挑战赛项目组,杭州固定监测位点,challenge_ec1267fe3b044c3a05fd,21.000-24.000,pending,,,reference retrieval; not a species detection until reviewed
teleogryllus_emma_challenge_21a0705f01c56713b0e0_00045000,shengshengbuxi_2026_wild,teleogryllus_emma_challenge_21a0705f01c56713b0e0_00045000,teleogryllus_emma,黄脸油葫芦,Teleogryllus emma,insect,2026C 0507-0513,2026-05-10T11:30:03,E:\tmp\生声不息AI挑战资料\2026_07_31_生声不息AI挑战说明\2026C 0507-0513\AAA001_20260510_113003.wav,2026C 0507-0513/AAA001_20260510_113003.wav,45.0,48.0,0.525586,ORGANIZER_PROVIDED,生声不息AI挑战赛项目组,杭州固定监测位点,challenge_21a0705f01c56713b0e0,45.000-48.000,pending,,,reference retrieval; not a species detection until reviewed
teleogryllus_emma_challenge_258cfd09b12601235c93_00009000,shengshengbuxi_2026_wild,teleogryllus_emma_challenge_258cfd09b12601235c93_00009000,teleogryllus_emma,黄脸油葫芦,Teleogryllus emma,insect,2026C 0507-0513,2026-05-09T17:20:04,E:\tmp\生声不息AI挑战资料\2026_07_31_生声不息AI挑战说明\2026C 0507-0513\AAA001_20260509_172004.wav,2026C 0507-0513/AAA001_20260509_172004.wav,9.0,12.0,0.517135,ORGANIZER_PROVIDED,生声不息AI挑战赛项目组,杭州固定监测位点,challenge_258cfd09b12601235c93,9.000-12.000,pending,,,reference retrieval; not a species detection until reviewed
teleogryllus_emma_challenge_0139da9a874b7a480c11_00000000,shengshengbuxi_2026_wild,teleogryllus_emma_challenge_0139da9a874b7a480c11_00000000,teleogryllus_emma,黄脸油葫芦,Teleogryllus emma,insect,2026C 0507-0513,2026-05-07T17:40:03,E:\tmp\生声不息AI挑战资料\2026_07_31_生声不息AI挑战说明\2026C 0507-0513\AAA001_20260507_174003.wav,2026C 0507-0513/AAA001_20260507_174003.wav,0.0,3.0,0.515223,ORGANIZER_PROVIDED,生声不息AI挑战赛项目组,杭州固定监测位点,challenge_0139da9a874b7a480c11,0.000-3.000,pending,,,reference retrieval; not a species detection until reviewed
teleogryllus_emma_challenge_21a0705f01c56713b0e0_00012000,shengshengbuxi_2026_wild,teleogryllus_emma_challenge_21a0705f01c56713b0e0_00012000,teleogryllus_emma,黄脸油葫芦,Teleogryllus emma,insect,2026C 0507-0513,2026-05-10T11:30:03,E:\tmp\生声不息AI挑战资料\2026_07_31_生声不息AI挑战说明\2026C 0507-0513\AAA001_20260510_113003.wav,2026C 0507-0513/AAA001_20260510_113003.wav,12.0,15.0,0.515216,ORGANIZER_PROVIDED,生声不息AI挑战赛项目组,杭州固定监测位点,challenge_21a0705f01c56713b0e0,12.000-15.000,pending,,,reference retrieval; not a species detection until reviewed
teleogryllus_emma_challenge_beffeed25e5766ead751_00042000,shengshengbuxi_2026_wild,teleogryllus_emma_challenge_beffeed25e5766ead751_00042000,teleogryllus_emma,黄脸油葫芦,Teleogryllus emma,insect,2026C 0507-0513,2026-05-07T23:55:05,E:\tmp\生声不息AI挑战资料\2026_07_31_生声不息AI挑战说明\2026C 0507-0513\AAA001_20260507_235505.wav,2026C 0507-0513/AAA001_20260507_235505.wav,42.0,45.0,0.514537,ORGANIZER_PROVIDED,生声不息AI挑战赛项目组,杭州固定监测位点,challenge_beffeed25e5766ead751,42.000-45.000,pending,,,reference retrieval; not a species detection until reviewed
teleogryllus_emma_challenge_beffeed25e5766ead751_00045000,shengshengbuxi_2026_wild,teleogryllus_emma_challenge_beffeed25e5766ead751_00045000,teleogryllus_emma,黄脸油葫芦,Teleogryllus emma,insect,2026C 0507-0513,2026-05-07T23:55:05,E:\tmp\生声不息AI挑战资料\2026_07_31_生声不息AI挑战说明\2026C 0507-0513\AAA001_20260507_235505.wav,2026C 0507-0513/AAA001_20260507_235505.wav,45.0,48.0,0.514013,ORGANIZER_PROVIDED,生声不息AI挑战赛项目组,杭州固定监测位点,challenge_beffeed25e5766ead751,45.000-48.000,pending,,,reference retrieval; not a species detection until reviewed
teleogryllus_emma_challenge_258cfd09b12601235c93_00003000,shengshengbuxi_2026_wild,teleogryllus_emma_challenge_258cfd09b12601235c93_00003000,teleogryllus_emma,黄脸油葫芦,Teleogryllus emma,insect,2026C 0507-0513,2026-05-09T17:20:04,E:\tmp\生声不息AI挑战资料\2026_07_31_生声不息AI挑战说明\2026C 0507-0513\AAA001_20260509_172004.wav,2026C 0507-0513/AAA001_20260509_172004.wav,3.0,6.0,0.513428,ORGANIZER_PROVIDED,生声不息AI挑战赛项目组,杭州固定监测位点,challenge_258cfd09b12601235c93,3.000-6.000,pending,,,reference retrieval; not a species detection until reviewed
teleogryllus_emma_challenge_0139da9a874b7a480c11_00006000,shengshengbuxi_2026_wild,teleogryllus_emma_challenge_0139da9a874b7a480c11_00006000,teleogryllus_emma,黄脸油葫芦,Teleogryllus emma,insect,2026C 0507-0513,2026-05-07T17:40:03,E:\tmp\生声不息AI挑战资料\2026_07_31_生声不息AI挑战说明\2026C 0507-0513\AAA001_20260507_174003.wav,2026C 0507-0513/AAA001_20260507_174003.wav,6.0,9.0,0.51294,ORGANIZER_PROVIDED,生声不息AI挑战赛项目组,杭州固定监测位点,challenge_0139da9a874b7a480c11,6.000-9.000,pending,,,reference retrieval; not a species detection until reviewed
teleogryllus_emma_challenge_21a0705f01c56713b0e0_00009000,shengshengbuxi_2026_wild,teleogryllus_emma_challenge_21a0705f01c56713b0e0_00009000,teleogryllus_emma,黄脸油葫芦,Teleogryllus emma,insect,2026C 0507-0513,2026-05-10T11:30:03,E:\tmp\生声不息AI挑战资料\2026_07_31_生声不息AI挑战说明\2026C 0507-0513\AAA001_20260510_113003.wav,2026C 0507-0513/AAA001_20260510_113003.wav,9.0,12.0,0.511743,ORGANIZER_PROVIDED,生声不息AI挑战赛项目组,杭州固定监测位点,challenge_21a0705f01c56713b0e0,9.000-12.000,pending,,,reference retrieval; not a species detection until reviewed
teleogryllus_emma_challenge_258cfd09b12601235c93_00021000,shengshengbuxi_2026_wild,teleogryllus_emma_challenge_258cfd09b12601235c93_00021000,teleogryllus_emma,黄脸油葫芦,Teleogryllus emma,insect,2026C 0507-0513,2026-05-09T17:20:04,E:\tmp\生声不息AI挑战资料\2026_07_31_生声不息AI挑战说明\2026C 0507-0513\AAA001_20260509_172004.wav,2026C 0507-0513/AAA001_20260509_172004.wav,21.0,24.0,0.511224,ORGANIZER_PROVIDED,生声不息AI挑战赛项目组,杭州固定监测位点,challenge_258cfd09b12601235c93,21.000-24.000,pending,,,reference retrieval; not a species detection until reviewed
teleogryllus_emma_challenge_1c49da9b4f83f86d432e_00006000,shengshengbuxi_2026_wild,teleogryllus_emma_challenge_1c49da9b4f83f86d432e_00006000,teleogryllus_emma,黄脸油葫芦,Teleogryllus emma,insect,2026D 0614-0608,2026-06-09T11:40:01,E:\tmp\生声不息AI挑战资料\2026_07_31_生声不息AI挑战说明\2026D 0614-0608\AAA001_20260609_114001.wav,2026D 0614-0608/AAA001_20260609_114001.wav,6.0,9.0,0.524575,ORGANIZER_PROVIDED,生声不息AI挑战赛项目组,杭州固定监测位点,challenge_1c49da9b4f83f86d432e,6.000-9.000,pending,,,reference retrieval; not a species detection until reviewed
teleogryllus_emma_challenge_d64eb215de1a4c534025_00036000,shengshengbuxi_2026_wild,teleogryllus_emma_challenge_d64eb215de1a4c534025_00036000,teleogryllus_emma,黄脸油葫芦,Teleogryllus emma,insect,2026D 0614-0608,2026-06-13T15:30:05,E:\tmp\生声不息AI挑战资料\2026_07_31_生声不息AI挑战说明\2026D 0614-0608\AAA001_20260613_153005.wav,2026D 0614-0608/AAA001_20260613_153005.wav,36.0,39.0,0.51242,ORGANIZER_PROVIDED,生声不息AI挑战赛项目组,杭州固定监测位点,challenge_d64eb215de1a4c534025,36.000-39.000,pending,,,reference retrieval; not a species detection until reviewed
teleogryllus_emma_challenge_d64eb215de1a4c534025_00042000,shengshengbuxi_2026_wild,teleogryllus_emma_challenge_d64eb215de1a4c534025_00042000,teleogryllus_emma,黄脸油葫芦,Teleogryllus emma,insect,2026D 0614-0608,2026-06-13T15:30:05,E:\tmp\生声不息AI挑战资料\2026_07_31_生声不息AI挑战说明\2026D 0614-0608\AAA001_20260613_153005.wav,2026D 0614-0608/AAA001_20260613_153005.wav,42.0,45.0,0.509836,ORGANIZER_PROVIDED,生声不息AI挑战赛项目组,杭州固定监测位点,challenge_d64eb215de1a4c534025,42.000-45.000,pending,,,reference retrieval; not a species detection until reviewed
teleogryllus_emma_challenge_823fe99897fbf6a888ed_00006000,shengshengbuxi_2026_wild,teleogryllus_emma_challenge_823fe99897fbf6a888ed_00006000,teleogryllus_emma,黄脸油葫芦,Teleogryllus emma,insect,2026D 0614-0608,2026-06-10T16:40:04,E:\tmp\生声不息AI挑战资料\2026_07_31_生声不息AI挑战说明\2026D 0614-0608\AAA001_20260610_164004.wav,2026D 0614-0608/AAA001_20260610_164004.wav,6.0,9.0,0.505942,ORGANIZER_PROVIDED,生声不息AI挑战赛项目组,杭州固定监测位点,challenge_823fe99897fbf6a888ed,6.000-9.000,pending,,,reference retrieval; not a species detection until reviewed
teleogryllus_emma_challenge_d64eb215de1a4c534025_00033000,shengshengbuxi_2026_wild,teleogryllus_emma_challenge_d64eb215de1a4c534025_00033000,teleogryllus_emma,黄脸油葫芦,Teleogryllus emma,insect,2026D 0614-0608,2026-06-13T15:30:05,E:\tmp\生声不息AI挑战资料\2026_07_31_生声不息AI挑战说明\2026D 0614-0608\AAA001_20260613_153005.wav,2026D 0614-0608/AAA001_20260613_153005.wav,33.0,36.0,0.504671,ORGANIZER_PROVIDED,生声不息AI挑战赛项目组,杭州固定监测位点,challenge_d64eb215de1a4c534025,33.000-36.000,pending,,,reference retrieval; not a species detection until reviewed
teleogryllus_emma_challenge_d64eb215de1a4c534025_00030000,shengshengbuxi_2026_wild,teleogryllus_emma_challenge_d64eb215de1a4c534025_00030000,teleogryllus_emma,黄脸油葫芦,Teleogryllus emma,insect,2026D 0614-0608,2026-06-13T15:30:05,E:\tmp\生声不息AI挑战资料\2026_07_31_生声不息AI挑战说明\2026D 0614-0608\AAA001_20260613_153005.wav,2026D 0614-0608/AAA001_20260613_153005.wav,30.0,33.0,0.500931,ORGANIZER_PROVIDED,生声不息AI挑战赛项目组,杭州固定监测位点,challenge_d64eb215de1a4c534025,30.000-33.000,pending,,,reference retrieval; not a species detection until reviewed
teleogryllus_emma_challenge_d64eb215de1a4c534025_00015000,shengshengbuxi_2026_wild,teleogryllus_emma_challenge_d64eb215de1a4c534025_00015000,teleogryllus_emma,黄脸油葫芦,Teleogryllus emma,insect,2026D 0614-0608,2026-06-13T15:30:05,E:\tmp\生声不息AI挑战资料\2026_07_31_生声不息AI挑战说明\2026D 0614-0608\AAA001_20260613_153005.wav,2026D 0614-0608/AAA001_20260613_153005.wav,15.0,18.0,0.497112,ORGANIZER_PROVIDED,生声不息AI挑战赛项目组,杭州固定监测位点,challenge_d64eb215de1a4c534025,15.000-18.000,pending,,,reference retrieval; not a species detection until reviewed
teleogryllus_emma_challenge_d64eb215de1a4c534025_00012000,shengshengbuxi_2026_wild,teleogryllus_emma_challenge_d64eb215de1a4c534025_00012000,teleogryllus_emma,黄脸油葫芦,Teleogryllus emma,insect,2026D 0614-0608,2026-06-13T15:30:05,E:\tmp\生声不息AI挑战资料\2026_07_31_生声不息AI挑战说明\2026D 0614-0608\AAA001_20260613_153005.wav,2026D 0614-0608/AAA001_20260613_153005.wav,12.0,15.0,0.496709,ORGANIZER_PROVIDED,生声不息AI挑战赛项目组,杭州固定监测位点,challenge_d64eb215de1a4c534025,12.000-15.000,pending,,,reference retrieval; not a species detection until reviewed
teleogryllus_emma_challenge_d64eb215de1a4c534025_00051000,shengshengbuxi_2026_wild,teleogryllus_emma_challenge_d64eb215de1a4c534025_00051000,teleogryllus_emma,黄脸油葫芦,Teleogryllus emma,insect,2026D 0614-0608,2026-06-13T15:30:05,E:\tmp\生声不息AI挑战资料\2026_07_31_生声不息AI挑战说明\2026D 0614-0608\AAA001_20260613_153005.wav,2026D 0614-0608/AAA001_20260613_153005.wav,51.0,54.0,0.496381,ORGANIZER_PROVIDED,生声不息AI挑战赛项目组,杭州固定监测位点,challenge_d64eb215de1a4c534025,51.000-54.000,pending,,,reference retrieval; not a species detection until reviewed
teleogryllus_emma_challenge_823fe99897fbf6a888ed_00033000,shengshengbuxi_2026_wild,teleogryllus_emma_challenge_823fe99897fbf6a888ed_00033000,teleogryllus_emma,黄脸油葫芦,Teleogryllus emma,insect,2026D 0614-0608,2026-06-10T16:40:04,E:\tmp\生声不息AI挑战资料\2026_07_31_生声不息AI挑战说明\2026D 0614-0608\AAA001_20260610_164004.wav,2026D 0614-0608/AAA001_20260610_164004.wav,33.0,36.0,0.493469,ORGANIZER_PROVIDED,生声不息AI挑战赛项目组,杭州固定监测位点,challenge_823fe99897fbf6a888ed,33.000-36.000,pending,,,reference retrieval; not a species detection until reviewed
velarifictorus_micado_challenge_e2c54d6d6afdf51a4e2b_00042000,shengshengbuxi_2026_wild,velarifictorus_micado_challenge_e2c54d6d6afdf51a4e2b_00042000,velarifictorus_micado,迷卡斗蟋,Velarifictorus micado,insect,2026A 0116-0122,2026-01-19T17:50:01,E:\tmp\生声不息AI挑战资料\2026_07_31_生声不息AI挑战说明\2026A 0116-0122\AAA001_20260119_175001.wav,2026A 0116-0122/AAA001_20260119_175001.wav,42.0,45.0,0.722068,ORGANIZER_PROVIDED,生声不息AI挑战赛项目组,杭州固定监测位点,challenge_e2c54d6d6afdf51a4e2b,42.000-45.000,pending,,,reference retrieval; not a species detection until reviewed
velarifictorus_micado_challenge_d072839af2a6ef73c244_00000000,shengshengbuxi_2026_wild,velarifictorus_micado_challenge_d072839af2a6ef73c244_00000000,velarifictorus_micado,迷卡斗蟋,Velarifictorus micado,insect,2026A 0116-0122,2026-01-17T23:45:05,E:\tmp\生声不息AI挑战资料\2026_07_31_生声不息AI挑战说明\2026A 0116-0122\AAA001_20260117_234505.wav,2026A 0116-0122/AAA001_20260117_234505.wav,0.0,3.0,0.720278,ORGANIZER_PROVIDED,生声不息AI挑战赛项目组,杭州固定监测位点,challenge_d072839af2a6ef73c244,0.000-3.000,pending,,,reference retrieval; not a species detection until reviewed
velarifictorus_micado_challenge_3fd5c557e07d4bcbda34_00057000,shengshengbuxi_2026_wild,velarifictorus_micado_challenge_3fd5c557e07d4bcbda34_00057000,velarifictorus_micado,迷卡斗蟋,Velarifictorus micado,insect,2026A 0116-0122,2026-01-21T00:10:02,E:\tmp\生声不息AI挑战资料\2026_07_31_生声不息AI挑战说明\2026A 0116-0122\AAA001_20260121_001002.wav,2026A 0116-0122/AAA001_20260121_001002.wav,57.0,60.0,0.716806,ORGANIZER_PROVIDED,生声不息AI挑战赛项目组,杭州固定监测位点,challenge_3fd5c557e07d4bcbda34,57.000-60.000,pending,,,reference retrieval; not a species detection until reviewed
velarifictorus_micado_challenge_9b01d3c5999f91f3194a_00000000,shengshengbuxi_2026_wild,velarifictorus_micado_challenge_9b01d3c5999f91f3194a_00000000,velarifictorus_micado,迷卡斗蟋,Velarifictorus micado,insect,2026A 0116-0122,2026-01-20T18:25:02,E:\tmp\生声不息AI挑战资料\2026_07_31_生声不息AI挑战说明\2026A 0116-0122\AAA001_20260120_182502.wav,2026A 0116-0122/AAA001_20260120_182502.wav,0.0,3.0,0.714055,ORGANIZER_PROVIDED,生声不息AI挑战赛项目组,杭州固定监测位点,challenge_9b01d3c5999f91f3194a,0.000-3.000,pending,,,reference retrieval; not a species detection until reviewed
velarifictorus_micado_challenge_e2c54d6d6afdf51a4e2b_00051000,shengshengbuxi_2026_wild,velarifictorus_micado_challenge_e2c54d6d6afdf51a4e2b_00051000,velarifictorus_micado,迷卡斗蟋,Velarifictorus micado,insect,2026A 0116-0122,2026-01-19T17:50:01,E:\tmp\生声不息AI挑战资料\2026_07_31_生声不息AI挑战说明\2026A 0116-0122\AAA001_20260119_175001.wav,2026A 0116-0122/AAA001_20260119_175001.wav,51.0,54.0,0.709229,ORGANIZER_PROVIDED,生声不息AI挑战赛项目组,杭州固定监测位点,challenge_e2c54d6d6afdf51a4e2b,51.000-54.000,pending,,,reference retrieval; not a species detection until reviewed
velarifictorus_micado_challenge_e2c54d6d6afdf51a4e2b_00048000,shengshengbuxi_2026_wild,velarifictorus_micado_challenge_e2c54d6d6afdf51a4e2b_00048000,velarifictorus_micado,迷卡斗蟋,Velarifictorus micado,insect,2026A 0116-0122,2026-01-19T17:50:01,E:\tmp\生声不息AI挑战资料\2026_07_31_生声不息AI挑战说明\2026A 0116-0122\AAA001_20260119_175001.wav,2026A 0116-0122/AAA001_20260119_175001.wav,48.0,51.0,0.704299,ORGANIZER_PROVIDED,生声不息AI挑战赛项目组,杭州固定监测位点,challenge_e2c54d6d6afdf51a4e2b,48.000-51.000,pending,,,reference retrieval; not a species detection until reviewed
velarifictorus_micado_challenge_8bccd4a7b383c6b161ac_00000000,shengshengbuxi_2026_wild,velarifictorus_micado_challenge_8bccd4a7b383c6b161ac_00000000,velarifictorus_micado,迷卡斗蟋,Velarifictorus micado,insect,2026A 0116-0122,2026-01-19T23:35:05,E:\tmp\生声不息AI挑战资料\2026_07_31_生声不息AI挑战说明\2026A 0116-0122\AAA001_20260119_233505.wav,2026A 0116-0122/AAA001_20260119_233505.wav,0.0,3.0,0.702722,ORGANIZER_PROVIDED,生声不息AI挑战赛项目组,杭州固定监测位点,challenge_8bccd4a7b383c6b161ac,0.000-3.000,pending,,,reference retrieval; not a species detection until reviewed
velarifictorus_micado_challenge_85d965213609245ce686_00048000,shengshengbuxi_2026_wild,velarifictorus_micado_challenge_85d965213609245ce686_00048000,velarifictorus_micado,迷卡斗蟋,Velarifictorus micado,insect,2026A 0116-0122,2026-01-18T17:55:02,E:\tmp\生声不息AI挑战资料\2026_07_31_生声不息AI挑战说明\2026A 0116-0122\AAA001_20260118_175502.wav,2026A 0116-0122/AAA001_20260118_175502.wav,48.0,51.0,0.701807,ORGANIZER_PROVIDED,生声不息AI挑战赛项目组,杭州固定监测位点,challenge_85d965213609245ce686,48.000-51.000,pending,,,reference retrieval; not a species detection until reviewed
velarifictorus_micado_challenge_8bccd4a7b383c6b161ac_00054000,shengshengbuxi_2026_wild,velarifictorus_micado_challenge_8bccd4a7b383c6b161ac_00054000,velarifictorus_micado,迷卡斗蟋,Velarifictorus micado,insect,2026A 0116-0122,2026-01-19T23:35:05,E:\tmp\生声不息AI挑战资料\2026_07_31_生声不息AI挑战说明\2026A 0116-0122\AAA001_20260119_233505.wav,2026A 0116-0122/AAA001_20260119_233505.wav,54.0,57.0,0.701172,ORGANIZER_PROVIDED,生声不息AI挑战赛项目组,杭州固定监测位点,challenge_8bccd4a7b383c6b161ac,54.000-57.000,pending,,,reference retrieval; not a species detection until reviewed
velarifictorus_micado_challenge_e2c54d6d6afdf51a4e2b_00009000,shengshengbuxi_2026_wild,velarifictorus_micado_challenge_e2c54d6d6afdf51a4e2b_00009000,velarifictorus_micado,迷卡斗蟋,Velarifictorus micado,insect,2026A 0116-0122,2026-01-19T17:50:01,E:\tmp\生声不息AI挑战资料\2026_07_31_生声不息AI挑战说明\2026A 0116-0122\AAA001_20260119_175001.wav,2026A 0116-0122/AAA001_20260119_175001.wav,9.0,12.0,0.699987,ORGANIZER_PROVIDED,生声不息AI挑战赛项目组,杭州固定监测位点,challenge_e2c54d6d6afdf51a4e2b,9.000-12.000,pending,,,reference retrieval; not a species detection until reviewed
velarifictorus_micado_challenge_6f22075368d3dea8eb87_00045000,shengshengbuxi_2026_wild,velarifictorus_micado_challenge_6f22075368d3dea8eb87_00045000,velarifictorus_micado,迷卡斗蟋,Velarifictorus micado,insect,2026B 0326-0401,2026-03-31T23:45:04,E:\tmp\生声不息AI挑战资料\2026_07_31_生声不息AI挑战说明\2026B 0326-0401\AAA001_20260331_234504.wav,2026B 0326-0401/AAA001_20260331_234504.wav,45.0,48.0,0.761539,ORGANIZER_PROVIDED,生声不息AI挑战赛项目组,杭州固定监测位点,challenge_6f22075368d3dea8eb87,45.000-48.000,pending,,,reference retrieval; not a species detection until reviewed
velarifictorus_micado_challenge_6f22075368d3dea8eb87_00051000,shengshengbuxi_2026_wild,velarifictorus_micado_challenge_6f22075368d3dea8eb87_00051000,velarifictorus_micado,迷卡斗蟋,Velarifictorus micado,insect,2026B 0326-0401,2026-03-31T23:45:04,E:\tmp\生声不息AI挑战资料\2026_07_31_生声不息AI挑战说明\2026B 0326-0401\AAA001_20260331_234504.wav,2026B 0326-0401/AAA001_20260331_234504.wav,51.0,54.0,0.74048,ORGANIZER_PROVIDED,生声不息AI挑战赛项目组,杭州固定监测位点,challenge_6f22075368d3dea8eb87,51.000-54.000,pending,,,reference retrieval; not a species detection until reviewed
velarifictorus_micado_challenge_af1b3ea5a3e379b5fffa_00048000,shengshengbuxi_2026_wild,velarifictorus_micado_challenge_af1b3ea5a3e379b5fffa_00048000,velarifictorus_micado,迷卡斗蟋,Velarifictorus micado,insect,2026B 0326-0401,2026-03-28T11:35:03,E:\tmp\生声不息AI挑战资料\2026_07_31_生声不息AI挑战说明\2026B 0326-0401\AAA001_20260328_113503.wav,2026B 0326-0401/AAA001_20260328_113503.wav,48.0,51.0,0.732476,ORGANIZER_PROVIDED,生声不息AI挑战赛项目组,杭州固定监测位点,challenge_af1b3ea5a3e379b5fffa,48.000-51.000,pending,,,reference retrieval; not a species detection until reviewed
velarifictorus_micado_challenge_6f22075368d3dea8eb87_00057000,shengshengbuxi_2026_wild,velarifictorus_micado_challenge_6f22075368d3dea8eb87_00057000,velarifictorus_micado,迷卡斗蟋,Velarifictorus micado,insect,2026B 0326-0401,2026-03-31T23:45:04,E:\tmp\生声不息AI挑战资料\2026_07_31_生声不息AI挑战说明\2026B 0326-0401\AAA001_20260331_234504.wav,2026B 0326-0401/AAA001_20260331_234504.wav,57.0,60.0,0.722835,ORGANIZER_PROVIDED,生声不息AI挑战赛项目组,杭州固定监测位点,challenge_6f22075368d3dea8eb87,57.000-60.000,pending,,,reference retrieval; not a species detection until reviewed
velarifictorus_micado_challenge_6f22075368d3dea8eb87_00012000,shengshengbuxi_2026_wild,velarifictorus_micado_challenge_6f22075368d3dea8eb87_00012000,velarifictorus_micado,迷卡斗蟋,Velarifictorus micado,insect,2026B 0326-0401,2026-03-31T23:45:04,E:\tmp\生声不息AI挑战资料\2026_07_31_生声不息AI挑战说明\2026B 0326-0401\AAA001_20260331_234504.wav,2026B 0326-0401/AAA001_20260331_234504.wav,12.0,15.0,0.722178,ORGANIZER_PROVIDED,生声不息AI挑战赛项目组,杭州固定监测位点,challenge_6f22075368d3dea8eb87,12.000-15.000,pending,,,reference retrieval; not a species detection until reviewed
velarifictorus_micado_challenge_f34cb35c5b96509325ba_00000000,shengshengbuxi_2026_wild,velarifictorus_micado_challenge_f34cb35c5b96509325ba_00000000,velarifictorus_micado,迷卡斗蟋,Velarifictorus micado,insect,2026B 0326-0401,2026-03-26T17:40:02,E:\tmp\生声不息AI挑战资料\2026_07_31_生声不息AI挑战说明\2026B 0326-0401\AAA001_20260326_174002.wav,2026B 0326-0401/AAA001_20260326_174002.wav,0.0,3.0,0.712915,ORGANIZER_PROVIDED,生声不息AI挑战赛项目组,杭州固定监测位点,challenge_f34cb35c5b96509325ba,0.000-3.000,pending,,,reference retrieval; not a species detection until reviewed
velarifictorus_micado_challenge_7198f4e13c57435dd667_00000000,shengshengbuxi_2026_wild,velarifictorus_micado_challenge_7198f4e13c57435dd667_00000000,velarifictorus_micado,迷卡斗蟋,Velarifictorus micado,insect,2026B 0326-0401,2026-04-01T12:00:02,E:\tmp\生声不息AI挑战资料\2026_07_31_生声不息AI挑战说明\2026B 0326-0401\AAA001_20260401_120002.wav,2026B 0326-0401/AAA001_20260401_120002.wav,0.0,3.0,0.709853,ORGANIZER_PROVIDED,生声不息AI挑战赛项目组,杭州固定监测位点,challenge_7198f4e13c57435dd667,0.000-3.000,pending,,,reference retrieval; not a species detection until reviewed
velarifictorus_micado_challenge_f34cb35c5b96509325ba_00009000,shengshengbuxi_2026_wild,velarifictorus_micado_challenge_f34cb35c5b96509325ba_00009000,velarifictorus_micado,迷卡斗蟋,Velarifictorus micado,insect,2026B 0326-0401,2026-03-26T17:40:02,E:\tmp\生声不息AI挑战资料\2026_07_31_生声不息AI挑战说明\2026B 0326-0401\AAA001_20260326_174002.wav,2026B 0326-0401/AAA001_20260326_174002.wav,9.0,12.0,0.704158,ORGANIZER_PROVIDED,生声不息AI挑战赛项目组,杭州固定监测位点,challenge_f34cb35c5b96509325ba,9.000-12.000,pending,,,reference retrieval; not a species detection until reviewed
velarifictorus_micado_challenge_e993c012532830b45afd_00000000,shengshengbuxi_2026_wild,velarifictorus_micado_challenge_e993c012532830b45afd_00000000,velarifictorus_micado,迷卡斗蟋,Velarifictorus micado,insect,2026B 0326-0401,2026-03-28T23:30:03,E:\tmp\生声不息AI挑战资料\2026_07_31_生声不息AI挑战说明\2026B 0326-0401\AAA001_20260328_233003.wav,2026B 0326-0401/AAA001_20260328_233003.wav,0.0,3.0,0.70214,ORGANIZER_PROVIDED,生声不息AI挑战赛项目组,杭州固定监测位点,challenge_e993c012532830b45afd,0.000-3.000,pending,,,reference retrieval; not a species detection until reviewed
velarifictorus_micado_challenge_af1b3ea5a3e379b5fffa_00045000,shengshengbuxi_2026_wild,velarifictorus_micado_challenge_af1b3ea5a3e379b5fffa_00045000,velarifictorus_micado,迷卡斗蟋,Velarifictorus micado,insect,2026B 0326-0401,2026-03-28T11:35:03,E:\tmp\生声不息AI挑战资料\2026_07_31_生声不息AI挑战说明\2026B 0326-0401\AAA001_20260328_113503.wav,2026B 0326-0401/AAA001_20260328_113503.wav,45.0,48.0,0.698396,ORGANIZER_PROVIDED,生声不息AI挑战赛项目组,杭州固定监测位点,challenge_af1b3ea5a3e379b5fffa,45.000-48.000,pending,,,reference retrieval; not a species detection until reviewed
velarifictorus_micado_challenge_218aad6adea2abddb9ac_00054000,shengshengbuxi_2026_wild,velarifictorus_micado_challenge_218aad6adea2abddb9ac_00054000,velarifictorus_micado,迷卡斗蟋,Velarifictorus micado,insect,2026C 0507-0513,2026-05-12T11:50:04,E:\tmp\生声不息AI挑战资料\2026_07_31_生声不息AI挑战说明\2026C 0507-0513\AAA001_20260512_115004.wav,2026C 0507-0513/AAA001_20260512_115004.wav,54.0,57.0,0.754308,ORGANIZER_PROVIDED,生声不息AI挑战赛项目组,杭州固定监测位点,challenge_218aad6adea2abddb9ac,54.000-57.000,pending,,,reference retrieval; not a species detection until reviewed
velarifictorus_micado_challenge_37e6d84a7c2eca516e53_00009000,shengshengbuxi_2026_wild,velarifictorus_micado_challenge_37e6d84a7c2eca516e53_00009000,velarifictorus_micado,迷卡斗蟋,Velarifictorus micado,insect,2026C 0507-0513,2026-05-13T06:00:02,E:\tmp\生声不息AI挑战资料\2026_07_31_生声不息AI挑战说明\2026C 0507-0513\AAA001_20260513_060002.wav,2026C 0507-0513/AAA001_20260513_060002.wav,9.0,12.0,0.749786,ORGANIZER_PROVIDED,生声不息AI挑战赛项目组,杭州固定监测位点,challenge_37e6d84a7c2eca516e53,9.000-12.000,pending,,,reference retrieval; not a species detection until reviewed
velarifictorus_micado_challenge_258cfd09b12601235c93_00003000,shengshengbuxi_2026_wild,velarifictorus_micado_challenge_258cfd09b12601235c93_00003000,velarifictorus_micado,迷卡斗蟋,Velarifictorus micado,insect,2026C 0507-0513,2026-05-09T17:20:04,E:\tmp\生声不息AI挑战资料\2026_07_31_生声不息AI挑战说明\2026C 0507-0513\AAA001_20260509_172004.wav,2026C 0507-0513/AAA001_20260509_172004.wav,3.0,6.0,0.744548,ORGANIZER_PROVIDED,生声不息AI挑战赛项目组,杭州固定监测位点,challenge_258cfd09b12601235c93,3.000-6.000,pending,,,reference retrieval; not a species detection until reviewed
velarifictorus_micado_challenge_21a0705f01c56713b0e0_00009000,shengshengbuxi_2026_wild,velarifictorus_micado_challenge_21a0705f01c56713b0e0_00009000,velarifictorus_micado,迷卡斗蟋,Velarifictorus micado,insect,2026C 0507-0513,2026-05-10T11:30:03,E:\tmp\生声不息AI挑战资料\2026_07_31_生声不息AI挑战说明\2026C 0507-0513\AAA001_20260510_113003.wav,2026C 0507-0513/AAA001_20260510_113003.wav,9.0,12.0,0.737474,ORGANIZER_PROVIDED,生声不息AI挑战赛项目组,杭州固定监测位点,challenge_21a0705f01c56713b0e0,9.000-12.000,pending,,,reference retrieval; not a species detection until reviewed
velarifictorus_micado_challenge_42679d52797810b2d926_00021000,shengshengbuxi_2026_wild,velarifictorus_micado_challenge_42679d52797810b2d926_00021000,velarifictorus_micado,迷卡斗蟋,Velarifictorus micado,insect,2026C 0507-0513,2026-05-13T12:00:05,E:\tmp\生声不息AI挑战资料\2026_07_31_生声不息AI挑战说明\2026C 0507-0513\AAA001_20260513_120005.wav,2026C 0507-0513/AAA001_20260513_120005.wav,21.0,24.0,0.733799,ORGANIZER_PROVIDED,生声不息AI挑战赛项目组,杭州固定监测位点,challenge_42679d52797810b2d926,21.000-24.000,pending,,,reference retrieval; not a species detection until reviewed
velarifictorus_micado_challenge_6342a5a4606e88c70358_00009000,shengshengbuxi_2026_wild,velarifictorus_micado_challenge_6342a5a4606e88c70358_00009000,velarifictorus_micado,迷卡斗蟋,Velarifictorus micado,insect,2026C 0507-0513,2026-05-09T11:40:04,E:\tmp\生声不息AI挑战资料\2026_07_31_生声不息AI挑战说明\2026C 0507-0513\AAA001_20260509_114004.wav,2026C 0507-0513/AAA001_20260509_114004.wav,9.0,12.0,0.733708,ORGANIZER_PROVIDED,生声不息AI挑战赛项目组,杭州固定监测位点,challenge_6342a5a4606e88c70358,9.000-12.000,pending,,,reference retrieval; not a species detection until reviewed
velarifictorus_micado_challenge_258cfd09b12601235c93_00021000,shengshengbuxi_2026_wild,velarifictorus_micado_challenge_258cfd09b12601235c93_00021000,velarifictorus_micado,迷卡斗蟋,Velarifictorus micado,insect,2026C 0507-0513,2026-05-09T17:20:04,E:\tmp\生声不息AI挑战资料\2026_07_31_生声不息AI挑战说明\2026C 0507-0513\AAA001_20260509_172004.wav,2026C 0507-0513/AAA001_20260509_172004.wav,21.0,24.0,0.733037,ORGANIZER_PROVIDED,生声不息AI挑战赛项目组,杭州固定监测位点,challenge_258cfd09b12601235c93,21.000-24.000,pending,,,reference retrieval; not a species detection until reviewed
velarifictorus_micado_challenge_218aad6adea2abddb9ac_00051000,shengshengbuxi_2026_wild,velarifictorus_micado_challenge_218aad6adea2abddb9ac_00051000,velarifictorus_micado,迷卡斗蟋,Velarifictorus micado,insect,2026C 0507-0513,2026-05-12T11:50:04,E:\tmp\生声不息AI挑战资料\2026_07_31_生声不息AI挑战说明\2026C 0507-0513\AAA001_20260512_115004.wav,2026C 0507-0513/AAA001_20260512_115004.wav,51.0,54.0,0.72684,ORGANIZER_PROVIDED,生声不息AI挑战赛项目组,杭州固定监测位点,challenge_218aad6adea2abddb9ac,51.000-54.000,pending,,,reference retrieval; not a species detection until reviewed
velarifictorus_micado_challenge_6342a5a4606e88c70358_00018000,shengshengbuxi_2026_wild,velarifictorus_micado_challenge_6342a5a4606e88c70358_00018000,velarifictorus_micado,迷卡斗蟋,Velarifictorus micado,insect,2026C 0507-0513,2026-05-09T11:40:04,E:\tmp\生声不息AI挑战资料\2026_07_31_生声不息AI挑战说明\2026C 0507-0513\AAA001_20260509_114004.wav,2026C 0507-0513/AAA001_20260509_114004.wav,18.0,21.0,0.723139,ORGANIZER_PROVIDED,生声不息AI挑战赛项目组,杭州固定监测位点,challenge_6342a5a4606e88c70358,18.000-21.000,pending,,,reference retrieval; not a species detection until reviewed
velarifictorus_micado_challenge_218aad6adea2abddb9ac_00021000,shengshengbuxi_2026_wild,velarifictorus_micado_challenge_218aad6adea2abddb9ac_00021000,velarifictorus_micado,迷卡斗蟋,Velarifictorus micado,insect,2026C 0507-0513,2026-05-12T11:50:04,E:\tmp\生声不息AI挑战资料\2026_07_31_生声不息AI挑战说明\2026C 0507-0513\AAA001_20260512_115004.wav,2026C 0507-0513/AAA001_20260512_115004.wav,21.0,24.0,0.721458,ORGANIZER_PROVIDED,生声不息AI挑战赛项目组,杭州固定监测位点,challenge_218aad6adea2abddb9ac,21.000-24.000,pending,,,reference retrieval; not a species detection until reviewed
velarifictorus_micado_challenge_823fe99897fbf6a888ed_00000000,shengshengbuxi_2026_wild,velarifictorus_micado_challenge_823fe99897fbf6a888ed_00000000,velarifictorus_micado,迷卡斗蟋,Velarifictorus micado,insect,2026D 0614-0608,2026-06-10T16:40:04,E:\tmp\生声不息AI挑战资料\2026_07_31_生声不息AI挑战说明\2026D 0614-0608\AAA001_20260610_164004.wav,2026D 0614-0608/AAA001_20260610_164004.wav,0.0,3.0,0.734617,ORGANIZER_PROVIDED,生声不息AI挑战赛项目组,杭州固定监测位点,challenge_823fe99897fbf6a888ed,0.000-3.000,pending,,,reference retrieval; not a species detection until reviewed
velarifictorus_micado_challenge_823fe99897fbf6a888ed_00006000,shengshengbuxi_2026_wild,velarifictorus_micado_challenge_823fe99897fbf6a888ed_00006000,velarifictorus_micado,迷卡斗蟋,Velarifictorus micado,insect,2026D 0614-0608,2026-06-10T16:40:04,E:\tmp\生声不息AI挑战资料\2026_07_31_生声不息AI挑战说明\2026D 0614-0608\AAA001_20260610_164004.wav,2026D 0614-0608/AAA001_20260610_164004.wav,6.0,9.0,0.731675,ORGANIZER_PROVIDED,生声不息AI挑战赛项目组,杭州固定监测位点,challenge_823fe99897fbf6a888ed,6.000-9.000,pending,,,reference retrieval; not a species detection until reviewed
velarifictorus_micado_challenge_823fe99897fbf6a888ed_00009000,shengshengbuxi_2026_wild,velarifictorus_micado_challenge_823fe99897fbf6a888ed_00009000,velarifictorus_micado,迷卡斗蟋,Velarifictorus micado,insect,2026D 0614-0608,2026-06-10T16:40:04,E:\tmp\生声不息AI挑战资料\2026_07_31_生声不息AI挑战说明\2026D 0614-0608\AAA001_20260610_164004.wav,2026D 0614-0608/AAA001_20260610_164004.wav,9.0,12.0,0.724456,ORGANIZER_PROVIDED,生声不息AI挑战赛项目组,杭州固定监测位点,challenge_823fe99897fbf6a888ed,9.000-12.000,pending,,,reference retrieval; not a species detection until reviewed
velarifictorus_micado_challenge_481e1c19750162b94441_00057000,shengshengbuxi_2026_wild,velarifictorus_micado_challenge_481e1c19750162b94441_00057000,velarifictorus_micado,迷卡斗蟋,Velarifictorus micado,insect,2026D 0614-0608,2026-06-13T09:55:04,E:\tmp\生声不息AI挑战资料\2026_07_31_生声不息AI挑战说明\2026D 0614-0608\AAA001_20260613_095504.wav,2026D 0614-0608/AAA001_20260613_095504.wav,57.0,60.0,0.721079,ORGANIZER_PROVIDED,生声不息AI挑战赛项目组,杭州固定监测位点,challenge_481e1c19750162b94441,57.000-60.000,pending,,,reference retrieval; not a species detection until reviewed
velarifictorus_micado_challenge_ad2230991f5c9b3295da_00036000,shengshengbuxi_2026_wild,velarifictorus_micado_challenge_ad2230991f5c9b3295da_00036000,velarifictorus_micado,迷卡斗蟋,Velarifictorus micado,insect,2026D 0614-0608,2026-06-09T00:00:04,E:\tmp\生声不息AI挑战资料\2026_07_31_生声不息AI挑战说明\2026D 0614-0608\AAA001_20260609_000004.wav,2026D 0614-0608/AAA001_20260609_000004.wav,36.0,39.0,0.718446,ORGANIZER_PROVIDED,生声不息AI挑战赛项目组,杭州固定监测位点,challenge_ad2230991f5c9b3295da,36.000-39.000,pending,,,reference retrieval; not a species detection until reviewed
velarifictorus_micado_challenge_76def37228d71cdf8d91_00000000,shengshengbuxi_2026_wild,velarifictorus_micado_challenge_76def37228d71cdf8d91_00000000,velarifictorus_micado,迷卡斗蟋,Velarifictorus micado,insect,2026D 0614-0608,2026-06-12T16:10:06,E:\tmp\生声不息AI挑战资料\2026_07_31_生声不息AI挑战说明\2026D 0614-0608\AAA001_20260612_161006.wav,2026D 0614-0608/AAA001_20260612_161006.wav,0.0,3.0,0.707431,ORGANIZER_PROVIDED,生声不息AI挑战赛项目组,杭州固定监测位点,challenge_76def37228d71cdf8d91,0.000-3.000,pending,,,reference retrieval; not a species detection until reviewed
velarifictorus_micado_challenge_d64eb215de1a4c534025_00039000,shengshengbuxi_2026_wild,velarifictorus_micado_challenge_d64eb215de1a4c534025_00039000,velarifictorus_micado,迷卡斗蟋,Velarifictorus micado,insect,2026D 0614-0608,2026-06-13T15:30:05,E:\tmp\生声不息AI挑战资料\2026_07_31_生声不息AI挑战说明\2026D 0614-0608\AAA001_20260613_153005.wav,2026D 0614-0608/AAA001_20260613_153005.wav,39.0,42.0,0.704688,ORGANIZER_PROVIDED,生声不息AI挑战赛项目组,杭州固定监测位点,challenge_d64eb215de1a4c534025,39.000-42.000,pending,,,reference retrieval; not a species detection until reviewed
velarifictorus_micado_challenge_823fe99897fbf6a888ed_00015000,shengshengbuxi_2026_wild,velarifictorus_micado_challenge_823fe99897fbf6a888ed_00015000,velarifictorus_micado,迷卡斗蟋,Velarifictorus micado,insect,2026D 0614-0608,2026-06-10T16:40:04,E:\tmp\生声不息AI挑战资料\2026_07_31_生声不息AI挑战说明\2026D 0614-0608\AAA001_20260610_164004.wav,2026D 0614-0608/AAA001_20260610_164004.wav,15.0,18.0,0.703799,ORGANIZER_PROVIDED,生声不息AI挑战赛项目组,杭州固定监测位点,challenge_823fe99897fbf6a888ed,15.000-18.000,pending,,,reference retrieval; not a species detection until reviewed
velarifictorus_micado_challenge_823fe99897fbf6a888ed_00039000,shengshengbuxi_2026_wild,velarifictorus_micado_challenge_823fe99897fbf6a888ed_00039000,velarifictorus_micado,迷卡斗蟋,Velarifictorus micado,insect,2026D 0614-0608,2026-06-10T16:40:04,E:\tmp\生声不息AI挑战资料\2026_07_31_生声不息AI挑战说明\2026D 0614-0608\AAA001_20260610_164004.wav,2026D 0614-0608/AAA001_20260610_164004.wav,39.0,42.0,0.700754,ORGANIZER_PROVIDED,生声不息AI挑战赛项目组,杭州固定监测位点,challenge_823fe99897fbf6a888ed,39.000-42.000,pending,,,reference retrieval; not a species detection until reviewed
velarifictorus_micado_challenge_bc59fbee99f95dc7e220_00030000,shengshengbuxi_2026_wild,velarifictorus_micado_challenge_bc59fbee99f95dc7e220_00030000,velarifictorus_micado,迷卡斗蟋,Velarifictorus micado,insect,2026D 0614-0608,2026-06-11T10:25:03,E:\tmp\生声不息AI挑战资料\2026_07_31_生声不息AI挑战说明\2026D 0614-0608\AAA001_20260611_102503.wav,2026D 0614-0608/AAA001_20260611_102503.wav,30.0,33.0,0.700449,ORGANIZER_PROVIDED,生声不息AI挑战赛项目组,杭州固定监测位点,challenge_bc59fbee99f95dc7e220,30.000-33.000,pending,,,reference retrieval; not a species detection until reviewed
