source,source_id,taxon_id,scientific_name,name_zh,category_id,source_url,media_url,license_code,license_url,commercial_compatible,attribution,quality_grade,observed_on,latitude,longitude,locality,split_hint,split_group,local_path,sha256,review_status,reviewer,valid_intervals,review_notes
inaturalist,inat_125124891_493119,cryptotympana_atrata,Cryptotympana atrata,黑蚱蝉,insect,https://www.inaturalist.org/observations/125124891,https://static.inaturalist.org/sounds/493119.m4a?1657168161,CC-BY,cc-by,True,"(c) Yi CHEN, some rights reserved (CC BY)",research,2022-07-07,31.2109963456,121.4029808623,"虹桥, 上海市, CN",,inaturalist_observation_125124891,data\raw\inaturalist\cryptotympana_atrata\inat_125124891_493119.m4a,816f7becd3993a3d7199441b7f08ba3bc6ca3c304d201be1e2dd3d96d872d256,source_curated,,,trusted iNaturalist research-grade community label
inaturalist,inat_125124891_495654,cryptotympana_atrata,Cryptotympana atrata,黑蚱蝉,insect,https://www.inaturalist.org/observations/125124891,https://static.inaturalist.org/sounds/495654.m4a?1657438460,CC-BY,cc-by,True,"(c) Yi CHEN, some rights reserved (CC BY)",research,2022-07-07,31.2109963456,121.4029808623,"虹桥, 上海市, CN",,inaturalist_observation_125124891,data\raw\inaturalist\cryptotympana_atrata\inat_125124891_495654.m4a,816f7becd3993a3d7199441b7f08ba3bc6ca3c304d201be1e2dd3d96d872d256,duplicate,,,duplicate_of:inat_125124891_493119
inaturalist,inat_125411421_494783,cryptotympana_atrata,Cryptotympana atrata,黑蚱蝉,insect,https://www.inaturalist.org/observations/125411421,https://static.inaturalist.org/sounds/494783.mp3?1657350965,CC-BY-NC,cc-by-nc,False,"(c) 麻杰夫（common_jeff）, some rights reserved (CC BY-NC)",research,2022-07-09,40.0174693917,116.3853695346,中国北京市朝阳区,,inaturalist_observation_125411421,data\raw\inaturalist\cryptotympana_atrata\inat_125411421_494783.mp3,c4e3dbc6589e93a39cb9f9794d6d44f2a243d3105a1a81483cf86eacdc59f9c7,source_curated,,,trusted iNaturalist research-grade community label
inaturalist,inat_125422399_494859,cryptotympana_atrata,Cryptotympana atrata,黑蚱蝉,insect,https://www.inaturalist.org/observations/125422399,https://static.inaturalist.org/sounds/494859.mp3?1657361523,CC-BY,cc-by,True,"(c) Wang.QG, some rights reserved (CC BY)",research,2022-07-09,31.240060805,121.446839505,中国上海市静安区,,inaturalist_observation_125422399,data\raw\inaturalist\cryptotympana_atrata\inat_125422399_494859.mp3,cd091586c610ba004cc0238b1922e2c7ebf8b72429c68630fc2cb2d7397e03ab,source_curated,,,trusted iNaturalist research-grade community label
inaturalist,inat_129100791_512664,cryptotympana_atrata,Cryptotympana atrata,黑蚱蝉,insect,https://www.inaturalist.org/observations/129100791,https://static.inaturalist.org/sounds/512664.mp3?1659418178,CC-BY-NC,cc-by-nc,False,"(c) Nan Yang, some rights reserved (CC BY-NC)",research,2022-08-02,39.9240388486,115.6942557916,马栏林场,,inaturalist_observation_129100791,data\raw\inaturalist\cryptotympana_atrata\inat_129100791_512664.mp3,7f4b796b1a871a8006f04850eb980aade3544edc248180c1491b9e063d694055,source_curated,,,trusted iNaturalist research-grade community label
inaturalist,inat_129695694_515646,cryptotympana_atrata,Cryptotympana atrata,黑蚱蝉,insect,https://www.inaturalist.org/observations/129695694,https://static.inaturalist.org/sounds/515646.mp3?1659803995,CC-BY-NC,cc-by-nc,False,"(c) MP Zhou, some rights reserved (CC BY-NC)",research,2022-08-07,36.2060371868,117.0483133569,"Shandong, CN",,inaturalist_observation_129695694,data\raw\inaturalist\cryptotympana_atrata\inat_129695694_515646.mp3,f26a348a2bac51b0e3b7ecaa918de2119bc26f1558cb386752ff29d65ca78c7c,source_curated,,,trusted iNaturalist research-grade community label
inaturalist,inat_130187476_517676,cryptotympana_atrata,Cryptotympana atrata,黑蚱蝉,insect,https://www.inaturalist.org/observations/130187476,https://static.inaturalist.org/sounds/517676.wav?1660093938,CC-BY-NC,cc-by-nc,False,"(c) pppepper, some rights reserved (CC BY-NC)",research,2022-08-10,40.04397787,116.41924647,北京市朝阳区来广营乡绣菊园(莲葩园东),,inaturalist_observation_130187476,data\raw\inaturalist\cryptotympana_atrata\inat_130187476_517676.wav,0b74ccc98fd8667f4bb44a6bb1400812b62a36de551e7cd47af8714f73dd53a1,source_curated,,,trusted iNaturalist research-grade community label
inaturalist,inat_167790243_741066,cryptotympana_atrata,Cryptotympana atrata,黑蚱蝉,insect,https://www.inaturalist.org/observations/167790243,https://static.inaturalist.org/sounds/741066.m4a?1686959467,CC-BY-NC,cc-by-nc,False,"(c) Stargazer, some rights reserved (CC BY-NC)",research,2023-06-17,25.5919911378,115.8003082367,"会昌县, 赣州市, 江西省, CN",,inaturalist_observation_167790243,data\raw\inaturalist\cryptotympana_atrata\inat_167790243_741066.m4a,7b193e5b182626027f196cc97d09dcdfc7384a6434422c6f164cdadccb6764f1,source_curated,,,trusted iNaturalist research-grade community label
inaturalist,inat_171495557_761938,cryptotympana_atrata,Cryptotympana atrata,黑蚱蝉,insect,https://www.inaturalist.org/observations/171495557,https://static.inaturalist.org/sounds/761938.m4a?1688697767,CC-BY-NC,cc-by-nc,False,"(c) liuzhenhui123, some rights reserved (CC BY-NC)",research,2023-07-07,30.1252728613,114.9820939429,中国湖北省黄石市大冶市,,inaturalist_observation_171495557,data\raw\inaturalist\cryptotympana_atrata\inat_171495557_761938.m4a,5715d89f3f69746efbe44b11f562fc67a7e15f8850c0c9ed011f159bbe6b99e5,source_curated,,,trusted iNaturalist research-grade community label
inaturalist,inat_172095252_765004,cryptotympana_atrata,Cryptotympana atrata,黑蚱蝉,insect,https://www.inaturalist.org/observations/172095252,https://static.inaturalist.org/sounds/765004.wav?1688958359,CC-BY-NC,cc-by-nc,False,"(c) 15721196805, some rights reserved (CC BY-NC)",research,2023-07-10,31.0279565658,121.6050045439,"Shanghai, Shanghai, CN",,inaturalist_observation_172095252,data\raw\inaturalist\cryptotympana_atrata\inat_172095252_765004.wav,7850d89419da9ac842b04b39b833b3524cc3158f1ec139e53f116de582945de1,source_curated,,,trusted iNaturalist research-grade community label
inaturalist,inat_227014234_1119922,cryptotympana_atrata,Cryptotympana atrata,黑蚱蝉,insect,https://www.inaturalist.org/observations/227014234,https://static.inaturalist.org/sounds/1119922.m4a?1720056487,CC-BY-NC,cc-by-nc,False,"(c) 哈基人, some rights reserved (CC BY-NC)",research,2024-07-04,31.3710750998,121.43645261,"宝启花园, 上海市, CN",,inaturalist_observation_227014234,data\raw\inaturalist\cryptotympana_atrata\inat_227014234_1119922.m4a,bd8367a42135d7af6f868fdbd01e3389bd456de36fef21993325cbd6dfe18c43,source_curated,,,trusted iNaturalist research-grade community label
inaturalist,inat_227967833_1125073,cryptotympana_atrata,Cryptotympana atrata,黑蚱蝉,insect,https://www.inaturalist.org/observations/227967833,https://static.inaturalist.org/sounds/1125073.m4a?1720423126,CC-BY-NC,cc-by-nc,False,"(c) Stargazer, some rights reserved (CC BY-NC)",research,2024-07-08,27.0859015812,114.9776443841,"人口文化园, 吉安市, 江西省, CN",,inaturalist_observation_227967833,data\raw\inaturalist\cryptotympana_atrata\inat_227967833_1125073.m4a,3d2c3d5a2e5ad0b058abe083a30127b9989151fa81e4258d8f4595b1071d31bd,source_curated,,,trusted iNaturalist research-grade community label
inaturalist,inat_233653703_1152174,cryptotympana_atrata,Cryptotympana atrata,黑蚱蝉,insect,https://www.inaturalist.org/observations/233653703,https://static.inaturalist.org/sounds/1152174.m4a?1722752665,CC-BY,cc-by,True,"(c) TEAMVALOR786 Succulents and cacti, The future of nature is in your hands, some rights reserved (CC BY)",research,2024-08-04,31.2240057502,121.4078124055,"Shanghai, Shanghai, CN",,inaturalist_observation_233653703,data\raw\inaturalist\cryptotympana_atrata\inat_233653703_1152174.m4a,f907156331db16287c461a4a145aea502964428cbde0f08e7c9540e6e1ce64ad,source_curated,,,trusted iNaturalist research-grade community label
inaturalist,inat_233653708_1152175,cryptotympana_atrata,Cryptotympana atrata,黑蚱蝉,insect,https://www.inaturalist.org/observations/233653708,https://static.inaturalist.org/sounds/1152175.m4a?1722752669,CC-BY,cc-by,True,"(c) TEAMVALOR786 Succulents and cacti, The future of nature is in your hands, some rights reserved (CC BY)",research,2024-08-04,31.2230371373,121.4075745789,"Shanghai, Shanghai, CN",,inaturalist_observation_233653708,data\raw\inaturalist\cryptotympana_atrata\inat_233653708_1152175.m4a,a58990958c6578065e1068fecf0ef9fc516370dc26a040d1d3566fbfae101c7e,source_curated,,,trusted iNaturalist research-grade community label
inaturalist,inat_233662896_1152192,cryptotympana_atrata,Cryptotympana atrata,黑蚱蝉,insect,https://www.inaturalist.org/observations/233662896,https://static.inaturalist.org/sounds/1152192.m4a?1722759095,CC-BY,cc-by,True,"(c) TEAMVALOR786 Succulents and cacti, The future of nature is in your hands, some rights reserved (CC BY)",research,2024-08-04,31.2218199391,121.4107171075,"Lijinyuan, Shanghai, CN",,inaturalist_observation_233662896,data\raw\inaturalist\cryptotympana_atrata\inat_233662896_1152192.m4a,df5d208bb62a4bcd44e961f254b6cc5bb28520874121413e9fd5e6327058c10e,source_curated,,,trusted iNaturalist research-grade community label
inaturalist,inat_233662917_1152193,cryptotympana_atrata,Cryptotympana atrata,黑蚱蝉,insect,https://www.inaturalist.org/observations/233662917,https://static.inaturalist.org/sounds/1152193.m4a?1722759111,CC-BY,cc-by,True,"(c) TEAMVALOR786 Succulents and cacti, The future of nature is in your hands, some rights reserved (CC BY)",research,2024-08-04,31.221747172,121.4104029044,"Chuangyi Space (River Park), Shanghai, CN",,inaturalist_observation_233662917,data\raw\inaturalist\cryptotympana_atrata\inat_233662917_1152193.m4a,12636283dcb55c998d00a8ecf6ff305ea8fec5c7aa155a9e39af122eb647d537,source_curated,,,trusted iNaturalist research-grade community label
inaturalist,inat_233675188_1152229,cryptotympana_atrata,Cryptotympana atrata,黑蚱蝉,insect,https://www.inaturalist.org/observations/233675188,https://static.inaturalist.org/sounds/1152229.m4a?1722765871,CC-BY,cc-by,True,"(c) TEAMVALOR786 Succulents and cacti, The future of nature is in your hands, some rights reserved (CC BY)",research,2024-08-04,31.2219918605,121.410212294,"Shanghai, Shanghai, CN",,inaturalist_observation_233675188,data\raw\inaturalist\cryptotympana_atrata\inat_233675188_1152229.m4a,007aca97ec9391eb6f58d1767bde120d1355ef400b2b77520955853fee491b59,source_curated,,,trusted iNaturalist research-grade community label
inaturalist,inat_234309439_1155158,cryptotympana_atrata,Cryptotympana atrata,黑蚱蝉,insect,https://www.inaturalist.org/observations/234309439,https://static.inaturalist.org/sounds/1155158.m4a?1723028560,CC-BY,cc-by,True,"(c) TEAMVALOR786 Succulents and cacti, The future of nature is in your hands, some rights reserved (CC BY)",research,2024-08-07,31.238545063,121.4775472787,"Beijing East Road, Shanghai, CN",,inaturalist_observation_234309439,data\raw\inaturalist\cryptotympana_atrata\inat_234309439_1155158.m4a,c2cbc6c92bb717369002497a2a0a99b23dc549e6966d216de16dedea4a121f69,source_curated,,,trusted iNaturalist research-grade community label
inaturalist,inat_234487934_1155882,cryptotympana_atrata,Cryptotympana atrata,黑蚱蝉,insect,https://www.inaturalist.org/observations/234487934,https://static.inaturalist.org/sounds/1155882.m4a?1723110681,CC-BY,cc-by,True,"(c) TEAMVALOR786 Succulents and cacti, The future of nature is in your hands, some rights reserved (CC BY)",research,2024-08-08,30.6341001252,104.1425324232,"Jinmahe Road, Chengdu, Sichuan, CN",,inaturalist_observation_234487934,data\raw\inaturalist\cryptotympana_atrata\inat_234487934_1155882.m4a,52bbe1aef2166da8e685ddf5facbc0a2b8e2109be64040810a3cfbe540a2ae3f,source_curated,,,trusted iNaturalist research-grade community label
inaturalist,inat_264042988_1324167,cryptotympana_atrata,Cryptotympana atrata,黑蚱蝉,insect,https://www.inaturalist.org/observations/264042988,https://static.inaturalist.org/sounds/1324167.m4a?1741226029,CC-BY-NC,cc-by-nc,False,"(c) Dave Guo, some rights reserved (CC BY-NC)",research,2022-07-13,30.6424199,104.04311,"Wuhou District, Chengdu, Sichuan, China",,inaturalist_observation_264042988,data\raw\inaturalist\cryptotympana_atrata\inat_264042988_1324167.m4a,c1a86423466db14dfc3fb163beae0d75473e5f1268e2c9f922b41a56e3cc2af9,source_curated,,,trusted iNaturalist research-grade community label
inaturalist,inat_293034995_1543363,cryptotympana_atrata,Cryptotympana atrata,黑蚱蝉,insect,https://www.inaturalist.org/observations/293034995,https://static.inaturalist.org/sounds/1543363.m4a?1750993077,CC-BY,cc-by,True,"(c) Wilhelm Joshua Tan, some rights reserved (CC BY)",research,2025-06-27,31.2291183874,121.4737010747,Shanghai,,inaturalist_observation_293034995,data\raw\inaturalist\cryptotympana_atrata\inat_293034995_1543363.m4a,764d4b008ab11153448871cc19e12fab889e8e12baffb917e0d55f0e2d66c1b1,source_curated,,,trusted iNaturalist research-grade community label
inaturalist,inat_293599889_1546276,cryptotympana_atrata,Cryptotympana atrata,黑蚱蝉,insect,https://www.inaturalist.org/observations/293599889,https://static.inaturalist.org/sounds/1546276.m4a?1751163271,CC-BY-NC,cc-by-nc,False,"(c) 哈基人, some rights reserved (CC BY-NC)",research,2025-06-29,31.3930866667,121.4860716667,中国 上海市宝山区 新思致公寓,,inaturalist_observation_293599889,data\raw\inaturalist\cryptotympana_atrata\inat_293599889_1546276.m4a,8d5f7be07385ef0eb5a02f7098c256bfe30815413a0b4685bd46cd75f8587b40,source_curated,,,trusted iNaturalist research-grade community label
inaturalist,inat_293979362_1548105,cryptotympana_atrata,Cryptotympana atrata,黑蚱蝉,insect,https://www.inaturalist.org/observations/293979362,https://static.inaturalist.org/sounds/1548105.m4a?1751266909,CC-BY-NC,cc-by-nc,False,"(c) zerteyua, some rights reserved (CC BY-NC)",research,2025-06-30,29.5497029275,120.8184949123,"西五线, 绍兴市, 浙江省, CN",,inaturalist_observation_293979362,data\raw\inaturalist\cryptotympana_atrata\inat_293979362_1548105.m4a,ab9e66555d4f57d21d85a6701543d58ebad5c7a05e5d1828929e77c5698ba2f2,source_curated,,,trusted iNaturalist research-grade community label
inaturalist,inat_294201423_1549329,cryptotympana_atrata,Cryptotympana atrata,黑蚱蝉,insect,https://www.inaturalist.org/observations/294201423,https://static.inaturalist.org/sounds/1549329.m4a?1751330967,CC-BY-NC,cc-by-nc,False,"(c) 维生素, some rights reserved (CC BY-NC)",research,2025-07-01,36.1600456236,120.5030670164,"Qingdao, CN-SD, CN",,inaturalist_observation_294201423,data\raw\inaturalist\cryptotympana_atrata\inat_294201423_1549329.m4a,1f1bf66fceaa4b8c2784766950742e55d1e0e0ae2967c9723d92a129baf6fcbc,source_curated,,,trusted iNaturalist research-grade community label
inaturalist,inat_294415312_1550516,cryptotympana_atrata,Cryptotympana atrata,黑蚱蝉,insect,https://www.inaturalist.org/observations/294415312,https://static.inaturalist.org/sounds/1550516.m4a?1751402551,CC-BY-NC,cc-by-nc,False,"(c) 哈基人, some rights reserved (CC BY-NC)",research,2025-07-02,31.3733733333,121.43166,中国 上海市宝山区 杨行镇杨行,,inaturalist_observation_294415312,data\raw\inaturalist\cryptotympana_atrata\inat_294415312_1550516.m4a,36767bb6c73c750313c98bbced0e805d4b8745aef1f13b8d0f3423976851630b,source_curated,,,trusted iNaturalist research-grade community label
inaturalist,inat_295646575_1557128,cryptotympana_atrata,Cryptotympana atrata,黑蚱蝉,insect,https://www.inaturalist.org/observations/295646575,https://static.inaturalist.org/sounds/1557128.m4a?1751797986,CC-BY-NC,cc-by-nc,False,"(c) 维生素, some rights reserved (CC BY-NC)",research,2025-07-06,23.551809,116.37139,"Jieyang, CN-GD, CN",,inaturalist_observation_295646575,data\raw\inaturalist\cryptotympana_atrata\inat_295646575_1557128.m4a,bac2af71f2fa963b6d0f26cc171dc23027fe120c4ff672b61a3015da737497ff,source_curated,,,trusted iNaturalist research-grade community label
inaturalist,inat_296266380_1560332,cryptotympana_atrata,Cryptotympana atrata,黑蚱蝉,insect,https://www.inaturalist.org/observations/296266380,https://static.inaturalist.org/sounds/1560332.m4a?1751987665,CC-BY,cc-by,True,"(c) TonyT, some rights reserved (CC BY)",research,2025-07-04,30.3307047152,120.1690109889,"Hangzhou Wenlan No.2 Elementary School, Hangzhou, Zhejiang, CN",,inaturalist_observation_296266380,data\raw\inaturalist\cryptotympana_atrata\inat_296266380_1560332.m4a,aa389944a4d8a7e34f04866f62bf8f1b1bdfef75e5b01b02fd5babc8d73c6f34,source_curated,,,trusted iNaturalist research-grade community label
inaturalist,inat_296704238_1564397,cryptotympana_atrata,Cryptotympana atrata,黑蚱蝉,insect,https://www.inaturalist.org/observations/296704238,https://static.inaturalist.org/sounds/1564397.mp3?1752247708,CC-BY-NC,cc-by-nc,False,"(c) Sakern | 永隔一江水, some rights reserved (CC BY-NC)",research,2025-07-10,30.65137,114.30213,"Houhu Avenue No.105 (Houhu Avenue Subway Station Entrance & Exit C2 Pedestrian 140 Meters), Wuhan, Hubei, CN",,inaturalist_observation_296704238,data\raw\inaturalist\cryptotympana_atrata\inat_296704238_1564397.mp3,b13e841abfab5f17d77de45c89b1d4d8c22c4146e2217bb71b48f549dc6695ce,source_curated,,,trusted iNaturalist research-grade community label
inaturalist,inat_297239231_1565301,cryptotympana_atrata,Cryptotympana atrata,黑蚱蝉,insect,https://www.inaturalist.org/observations/297239231,https://static.inaturalist.org/sounds/1565301.m4a?1752313313,CC-BY-NC,cc-by-nc,False,"(c) Gideon 鋒, some rights reserved (CC BY-NC)",research,2025-07-12,30.4215198792,120.3010459989,中国京杭大运河博物馆,,inaturalist_observation_297239231,data\raw\inaturalist\cryptotympana_atrata\inat_297239231_1565301.m4a,4129ab8343bfab8773dac6178feae0483af9f9d33e8cab619f1fb822c10d6a16,source_curated,,,trusted iNaturalist research-grade community label
inaturalist,inat_297460327_1566380,cryptotympana_atrata,Cryptotympana atrata,黑蚱蝉,insect,https://www.inaturalist.org/observations/297460327,https://static.inaturalist.org/sounds/1566380.m4a?1752370506,CC-BY-NC,cc-by-nc,False,"(c) 维生素, some rights reserved (CC BY-NC)",research,2025-07-13,23.55496127,116.36968558,"Jieyang, CN-GD, CN",,inaturalist_observation_297460327,data\raw\inaturalist\cryptotympana_atrata\inat_297460327_1566380.m4a,4160756fe2a17c8be705ac45cdd48c0d1726cc07a8e09dcecf3fbe48374d7961,source_curated,,,trusted iNaturalist research-grade community label
inaturalist,inat_298122186_1569296,cryptotympana_atrata,Cryptotympana atrata,黑蚱蝉,insect,https://www.inaturalist.org/observations/298122186,https://static.inaturalist.org/sounds/1569296.m4a?1752575909,CC0,cc0,True,no rights reserved,research,2025-07-15,29.9759008769,122.1691362276,"Zhoushan, CN-ZJ, CN",,inaturalist_observation_298122186,data\raw\inaturalist\cryptotympana_atrata\inat_298122186_1569296.m4a,8729b6aefc2eb7019010cbc2079dc20f9e997bcba3b05532abe297b1a1851daf,source_curated,,,trusted iNaturalist research-grade community label
inaturalist,inat_299438587_1575197,cryptotympana_atrata,Cryptotympana atrata,黑蚱蝉,insect,https://www.inaturalist.org/observations/299438587,https://static.inaturalist.org/sounds/1575197.m4a?1752996184,CC-BY-NC,cc-by-nc,False,"(c) zerteyua, some rights reserved (CC BY-NC)",research,2025-07-20,29.5499249363,120.8179300942,"西五线, 绍兴市, 浙江省, CN",,inaturalist_observation_299438587,data\raw\inaturalist\cryptotympana_atrata\inat_299438587_1575197.m4a,1ea06e80dc6083f63bc3002215a7968893f467039bd17edaeb5240e84b5726b1,source_curated,,,trusted iNaturalist research-grade community label
inaturalist,inat_299438587_1575198,cryptotympana_atrata,Cryptotympana atrata,黑蚱蝉,insect,https://www.inaturalist.org/observations/299438587,https://static.inaturalist.org/sounds/1575198.m4a?1752996186,CC-BY-NC,cc-by-nc,False,"(c) zerteyua, some rights reserved (CC BY-NC)",research,2025-07-20,29.5499249363,120.8179300942,"西五线, 绍兴市, 浙江省, CN",,inaturalist_observation_299438587,data\raw\inaturalist\cryptotympana_atrata\inat_299438587_1575198.m4a,69616e3dc549b304a680a43779e240d2d2a2da96b5a0a2615197401b82b15b50,source_curated,,,trusted iNaturalist research-grade community label
inaturalist,inat_299781975_1576615,cryptotympana_atrata,Cryptotympana atrata,黑蚱蝉,insect,https://www.inaturalist.org/observations/299781975,https://static.inaturalist.org/sounds/1576615.m4a?1753088659,CC-BY-NC,cc-by-nc,False,"(c) 哈基人, some rights reserved (CC BY-NC)",research,2025-07-21,31.3930083333,121.4859033333,中国 上海市宝山区 新思致公寓,,inaturalist_observation_299781975,data\raw\inaturalist\cryptotympana_atrata\inat_299781975_1576615.m4a,e552950a51c652202a9757832f7246ac5467d8326bc207827d7b1dfacc9e1746,source_curated,,,trusted iNaturalist research-grade community label
inaturalist,inat_301197600_1582376,cryptotympana_atrata,Cryptotympana atrata,黑蚱蝉,insect,https://www.inaturalist.org/observations/301197600,https://static.inaturalist.org/sounds/1582376.m4a?1753536988,CC-BY-NC,cc-by-nc,False,"(c) 哈基人, some rights reserved (CC BY-NC)",research,2025-07-26,31.4473571087,121.4381582395,"Shanghai, Shanghai, CN",,inaturalist_observation_301197600,data\raw\inaturalist\cryptotympana_atrata\inat_301197600_1582376.m4a,3fce17a7d69487fc76581e8619c54a26c18169d3829d7b404cb23833276ea785,source_curated,,,trusted iNaturalist research-grade community label
inaturalist,inat_302789000_1589079,cryptotympana_atrata,Cryptotympana atrata,黑蚱蝉,insect,https://www.inaturalist.org/observations/302789000,https://static.inaturalist.org/sounds/1589079.m4a?1754022581,CC-BY-NC,cc-by-nc,False,"(c) Amaël Borzée, some rights reserved (CC BY-NC)",research,2025-08-01,32.06824788,118.90497857,"Nanjing, CN-JS, CN",,inaturalist_observation_302789000,data\raw\inaturalist\cryptotympana_atrata\inat_302789000_1589079.m4a,16c1216d0425f6f23e730a5693f616d7dd1d1720380c3db98f6921e4f869b1ac,source_curated,,,trusted iNaturalist research-grade community label
inaturalist,inat_303360341_1591683,cryptotympana_atrata,Cryptotympana atrata,黑蚱蝉,insect,https://www.inaturalist.org/observations/303360341,https://static.inaturalist.org/sounds/1591683.m4a?1754210125,CC-BY-NC,cc-by-nc,False,"(c) Amaël Borzée, some rights reserved (CC BY-NC)",research,2025-08-03,32.06862226,118.90448675,"Nanjing, CN-JS, CN",,inaturalist_observation_303360341,data\raw\inaturalist\cryptotympana_atrata\inat_303360341_1591683.m4a,6d996ad495ced580eddcabf6db288739a6181a45a527b9673872ebdaad68791f,source_curated,,,trusted iNaturalist research-grade community label
inaturalist,inat_304445501_1596320,cryptotympana_atrata,Cryptotympana atrata,黑蚱蝉,insect,https://www.inaturalist.org/observations/304445501,https://static.inaturalist.org/sounds/1596320.m4a?1754565928,CC-BY-NC,cc-by-nc,False,"(c) 哈基人, some rights reserved (CC BY-NC)",research,2025-08-07,31.566917173,121.5903849986,"Shanghai, Shanghai, CN",,inaturalist_observation_304445501,data\raw\inaturalist\cryptotympana_atrata\inat_304445501_1596320.m4a,bf4139c0313069e01836b1fff5545e72c42270732ab80f9dbb26d4e3913c2c75,source_curated,,,trusted iNaturalist research-grade community label
inaturalist,inat_308757922_1614597,cryptotympana_atrata,Cryptotympana atrata,黑蚱蝉,insect,https://www.inaturalist.org/observations/308757922,https://static.inaturalist.org/sounds/1614597.m4a?1756054294,CC-BY-NC,cc-by-nc,False,"(c) MP Zhou, some rights reserved (CC BY-NC)",research,2025-08-08,32.220475,110.7442055556,"Shiyan, CN-HU, CN",,inaturalist_observation_308757922,data\raw\inaturalist\cryptotympana_atrata\inat_308757922_1614597.m4a,03437e1b1ff45277ba1ef7aad54efe6383737c7efca7caea4729b6b8a285bcee,source_curated,,,trusted iNaturalist research-grade community label
inaturalist,inat_373822324_2034025,cryptotympana_atrata,Cryptotympana atrata,黑蚱蝉,insect,https://www.inaturalist.org/observations/373822324,https://static.inaturalist.org/sounds/2034025.wav?1782018312,CC-BY-NC,cc-by-nc,False,"(c) 蝉之风韵, some rights reserved (CC BY-NC)",research,2026-06-21,32.01965,118.902345,"Nanjing, CN-JS, CN",,inaturalist_observation_373822324,data\raw\inaturalist\cryptotympana_atrata\inat_373822324_2034025.wav,5a7a751783d42787708ec8d8aeb0d59bc72b56c40f061677d395d0ca8e234306,source_curated,,,trusted iNaturalist research-grade community label
inaturalist,inat_376082090_2046617,cryptotympana_atrata,Cryptotympana atrata,黑蚱蝉,insect,https://www.inaturalist.org/observations/376082090,https://static.inaturalist.org/sounds/2046617.m4a?1782622293,CC-BY-NC,cc-by-nc,False,"(c) 虹, some rights reserved (CC BY-NC)",research,2026-06-28,30.7900680496,120.7408492328,"时代·阳光小区东区, 嘉兴市, 浙江省, CN",,inaturalist_observation_376082090,data\raw\inaturalist\cryptotympana_atrata\inat_376082090_2046617.m4a,5a3d838d37362a245e256d90a98bb741dbb366118702923988900038be9c0b70,source_curated,,,trusted iNaturalist research-grade community label
inaturalist,inat_382216635_2075662,cryptotympana_atrata,Cryptotympana atrata,黑蚱蝉,insect,https://www.inaturalist.org/observations/382216635,https://static.inaturalist.org/sounds/2075662.mp3?1784277725,CC-BY-NC,cc-by-nc,False,"(c) yyawc, some rights reserved (CC BY-NC)",research,2026-07-17,30.570445,104.05333,四川省成都市武侯区石羊场,,inaturalist_observation_382216635,data\raw\inaturalist\cryptotympana_atrata\inat_382216635_2075662.mp3,f22c540449dc55b5fe2d865cab7d8db1c6767bc1533aacf8201b64ee1f07d483,source_curated,,,trusted iNaturalist research-grade community label
inaturalist,inat_55757290_128469,cryptotympana_atrata,Cryptotympana atrata,黑蚱蝉,insect,https://www.inaturalist.org/observations/55757290,https://static.inaturalist.org/sounds/128469.m4a?1596851751,CC-BY-NC,cc-by-nc,False,"(c) 非常豹, some rights reserved (CC BY-NC)",research,2020-08-07,34.59897,113.852294,中国河南省郑州市中牟县,,inaturalist_observation_55757290,data\raw\inaturalist\cryptotympana_atrata\inat_55757290_128469.m4a,40961d7483c19be8ae17ba18c46cdaacd78772887278efbb0e6fcf3593c77c0b,source_curated,,,trusted iNaturalist research-grade community label
inaturalist,inat_89177332_284352,cryptotympana_atrata,Cryptotympana atrata,黑蚱蝉,insect,https://www.inaturalist.org/observations/89177332,https://static.inaturalist.org/sounds/284352.m4a?1627646550,CC-BY,cc-by,True,"(c) Yi CHEN, some rights reserved (CC BY)",research,2021-07-30,39.8086713591,116.5005143949,"亦庄, 北京市, CN",,inaturalist_observation_89177332,data\raw\inaturalist\cryptotympana_atrata\inat_89177332_284352.m4a,57a89a49783b51041843f243b81ab7bc506e1b882f151002919ddaa74b15d758,source_curated,,,trusted iNaturalist research-grade community label
inaturalist,inat_293753279_1547074,other_frog,Pelophylax nigromaculatus,其他蛙类,frog,https://www.inaturalist.org/observations/293753279,https://static.inaturalist.org/sounds/1547074.m4a?1751209367,CC-BY-NC,cc-by-nc,False,"(c) Amaël Borzée, some rights reserved (CC BY-NC)",research,2025-06-29,30.4963454,113.2624222,"Tianmen, CN-HU, CN",,inaturalist_observation_293753279,data\raw\inaturalist\other_frog\inat_293753279_1547074.m4a,72930bed6a1b5d14d1c3a5d761dda2a85680763f77bac6becd347ac8c20f0e80,source_curated,,,trusted iNaturalist research-grade community label
inaturalist,inat_293756089_1547082,other_frog,Pelophylax plancyi,其他蛙类,frog,https://www.inaturalist.org/observations/293756089,https://static.inaturalist.org/sounds/1547082.m4a?1751209925,CC-BY-NC,cc-by-nc,False,"(c) Amaël Borzée, some rights reserved (CC BY-NC)",research,2025-06-29,30.49989666,113.23604199,"Tianmen, CN-HU, CN",,inaturalist_observation_293756089,data\raw\inaturalist\other_frog\inat_293756089_1547082.m4a,7513a91019527353641824891452169b8ac18332fb0b73772cc3c385934c1624,source_curated,,,trusted iNaturalist research-grade community label
inaturalist,inat_293758940_1547101,other_frog,Pelophylax nigromaculatus,其他蛙类,frog,https://www.inaturalist.org/observations/293758940,https://static.inaturalist.org/sounds/1547101.m4a?1751210516,CC-BY-NC,cc-by-nc,False,"(c) Amaël Borzée, some rights reserved (CC BY-NC)",research,2025-06-29,30.49832217,113.19966451,"Tianmen, CN-HU, CN",,inaturalist_observation_293758940,data\raw\inaturalist\other_frog\inat_293758940_1547101.m4a,343bd89c6e6eb91391aefdaf8bac77f5fda0b9bcf009e1db4ad72558d89a8595,source_curated,,,trusted iNaturalist research-grade community label
inaturalist,inat_293766509_1547136,other_frog,Pelophylax plancyi,其他蛙类,frog,https://www.inaturalist.org/observations/293766509,https://static.inaturalist.org/sounds/1547136.m4a?1751211995,CC-BY-NC,cc-by-nc,False,"(c) Amaël Borzée, some rights reserved (CC BY-NC)",research,2025-06-29,30.50640885,113.13864629,"Tianmen, CN-HU, CN",,inaturalist_observation_293766509,data\raw\inaturalist\other_frog\inat_293766509_1547136.m4a,c84c66d94768413adf30338197b3d2b6633b2670e30cad7d3f7d4bae9f26d7f6,source_curated,,,trusted iNaturalist research-grade community label
inaturalist,inat_293767463_1547139,other_frog,Hyla dabieshanensis,其他蛙类,frog,https://www.inaturalist.org/observations/293767463,https://static.inaturalist.org/sounds/1547139.m4a?1751212210,CC0,cc0,True,no rights reserved,research,2025-06-29,30.8776375775,116.0439728823,"Anqing, CN-AH, CN",,inaturalist_observation_293767463,data\raw\inaturalist\other_frog\inat_293767463_1547139.m4a,18363bbf1fd50746da9be9f5219fe51242772397e5f9cc193017479e55c4378f,source_curated,,,trusted iNaturalist research-grade community label
inaturalist,inat_293772250_1547154,other_frog,Pelophylax nigromaculatus,其他蛙类,frog,https://www.inaturalist.org/observations/293772250,https://static.inaturalist.org/sounds/1547154.m4a?1751213089,CC-BY-NC,cc-by-nc,False,"(c) Amaël Borzée, some rights reserved (CC BY-NC)",research,2025-06-30,30.48152204,113.01018334,"Xiantao, CN-HU, CN",,inaturalist_observation_293772250,data\raw\inaturalist\other_frog\inat_293772250_1547154.m4a,74654f73ea6ad8a1202b1eb2e10bae0124fb4b006a4390daef722f1c118fe207,source_curated,,,trusted iNaturalist research-grade community label
inaturalist,inat_293796069_1547258,other_frog,Pelophylax nigromaculatus,其他蛙类,frog,https://www.inaturalist.org/observations/293796069,https://static.inaturalist.org/sounds/1547258.m4a?1751217807,CC-BY-NC,cc-by-nc,False,"(c) Amaël Borzée, some rights reserved (CC BY-NC)",research,2025-06-30,30.3863869,112.69431399,"Qianjiang, CN-HU, CN",,inaturalist_observation_293796069,data\raw\inaturalist\other_frog\inat_293796069_1547258.m4a,3dd917a51576936497b816c061c6f17472ddb637ca5bd19ae5a319d9f8da3981,source_curated,,,trusted iNaturalist research-grade community label
inaturalist,inat_293799187_1547275,other_frog,Pelophylax nigromaculatus,其他蛙类,frog,https://www.inaturalist.org/observations/293799187,https://static.inaturalist.org/sounds/1547275.m4a?1751218463,CC-BY-NC,cc-by-nc,False,"(c) Amaël Borzée, some rights reserved (CC BY-NC)",research,2025-06-30,30.3581544,112.6944915,"Qianjiang, CN-HU, CN",,inaturalist_observation_293799187,data\raw\inaturalist\other_frog\inat_293799187_1547275.m4a,92d4d3373ff072fe88c4d8ca6e9f69cc4bdb06b1b0afce81badd03148e9dbc50,source_curated,,,trusted iNaturalist research-grade community label
inaturalist,inat_293799187_1547276,other_frog,Pelophylax nigromaculatus,其他蛙类,frog,https://www.inaturalist.org/observations/293799187,https://static.inaturalist.org/sounds/1547276.m4a?1751218471,CC-BY-NC,cc-by-nc,False,"(c) Amaël Borzée, some rights reserved (CC BY-NC)",research,2025-06-30,30.3581544,112.6944915,"Qianjiang, CN-HU, CN",,inaturalist_observation_293799187,data\raw\inaturalist\other_frog\inat_293799187_1547276.m4a,1d752dc16edb2a27995a0158ef37fd232b4cb0be0edf4c4ff5cda1c9bcaa5d46,source_curated,,,trusted iNaturalist research-grade community label
inaturalist,inat_293803493_1547293,other_frog,Lithobates catesbeianus,其他蛙类,frog,https://www.inaturalist.org/observations/293803493,https://static.inaturalist.org/sounds/1547293.m4a?1751219396,CC-BY-NC,cc-by-nc,False,"(c) Amaël Borzée, some rights reserved (CC BY-NC)",research,2025-06-30,30.34311592,112.68874222,"Qianjiang, CN-HU, CN",,inaturalist_observation_293803493,data\raw\inaturalist\other_frog\inat_293803493_1547293.m4a,d1431929a8ca4fd47b8aab575360a1b7668d093ddb3968ea89d13f61ca88dbcf,source_curated,,,trusted iNaturalist research-grade community label
inaturalist,inat_294046319_1548479,other_frog,Pelophylax plancyi,其他蛙类,frog,https://www.inaturalist.org/observations/294046319,https://static.inaturalist.org/sounds/1548479.m4a?1751292106,CC-BY-NC,cc-by-nc,False,"(c) Amaël Borzée, some rights reserved (CC BY-NC)",research,2025-06-30,31.21791254,117.97328295,"Chaohu, CN-AH, CN",,inaturalist_observation_294046319,data\raw\inaturalist\other_frog\inat_294046319_1548479.m4a,6f12fe901083ecd256c08f47259ca614844cbd38f22602c84f32fdea96d284f8,source_curated,,,trusted iNaturalist research-grade community label
inaturalist,inat_294050679_1548518,other_frog,Pelophylax plancyi,其他蛙类,frog,https://www.inaturalist.org/observations/294050679,https://static.inaturalist.org/sounds/1548518.m4a?1751293235,CC-BY-NC,cc-by-nc,False,"(c) Amaël Borzée, some rights reserved (CC BY-NC)",research,2025-06-30,31.22071742,117.99723198,"Chaohu, CN-AH, CN",,inaturalist_observation_294050679,data\raw\inaturalist\other_frog\inat_294050679_1548518.m4a,a6fbb77a05febf2fd32a69974d80177a829cc681628ef63ac2985769dfcbbe34,source_curated,,,trusted iNaturalist research-grade community label
inaturalist,inat_294050715_1548520,other_frog,Pelophylax nigromaculatus,其他蛙类,frog,https://www.inaturalist.org/observations/294050715,https://static.inaturalist.org/sounds/1548520.m4a?1751293241,CC-BY-NC,cc-by-nc,False,"(c) Amaël Borzée, some rights reserved (CC BY-NC)",research,2025-06-30,31.21834701,117.9969382,"Chaohu, CN-AH, CN",,inaturalist_observation_294050715,data\raw\inaturalist\other_frog\inat_294050715_1548520.m4a,a58add286baa8f4da924dcd334adb70a57e513d59b2a762b20ec61e7ab6400bc,source_curated,,,trusted iNaturalist research-grade community label
inaturalist,inat_294053605_1548546,other_frog,Pelophylax nigromaculatus,其他蛙类,frog,https://www.inaturalist.org/observations/294053605,https://static.inaturalist.org/sounds/1548546.m4a?1751293905,CC-BY-NC,cc-by-nc,False,"(c) Amaël Borzée, some rights reserved (CC BY-NC)",research,2025-06-30,31.23989965,117.99744779,"Chaohu, CN-AH, CN",,inaturalist_observation_294053605,data\raw\inaturalist\other_frog\inat_294053605_1548546.m4a,9d077f4152f06365f779661b424d2104335e1e341860634c3bd18aa457ca104d,source_curated,,,trusted iNaturalist research-grade community label
inaturalist,inat_294053989_1548554,other_frog,Pelophylax nigromaculatus,其他蛙类,frog,https://www.inaturalist.org/observations/294053989,https://static.inaturalist.org/sounds/1548554.m4a?1751294021,CC-BY-NC,cc-by-nc,False,"(c) Amaël Borzée, some rights reserved (CC BY-NC)",research,2025-06-30,31.24217438,117.99837445,"Chaohu, CN-AH, CN",,inaturalist_observation_294053989,data\raw\inaturalist\other_frog\inat_294053989_1548554.m4a,a98fb32c5a14e0ea90e74205a25af1e9274fc9b256718e81e74625b2a6ae4c65,source_curated,,,trusted iNaturalist research-grade community label
inaturalist,inat_294057220_1548579,other_frog,Pelophylax nigromaculatus,其他蛙类,frog,https://www.inaturalist.org/observations/294057220,https://static.inaturalist.org/sounds/1548579.m4a?1751294799,CC-BY-NC,cc-by-nc,False,"(c) Amaël Borzée, some rights reserved (CC BY-NC)",research,2025-06-30,31.26276697,117.99987833,"Chaohu, CN-AH, CN",,inaturalist_observation_294057220,data\raw\inaturalist\other_frog\inat_294057220_1548579.m4a,1bd83ae52ad3057417536b279a7915475dc2bea2c2014eab4a94d5f031934c9e,source_curated,,,trusted iNaturalist research-grade community label
inaturalist,inat_294060476_1548598,other_frog,Pelophylax nigromaculatus,其他蛙类,frog,https://www.inaturalist.org/observations/294060476,https://static.inaturalist.org/sounds/1548598.m4a?1751295515,CC-BY-NC,cc-by-nc,False,"(c) Amaël Borzée, some rights reserved (CC BY-NC)",research,2025-06-30,31.30440368,118.01970253,"Chaohu, CN-AH, CN",,inaturalist_observation_294060476,data\raw\inaturalist\other_frog\inat_294060476_1548598.m4a,eebf1d3c553cdba0a32aadc4372e39a3be773a8d7901a5d4bfd9f9caebc1562a,source_curated,,,trusted iNaturalist research-grade community label
inaturalist,inat_294067244_1548627,other_frog,Hyla chinensis,其他蛙类,frog,https://www.inaturalist.org/observations/294067244,https://static.inaturalist.org/sounds/1548627.m4a?1751297167,CC-BY-NC,cc-by-nc,False,"(c) Amaël Borzée, some rights reserved (CC BY-NC)",research,2025-06-30,31.3125176,118.06169072,"Chaohu, CN-AH, CN",,inaturalist_observation_294067244,data\raw\inaturalist\other_frog\inat_294067244_1548627.m4a,899fe33d3010bde0d61ac58a6b4efee25f05061332e5cd4035b8d30d2684eb41,source_curated,,,trusted iNaturalist research-grade community label
inaturalist,inat_294067936_1548636,other_frog,Hyla chinensis,其他蛙类,frog,https://www.inaturalist.org/observations/294067936,https://static.inaturalist.org/sounds/1548636.m4a?1751297329,CC-BY-NC,cc-by-nc,False,"(c) Amaël Borzée, some rights reserved (CC BY-NC)",research,2025-06-30,31.31410942,118.06691193,"Chaohu, CN-AH, CN",,inaturalist_observation_294067936,data\raw\inaturalist\other_frog\inat_294067936_1548636.m4a,5d22992e06b390b29c3023cc126e59bcae0f550ec207ae76f272768546b3497a,source_curated,,,trusted iNaturalist research-grade community label
inaturalist,inat_294069048_1548644,other_frog,Pelophylax nigromaculatus,其他蛙类,frog,https://www.inaturalist.org/observations/294069048,https://static.inaturalist.org/sounds/1548644.m4a?1751297601,CC-BY-NC,cc-by-nc,False,"(c) Amaël Borzée, some rights reserved (CC BY-NC)",research,2025-06-30,31.31734953,118.08426867,"Chaohu, CN-AH, CN",,inaturalist_observation_294069048,data\raw\inaturalist\other_frog\inat_294069048_1548644.m4a,92875be189a06a0f2fe701fab791e1e48a3f24f45831ba61a643cf2378b8b804,source_curated,,,trusted iNaturalist research-grade community label
inaturalist,inat_294070067_1548646,other_frog,Microhyla fissipes,其他蛙类,frog,https://www.inaturalist.org/observations/294070067,https://static.inaturalist.org/sounds/1548646.m4a?1751297786,CC-BY-NC,cc-by-nc,False,"(c) Amaël Borzée, some rights reserved (CC BY-NC)",research,2025-06-30,31.31615613,118.09227656,"Chaohu, CN-AH, CN",,inaturalist_observation_294070067,data\raw\inaturalist\other_frog\inat_294070067_1548646.m4a,5d3f13102598c05bc8e4dc2c528d96fe9307c320a4a1fa2996829823c9ab7a0a,source_curated,,,trusted iNaturalist research-grade community label
inaturalist,inat_294081652_1548711,other_frog,Pelophylax nigromaculatus,其他蛙类,frog,https://www.inaturalist.org/observations/294081652,https://static.inaturalist.org/sounds/1548711.m4a?1751300391,CC-BY-NC,cc-by-nc,False,"(c) Amaël Borzée, some rights reserved (CC BY-NC)",research,2025-07-01,31.37746271,118.16238408,"Chaohu, CN-AH, CN",,inaturalist_observation_294081652,data\raw\inaturalist\other_frog\inat_294081652_1548711.m4a,66debb7e505059e3b349f103048b94efd4d30433aec46b7acd688cf7f6dc7b18,source_curated,,,trusted iNaturalist research-grade community label
inaturalist,inat_294082761_1548720,other_frog,Microhyla fissipes,其他蛙类,frog,https://www.inaturalist.org/observations/294082761,https://static.inaturalist.org/sounds/1548720.m4a?1751300665,CC-BY-NC,cc-by-nc,False,"(c) Amaël Borzée, some rights reserved (CC BY-NC)",research,2025-07-01,31.37642536,118.19149691,"Chaohu, CN-AH, CN",,inaturalist_observation_294082761,data\raw\inaturalist\other_frog\inat_294082761_1548720.m4a,29a3e4e6f69e2140c2ac61c20b5451b76687ce38af0e0748f25512a37948cc77,source_curated,,,trusted iNaturalist research-grade community label
inaturalist,inat_295044783_1554006,other_frog,Kaloula borealis,其他蛙类,frog,https://www.inaturalist.org/observations/295044783,https://static.inaturalist.org/sounds/1554006.m4a?1751611694,CC-BY-NC,cc-by-nc,False,"(c) Елизавета Коваленко, some rights reserved (CC BY-NC)",research,2025-07-04,34.6704256119,113.5832357129,"Guijiang Road, Zhengzhou, Henan, CN",,inaturalist_observation_295044783,data\raw\inaturalist\other_frog\inat_295044783_1554006.m4a,df62d7f7b8b1dd0eafcdc3dd38cb297f969802ecaa56080ec57c7808df0b5c86,source_curated,,,trusted iNaturalist research-grade community label
inaturalist,inat_295485199_1556307,other_frog,Fejervarya multistriata,其他蛙类,frog,https://www.inaturalist.org/observations/295485199,https://static.inaturalist.org/sounds/1556307.mp3?1751745768,CC-BY-NC,cc-by-nc,False,"(c) nancyecho22, some rights reserved (CC BY-NC)",research,2025-07-06,26.639601,119.536435,福建省宁德市蕉城区城南镇宁德,,inaturalist_observation_295485199,data\raw\inaturalist\other_frog\inat_295485199_1556307.mp3,02a8299f856981b2c8eceec467ee629c3d0d6d5f06d12279fc567fc099d24b68,source_curated,,,trusted iNaturalist research-grade community label
inaturalist,inat_299838178_1576832,other_frog,Quasipaa exilispinosa,其他蛙类,frog,https://www.inaturalist.org/observations/299838178,https://static.inaturalist.org/sounds/1576832.m4a?1753106764,CC0,cc0,True,no rights reserved,research,2025-07-21,24.6660818898,112.8236812476,"Guangdong, CN",,inaturalist_observation_299838178,data\raw\inaturalist\other_frog\inat_299838178_1576832.m4a,60d7f630ad32c168b8ea0315222e8b943e41f131e585b969ce2db94f0d8ce376,source_curated,,,trusted iNaturalist research-grade community label
inaturalist,inat_300433433_1579099,other_frog,Lithobates catesbeianus,其他蛙类,frog,https://www.inaturalist.org/observations/300433433,https://static.inaturalist.org/sounds/1579099.m4a?1753287672,CC-BY-NC,cc-by-nc,False,"(c) yanfumu, some rights reserved (CC BY-NC)",research,2025-07-24,39.9462019763,116.3770307525,"什刹海, 北京市, CN",,inaturalist_observation_300433433,data\raw\inaturalist\other_frog\inat_300433433_1579099.m4a,99c21df74b02f9fcfd009b20658a99e00c2b4e188be0277c64278cda3635f818,source_curated,,,trusted iNaturalist research-grade community label
inaturalist,inat_300433433_1579100,other_frog,Lithobates catesbeianus,其他蛙类,frog,https://www.inaturalist.org/observations/300433433,https://static.inaturalist.org/sounds/1579100.m4a?1753287674,CC-BY-NC,cc-by-nc,False,"(c) yanfumu, some rights reserved (CC BY-NC)",research,2025-07-24,39.9462019763,116.3770307525,"什刹海, 北京市, CN",,inaturalist_observation_300433433,data\raw\inaturalist\other_frog\inat_300433433_1579100.m4a,c6355f1647915484c15c0c86f6f5b3750c267be9be92de97757942f8408af591,source_curated,,,trusted iNaturalist research-grade community label
inaturalist,inat_301494311_1583656,other_frog,Kaloula borealis,其他蛙类,frog,https://www.inaturalist.org/observations/301494311,https://static.inaturalist.org/sounds/1583656.m4a?1753620149,CC-BY-NC,cc-by-nc,False,"(c) haoyu-c, some rights reserved (CC BY-NC)",research,2025-07-25,39.9490572375,116.5650593397,"Beijing, CN",,inaturalist_observation_301494311,data\raw\inaturalist\other_frog\inat_301494311_1583656.m4a,784f77a35a4c45dbbbcc62c0a18dc9a6755939b7939c953dbb1e2f40107d9309,source_curated,,,trusted iNaturalist research-grade community label
inaturalist,inat_302067542_1586050,other_frog,Kaloula borealis,其他蛙类,frog,https://www.inaturalist.org/observations/302067542,https://static.inaturalist.org/sounds/1586050.m4a?1753790658,CC-BY-NC,cc-by-nc,False,"(c) Amaël Borzée, some rights reserved (CC BY-NC)",research,2025-07-29,32.126099,118.967013,"Nanjing, CN-JS, CN",,inaturalist_observation_302067542,data\raw\inaturalist\other_frog\inat_302067542_1586050.m4a,22c66562c4b8cd4b9d7d983dacf669b38b59b672dd76455563eeda35c1982b6d,source_curated,,,trusted iNaturalist research-grade community label
inaturalist,inat_302067542_1586052,other_frog,Kaloula borealis,其他蛙类,frog,https://www.inaturalist.org/observations/302067542,https://static.inaturalist.org/sounds/1586052.m4a?1753790661,CC-BY-NC,cc-by-nc,False,"(c) Amaël Borzée, some rights reserved (CC BY-NC)",research,2025-07-29,32.126099,118.967013,"Nanjing, CN-JS, CN",,inaturalist_observation_302067542,data\raw\inaturalist\other_frog\inat_302067542_1586052.m4a,e5b7a758038a297a4b88b1c8e8afe04e60d56e780c299c947e9860b46ee680a6,source_curated,,,trusted iNaturalist research-grade community label
inaturalist,inat_306160762_1603629,other_frog,Microhyla fissipes,其他蛙类,frog,https://www.inaturalist.org/observations/306160762,https://static.inaturalist.org/sounds/1603629.mp3?1755139429,CC-BY-NC,cc-by-nc,False,"(c) wresy, some rights reserved (CC BY-NC)",research,2025-07-14,26.8838399722,120.016326,"Ningde, CN-FJ, CN",,inaturalist_observation_306160762,data\raw\inaturalist\other_frog\inat_306160762_1603629.mp3,d1973add782f5ba4a7d678d8ed857bb7b6b58e2073492cf65454b95b47aad4fd,source_curated,,,trusted iNaturalist research-grade community label
inaturalist,inat_307514671_1609329,other_frog,Kaloula borealis,其他蛙类,frog,https://www.inaturalist.org/observations/307514671,https://static.inaturalist.org/sounds/1609329.wav?1755613341,CC-BY-NC,cc-by-nc,False,"(c) orientalstork, some rights reserved (CC BY-NC)",research,2025-08-19,39.8626716012,116.1568282172,"Beijing, Beijing, CN",,inaturalist_observation_307514671,data\raw\inaturalist\other_frog\inat_307514671_1609329.wav,9eed6b35adae417f80fc537c5ed1977efdd06abf223c10b2d335aa96b9775207,source_curated,,,trusted iNaturalist research-grade community label
inaturalist,inat_307959565_1611149,other_frog,Microhyla fissipes,其他蛙类,frog,https://www.inaturalist.org/observations/307959565,https://static.inaturalist.org/sounds/1611149.mp3?1755783984,CC-BY-NC,cc-by-nc,False,"(c) nancyecho22, some rights reserved (CC BY-NC)",research,2025-08-21,32.2420454,117.57111181,"Chuzhou, CN-AH, CN",,inaturalist_observation_307959565,data\raw\inaturalist\other_frog\inat_307959565_1611149.mp3,66560c34cf8cb135470eb7806a7e361df1a3448a39d4f048211a84822cefe065,source_curated,,,trusted iNaturalist research-grade community label
inaturalist,inat_310174667_1619827,other_frog,Kaloula borealis,其他蛙类,frog,https://www.inaturalist.org/observations/310174667,https://static.inaturalist.org/sounds/1619827.m4a?1756553018,CC-BY-NC,cc-by-nc,False,"(c) 维生素, some rights reserved (CC BY-NC)",research,2025-08-30,35.776299,120.027364,"Qingdao, CN-SD, CN",,inaturalist_observation_310174667,data\raw\inaturalist\other_frog\inat_310174667_1619827.m4a,65677976c07d422a46e44609e331dc914b3d2d59dac8768e7c355965d7239a27,source_curated,,,trusted iNaturalist research-grade community label
inaturalist,inat_316967455_1650124,other_frog,Hylarana guentheri,其他蛙类,frog,https://www.inaturalist.org/observations/316967455,https://static.inaturalist.org/sounds/1650124.mp3?1758981631,CC-BY-NC,cc-by-nc,False,"(c) wresy, some rights reserved (CC BY-NC)",research,2025-08-12,26.875803,119.997145,"Ningde, CN-FJ, CN",,inaturalist_observation_316967455,data\raw\inaturalist\other_frog\inat_316967455_1650124.mp3,89c8ebdf7229ff44fda3c11c99c704d5a2b9f418228aae651da5f6cdce36a338,source_curated,,,trusted iNaturalist research-grade community label
inaturalist,inat_318596681_1657228,other_frog,Microhyla fissipes,其他蛙类,frog,https://www.inaturalist.org/observations/318596681,https://static.inaturalist.org/sounds/1657228.mp3?1759575036,CC-BY-NC,cc-by-nc,False,"(c) xhttttttt, some rights reserved (CC BY-NC)",research,2025-10-04,32.849649,120.358553,"Yancheng, CN-JS, CN",,inaturalist_observation_318596681,data\raw\inaturalist\other_frog\inat_318596681_1657228.mp3,c0a46ea2e9f16f7fd4c7b4cce53db41a04806159d2c56ee88a43f5ae016763c8,source_curated,,,trusted iNaturalist research-grade community label
inaturalist,inat_320344909_1665295,other_frog,Kaloula borealis,其他蛙类,frog,https://www.inaturalist.org/observations/320344909,https://static.inaturalist.org/sounds/1665295.m4a?1760251893,CC-BY-NC,cc-by-nc,False,"(c) Dave Guo, some rights reserved (CC BY-NC)",research,2025-07-27,43.5255211063,123.5184362758,"Shuangliao, Siping, Jilin, China",,inaturalist_observation_320344909,data\raw\inaturalist\other_frog\inat_320344909_1665295.m4a,4d3cf293292611a9db7a124701e91a4e100a0e2efc6392cf704fea1312a060f1,source_curated,,,trusted iNaturalist research-grade community label
inaturalist,inat_320808450_1667320,other_frog,Microhyla pulchra,其他蛙类,frog,https://www.inaturalist.org/observations/320808450,https://static.inaturalist.org/sounds/1667320.m4a?1760426501,CC-BY-NC,cc-by-nc,False,"(c) Dave Guo, some rights reserved (CC BY-NC)",research,2025-09-20,18.6938171227,110.2315387863,"Wanning, Hainan, China",,inaturalist_observation_320808450,data\raw\inaturalist\other_frog\inat_320808450_1667320.m4a,81cc782331ade906fe68c9dbe8ad1dab0526bc7ef62c4081a995f3610c01e8e9,source_curated,,,trusted iNaturalist research-grade community label
inaturalist,inat_320808452_1667318,other_frog,Chirixalus doriae,其他蛙类,frog,https://www.inaturalist.org/observations/320808452,https://static.inaturalist.org/sounds/1667318.m4a?1760426499,CC-BY-NC,cc-by-nc,False,"(c) Dave Guo, some rights reserved (CC BY-NC)",research,2025-09-20,18.6938171227,110.2315387863,"Wanning, Hainan, China",,inaturalist_observation_320808452,data\raw\inaturalist\other_frog\inat_320808452_1667318.m4a,4e7d5f31c8ca3bd1428b60ee7e3e3012a38168b3e3f64ca9dad88211c6f0f009,source_curated,,,trusted iNaturalist research-grade community label
inaturalist,inat_320808453_1667321,other_frog,Kurixalus hainanus,其他蛙类,frog,https://www.inaturalist.org/observations/320808453,https://static.inaturalist.org/sounds/1667321.m4a?1760426501,CC-BY-NC,cc-by-nc,False,"(c) Dave Guo, some rights reserved (CC BY-NC)",research,2025-09-20,18.6938171227,110.2315387863,"Wanning, Hainan, China",,inaturalist_observation_320808453,data\raw\inaturalist\other_frog\inat_320808453_1667321.m4a,e10948c7afa3e10cfa34d69bb2f5f9d1cb8d577342c04e9e1f633d6089c983ad,source_curated,,,trusted iNaturalist research-grade community label
inaturalist,inat_338451251_1765834,other_frog,Zhangixalus nigropunctatus,其他蛙类,frog,https://www.inaturalist.org/observations/338451251,https://static.inaturalist.org/sounds/1765834.m4a?1771001342,CC-BY-NC,cc-by-nc,False,"(c) Amaël Borzée, some rights reserved (CC BY-NC)",research,2026-02-14,26.3082486104,108.3239879989,"Qiandongnan Miao and Dong, CN-GZ, CN",,inaturalist_observation_338451251,data\raw\inaturalist\other_frog\inat_338451251_1765834.m4a,b6bc331a31aa7411ebcbd24a6ea1e92cbbb04bb91c561c9592374a368e436fd7,source_curated,,,trusted iNaturalist research-grade community label
inaturalist,inat_343639451_1811631,other_frog,Hylarana guentheri,其他蛙类,frog,https://www.inaturalist.org/observations/343639451,https://static.inaturalist.org/sounds/1811631.mpga?1773843736,CC-BY-NC,cc-by-nc,False,"(c) 管牧山, some rights reserved (CC BY-NC)",research,2026-03-15,23.1694930271,113.2002364146,广州浔峰山,,inaturalist_observation_343639451,data\raw\inaturalist\other_frog\inat_343639451_1811631.mpga,49a98d1f4532b25db59ab16415a93a5bfc00d79ec2b619678d7c3081ad2ef53f,source_curated,,,trusted iNaturalist research-grade community label
inaturalist,inat_345046410_1822139,other_frog,Hylarana latouchii,其他蛙类,frog,https://www.inaturalist.org/observations/345046410,https://static.inaturalist.org/sounds/1822139.mp3?1774421905,CC-BY-NC,cc-by-nc,False,"(c) nancyecho22, some rights reserved (CC BY-NC)",research,2026-03-25,27.10195274,120.15781953,福建省宁德市福鼎市太姥山镇福鼎白茶山景区观山茶室杨家溪景区,,inaturalist_observation_345046410,data\raw\inaturalist\other_frog\inat_345046410_1822139.mp3,89630bdb0cf33835a1c612b0c0981d4e4cba129f02c737fb839ca06ff33d347c,source_curated,,,trusted iNaturalist research-grade community label
inaturalist,inat_345680279_1827174,other_frog,Hylarana guentheri,其他蛙类,frog,https://www.inaturalist.org/observations/345680279,https://static.inaturalist.org/sounds/1827174.m4a?1774710605,CC-BY-NC,cc-by-nc,False,"(c) 鐦鍆錒/锎钔锕（Man Hoimoon）, some rights reserved (CC BY-NC)",research,2026-03-28,23.7008778057,113.0644279718,"Qingyuan, CN-GD, CN",,inaturalist_observation_345680279,data\raw\inaturalist\other_frog\inat_345680279_1827174.m4a,6b81a5b2abb77b625c9d9d3ae94e7b829ef4a009b133f30839eca39754f37b2d,source_curated,,,trusted iNaturalist research-grade community label
inaturalist,inat_348907269_1852169,other_frog,Pelophylax nigromaculatus,其他蛙类,frog,https://www.inaturalist.org/observations/348907269,https://static.inaturalist.org/sounds/1852169.wav?1775897383,CC-BY-NC,cc-by-nc,False,"(c) khola, some rights reserved (CC BY-NC)",research,2026-04-11,36.7219361004,117.0677549632,中国山东省济南市历城区,,inaturalist_observation_348907269,data\raw\inaturalist\other_frog\inat_348907269_1852169.wav,ee9727621760909745c1d1b6d140899bbca2f952c66ecff1f8c265281a6ffcfc,source_curated,,,trusted iNaturalist research-grade community label
inaturalist,inat_348930278_1852343,other_frog,Zhangixalus dennysi,其他蛙类,frog,https://www.inaturalist.org/observations/348930278,https://static.inaturalist.org/sounds/1852343.m4a?1775908147,CC-BY-NC,cc-by-nc,False,"(c) Dallin Kohler, some rights reserved (CC BY-NC)",research,2026-04-11,29.2563832539,110.1441567928,中国427306,,inaturalist_observation_348930278,data\raw\inaturalist\other_frog\inat_348930278_1852343.m4a,fe0d70756ab13dd42f64aee2826cba6e6ce332e29bf709eed82b71f5ed251884,source_curated,,,trusted iNaturalist research-grade community label
inaturalist,inat_350001370_1860756,other_frog,Kaloula rugifera,其他蛙类,frog,https://www.inaturalist.org/observations/350001370,https://static.inaturalist.org/sounds/1860756.m4a?1776256030,CC-BY-NC,cc-by-nc,False,"(c) sgqp, some rights reserved (CC BY-NC)",research,2026-04-15,30.6831032051,103.8487581164,四川省成都市温江区凤溪大道,,inaturalist_observation_350001370,data\raw\inaturalist\other_frog\inat_350001370_1860756.m4a,fe1c9a36d81a56b02f221bce5dd434a8dd91c682e52abc2d24e09f2c87dae8b6,source_curated,,,trusted iNaturalist research-grade community label
inaturalist,inat_352278758_1877049,other_frog,Fejervarya multistriata,其他蛙类,frog,https://www.inaturalist.org/observations/352278758,https://static.inaturalist.org/sounds/1877049.m4a?1776957828,CC-BY-NC,cc-by-nc,False,"(c) zhangxl0620, some rights reserved (CC BY-NC)",research,2026-04-23,22.8478877011,108.2767930948,"高新区, 南宁市, 广西壮族自治区, CN",,inaturalist_observation_352278758,data\raw\inaturalist\other_frog\inat_352278758_1877049.m4a,55134d9cfa36e8fe0480e1e86a082c0d14fc148fdddac674b3e724d6c0b13285,source_curated,,,trusted iNaturalist research-grade community label
inaturalist,inat_354280290_1894119,other_frog,Microhyla fissipes,其他蛙类,frog,https://www.inaturalist.org/observations/354280290,https://static.inaturalist.org/sounds/1894119.m4a?1777201285,CC-BY-NC,cc-by-nc,False,"(c) Dallin Kohler, some rights reserved (CC BY-NC)",research,2026-04-26,30.2576266514,120.1288466812,中国浙江省杭州市西湖区7469+M53 邮政编码: 310058,,inaturalist_observation_354280290,data\raw\inaturalist\other_frog\inat_354280290_1894119.m4a,7dd7940651441b6752cf426fe4ff4c1f6a9b87430fe80d1a7ad487b14d4b3e51,source_curated,,,trusted iNaturalist research-grade community label
inaturalist,inat_354352200_1894920,other_frog,Zhangixalus dennysi,其他蛙类,frog,https://www.inaturalist.org/observations/354352200,https://static.inaturalist.org/sounds/1894920.m4a?1777209220,CC-BY-NC,cc-by-nc,False,"(c) Amaël Borzée, some rights reserved (CC BY-NC)",research,2026-04-26,27.116055,120.1663416667,"China Fuding, Ningde, Fujian Jinfeng Temple Taimushan National Scenic Area",,inaturalist_observation_354352200,data\raw\inaturalist\other_frog\inat_354352200_1894920.m4a,fab614ec3a0ae0e7452c2e4e73000e76708022a85d724a25d18e0a2b3fbbbd33,source_curated,,,trusted iNaturalist research-grade community label
inaturalist,inat_355379817_1902975,other_frog,Microhyla heymonsi,其他蛙类,frog,https://www.inaturalist.org/observations/355379817,https://static.inaturalist.org/sounds/1902975.m4a?1777301780,CC-BY-NC,cc-by-nc,False,"(c) Dallin Kohler, some rights reserved (CC BY-NC)",research,2026-04-27,30.2587196921,120.1301697678,"Hangzhou, CN-ZJ, CN",,inaturalist_observation_355379817,data\raw\inaturalist\other_frog\inat_355379817_1902975.m4a,595aa6c9a58432475e783173564a756d04fb1bbdcce2ae2a73f536fcfac591e2,source_curated,,,trusted iNaturalist research-grade community label
inaturalist,inat_359810231_1937578,other_frog,Microhyla dabieshanensis,其他蛙类,frog,https://www.inaturalist.org/observations/359810231,https://static.inaturalist.org/sounds/1937578.m4a?1778328258,CC-BY-NC,cc-by-nc,False,"(c) Dallin Kohler, some rights reserved (CC BY-NC)",research,2026-05-09,30.7953526301,116.112373264,岳西县安庆市中国246690,,inaturalist_observation_359810231,data\raw\inaturalist\other_frog\inat_359810231_1937578.m4a,4ba20a53b9d8c68b245c48b6ad2ae48f45a708dce17bef50e663bf0d2c8e21c1,source_curated,,,trusted iNaturalist research-grade community label
inaturalist,inat_359810313_1937580,other_frog,Microhyla dabieshanensis,其他蛙类,frog,https://www.inaturalist.org/observations/359810313,https://static.inaturalist.org/sounds/1937580.m4a?1778328283,CC-BY-NC,cc-by-nc,False,"(c) Dallin Kohler, some rights reserved (CC BY-NC)",research,2026-05-09,30.7953282991,116.1123768122,岳西县安庆市中国246690,,inaturalist_observation_359810313,data\raw\inaturalist\other_frog\inat_359810313_1937580.m4a,fd28cf9d8e7a1de639cb14125db5fe11d0a5e0e4c2460077d4d18216be6ba867,source_curated,,,trusted iNaturalist research-grade community label
inaturalist,inat_359810962_1937583,other_frog,Microhyla dabieshanensis,其他蛙类,frog,https://www.inaturalist.org/observations/359810962,https://static.inaturalist.org/sounds/1937583.m4a?1778328461,CC-BY-NC,cc-by-nc,False,"(c) Dallin Kohler, some rights reserved (CC BY-NC)",research,2026-05-09,30.79539949,116.1123359096,岳西县安庆市中国246690,,inaturalist_observation_359810962,data\raw\inaturalist\other_frog\inat_359810962_1937583.m4a,0c56bbc50479aee3915d12001191031c414bc7dbddcb749e2da6b97836c9bdac,source_curated,,,trusted iNaturalist research-grade community label
inaturalist,inat_359839854_1938129,other_frog,Fejervarya zhoushanensis,其他蛙类,frog,https://www.inaturalist.org/observations/359839854,https://static.inaturalist.org/sounds/1938129.m4a?1778340544,CC-BY-NC,cc-by-nc,False,(c) nancyecho22，保留部分权利（CC BY-NC）,research,2026-05-09,29.99193128,121.8603073,"Zhoushan, CN-ZJ, CN",,inaturalist_observation_359839854,data\raw\inaturalist\other_frog\inat_359839854_1938129.m4a,b2d469f8127eacecedf8f46eddc1e7c2839319b880fa1bd906d76f37aaa3fe7f,source_curated,,,trusted iNaturalist research-grade community label
inaturalist,inat_359839854_1938131,other_frog,Fejervarya zhoushanensis,其他蛙类,frog,https://www.inaturalist.org/observations/359839854,https://static.inaturalist.org/sounds/1938131.m4a?1778340547,CC-BY-NC,cc-by-nc,False,(c) nancyecho22，保留部分权利（CC BY-NC）,research,2026-05-09,29.99193128,121.8603073,"Zhoushan, CN-ZJ, CN",,inaturalist_observation_359839854,data\raw\inaturalist\other_frog\inat_359839854_1938131.m4a,ce221819e045e61c8b6c5e51cd5d0fa49b5c27ed2dcfef45e7c1810fe57f5c49,source_curated,,,trusted iNaturalist research-grade community label
inaturalist,inat_361063061_1947276,other_frog,Microhyla heymonsi,其他蛙类,frog,https://www.inaturalist.org/observations/361063061,https://static.inaturalist.org/sounds/1947276.mp3?1778643129,CC-BY-NC,cc-by-nc,False,"(c) wresy, some rights reserved (CC BY-NC)",research,2026-05-11,26.0574329722,119.374774,"Fuzhou, CN-FJ, CN",,inaturalist_observation_361063061,data\raw\inaturalist\other_frog\inat_361063061_1947276.mp3,9617625a444cf3e894da9fc103860ca0bfa5a679f76aac4ef1bf21e6f3885e66,source_curated,,,trusted iNaturalist research-grade community label
inaturalist,inat_361816424_1952899,other_frog,Kurixalus idiootocus,其他蛙类,frog,https://www.inaturalist.org/observations/361816424,https://static.inaturalist.org/sounds/1952899.m4a?1778881601,CC-BY-NC,cc-by-nc,False,"(c) 虹, some rights reserved (CC BY-NC)",research,2026-05-16,31.1138078632,119.9678802119,China,,inaturalist_observation_361816424,data\raw\inaturalist\other_frog\inat_361816424_1952899.m4a,0c9a4b3c2ab9d93ca5e6bda39848580a1000f77e159c897b703189d0764fedee,source_curated,,,trusted iNaturalist research-grade community label
inaturalist,inat_361816451_1952900,other_frog,Kurixalus idiootocus,其他蛙类,frog,https://www.inaturalist.org/observations/361816451,https://static.inaturalist.org/sounds/1952900.m4a?1778881608,CC-BY-NC,cc-by-nc,False,"(c) 虹, some rights reserved (CC BY-NC)",research,2026-05-16,31.0984976837,119.8863006866,China,,inaturalist_observation_361816451,data\raw\inaturalist\other_frog\inat_361816451_1952900.m4a,c67b6f02ae329b7b0ccf383205ee276bbcd65124175cb2c64947459cdd5f566e,source_curated,,,trusted iNaturalist research-grade community label
inaturalist,inat_361816763_1952904,other_frog,Pelophylax nigromaculatus,其他蛙类,frog,https://www.inaturalist.org/observations/361816763,https://static.inaturalist.org/sounds/1952904.m4a?1778881675,CC-BY-NC,cc-by-nc,False,"(c) 虹, some rights reserved (CC BY-NC)",research,2026-05-15,31.149149733,119.979747211,China,,inaturalist_observation_361816763,data\raw\inaturalist\other_frog\inat_361816763_1952904.m4a,0e1c5daa5f3584ae729e97f1b0a5977eaa65bc777e11267f008ee2a6b2196e05,source_curated,,,trusted iNaturalist research-grade community label
inaturalist,inat_362990006_1962198,other_frog,Zhangixalus omeimontis,其他蛙类,frog,https://www.inaturalist.org/observations/362990006,https://static.inaturalist.org/sounds/1962198.m4a?1779180732,CC-BY-NC,cc-by-nc,False,"(c) Amaël Borzée, some rights reserved (CC BY-NC)",research,2026-05-19,29.6491633333,102.9412416667,"China Hongya, Meishan, Sichuan Mandarin Duck Pond Wawushan Scenic Area",,inaturalist_observation_362990006,data\raw\inaturalist\other_frog\inat_362990006_1962198.m4a,e8f9705c2fb504ac2127697f802c6ef522f09485a773c8bd7d218e50b429c6fb,source_curated,,,trusted iNaturalist research-grade community label
inaturalist,inat_363015706_1962444,other_frog,Kaloula borealis,其他蛙类,frog,https://www.inaturalist.org/observations/363015706,https://static.inaturalist.org/sounds/1962444.m4a?1779190582,CC-BY-NC,cc-by-nc,False,"(c) 维生素, some rights reserved (CC BY-NC)",research,2026-05-19,35.7740388,120.03151987,"Qingdao, CN-SD, CN",,inaturalist_observation_363015706,data\raw\inaturalist\other_frog\inat_363015706_1962444.m4a,4961a6371a7d32a5a76dc2755853b175a1d44a6e64dad5e278cb00b5bc9d6376,source_curated,,,trusted iNaturalist research-grade community label
inaturalist,inat_363618827_1967458,other_frog,Kaloula pulchra,其他蛙类,frog,https://www.inaturalist.org/observations/363618827,https://static.inaturalist.org/sounds/1967458.m4a?1779362727,CC-BY-NC,cc-by-nc,False,"(c) Kimtshans Drin, some rights reserved (CC BY-NC)",research,2026-05-21,23.2017722565,113.2858396069,"Huangshi East Road, Guangzhou, Guangdong, CN",,inaturalist_observation_363618827,data\raw\inaturalist\other_frog\inat_363618827_1967458.m4a,677cffb6b47bb2b902644bb201b7d47d9e307b465ad8e990a8fc81290f92827a,source_curated,,,trusted iNaturalist research-grade community label
inaturalist,inat_363669532_1967761,other_frog,Hylarana guentheri,其他蛙类,frog,https://www.inaturalist.org/observations/363669532,https://static.inaturalist.org/sounds/1967761.m4a?1779376539,CC-BY-NC,cc-by-nc,False,"(c) MP Zhou, some rights reserved (CC BY-NC)",research,2026-05-21,28.185917,112.901959,"Changsha, CN-HN, CN",,inaturalist_observation_363669532,data\raw\inaturalist\other_frog\inat_363669532_1967761.m4a,8db67b1f119effeb7e0c55ee0941c51b89f473e3ecdba6364d2d31dbd480c258,source_curated,,,trusted iNaturalist research-grade community label
inaturalist,inat_363973143_1969890,other_frog,Kaloula borealis,其他蛙类,frog,https://www.inaturalist.org/observations/363973143,https://static.inaturalist.org/sounds/1969890.m4a?1779460895,CC-BY-NC,cc-by-nc,False,"(c) 李博恒, some rights reserved (CC BY-NC)",research,2026-05-22,30.2586474234,120.1067051161,"Hangzhou, CN-ZJ, CN",,inaturalist_observation_363973143,data\raw\inaturalist\other_frog\inat_363973143_1969890.m4a,b7e79280f034b4d7a2dfe578e2281d4f196528cec133148748c2e16efe8ee436,source_curated,,,trusted iNaturalist research-grade community label
inaturalist,inat_364687390_1975632,other_frog,Hyla annectans,其他蛙类,frog,https://www.inaturalist.org/observations/364687390,https://static.inaturalist.org/sounds/1975632.m4a?1779634795,CC-BY-NC,cc-by-nc,False,"(c) Amaël Borzée, some rights reserved (CC BY-NC)",research,2026-05-24,28.5779166667,107.2947216667,"China Zheng'an, Zunyi, Guizhou Lao Linbian",,inaturalist_observation_364687390,data\raw\inaturalist\other_frog\inat_364687390_1975632.m4a,0022cd30c3a4a7a9aa2fb2f254c8213ca3ff72d2ffea1aff0d94b8501fd54768,source_curated,,,trusted iNaturalist research-grade community label
inaturalist,inat_364735599_1975889,other_frog,Fejervarya multistriata,其他蛙类,frog,https://www.inaturalist.org/observations/364735599,https://static.inaturalist.org/sounds/1975889.m4a?1779642576,CC-BY,cc-by,True,"(c) Melvin Xu, some rights reserved (CC BY)",research,2026-05-24,25.014816019,98.4570963351,"Baoshan, CN-YN, CN",,inaturalist_observation_364735599,data\raw\inaturalist\other_frog\inat_364735599_1975889.m4a,7f567ec19eb900fcaba3309d21d2d93cdb1eb7b95593693c376df35271a558b6,source_curated,,,trusted iNaturalist research-grade community label
inaturalist,inat_364938763_1977231,other_frog,Zhangixalus omeimontis,其他蛙类,frog,https://www.inaturalist.org/observations/364938763,https://static.inaturalist.org/sounds/1977231.m4a?1779683964,CC-BY-NC,cc-by-nc,False,"(c) yihan_chen_ss, some rights reserved (CC BY-NC)",research,2026-05-22,29.6471476989,102.950905847,中国四川省眉山市洪雅县,,inaturalist_observation_364938763,data\raw\inaturalist\other_frog\inat_364938763_1977231.m4a,ed1f217d67075d0a9087e57d10bd5e45691ce37bd8a71ab0a020cee6761ccc82,source_curated,,,trusted iNaturalist research-grade community label
inaturalist,inat_365083216_1978340,other_frog,Kaloula borealis,其他蛙类,frog,https://www.inaturalist.org/observations/365083216,https://static.inaturalist.org/sounds/1978340.m4a?1779725044,CC-BY-NC,cc-by-nc,False,"(c) Amaël Borzée, some rights reserved (CC BY-NC)",research,2026-05-25,32.06819,118.9049683333,"China Qixia, Nanjing, Jiangsu Maqun",,inaturalist_observation_365083216,data\raw\inaturalist\other_frog\inat_365083216_1978340.m4a,c4e3894963ec461548a4cebf456263138b275bd5752fe05bdbf03e11bdd800c5,source_curated,,,trusted iNaturalist research-grade community label
inaturalist,inat_366293035_1987199,other_frog,Pelophylax nigromaculatus,其他蛙类,frog,https://www.inaturalist.org/observations/366293035,https://static.inaturalist.org/sounds/1987199.m4a?1780050843,CC-BY-NC,cc-by-nc,False,"(c) Hugo Sun, some rights reserved (CC BY-NC)",research,2026-05-29,36.0625665357,120.3530248894,"Taipingshan Greenway, Qingdao, Shandong, CN",,inaturalist_observation_366293035,data\raw\inaturalist\other_frog\inat_366293035_1987199.m4a,ebe735f07683ab0106bbbac5a86045bd6cb5240c9aa424fa2df7a1741a564da7,source_curated,,,trusted iNaturalist research-grade community label
inaturalist,inat_366692157_1990216,other_frog,Duttaphrynus melanostictus,其他蛙类,frog,https://www.inaturalist.org/observations/366692157,https://static.inaturalist.org/sounds/1990216.m4a?1780155960,CC0,cc0,True,no rights reserved,research,2026-05-30,24.5545989204,115.8986767871,"Pingyuan South Avenue, Meizhou, Guangdong, CN",,inaturalist_observation_366692157,data\raw\inaturalist\other_frog\inat_366692157_1990216.m4a,17f88d9086b759b652828ed5638d18d9cae4f1f113f55bb378719147ee98693c,source_curated,,,trusted iNaturalist research-grade community label
inaturalist,inat_367353171_1994787,other_frog,Jingophrys zhaoermii,其他蛙类,frog,https://www.inaturalist.org/observations/367353171,https://static.inaturalist.org/sounds/1994787.wav?1780303120,CC-BY-NC-SA,cc-by-nc-sa,False,"(c) Shuangqi Liu, some rights reserved (CC BY-NC-SA)",research,2026-05-31,29.298721926,95.2863380832,"Nyingtri, CN-XZ, CN",,inaturalist_observation_367353171,data\raw\inaturalist\other_frog\inat_367353171_1994787.wav,48ab5575a8ad670fe50fe8c81330e3dc61ac076abd88083fef012a6709038edd,source_curated,,,trusted iNaturalist research-grade community label
inaturalist,inat_368021126_1999156,other_frog,Hylarana guentheri,其他蛙类,frog,https://www.inaturalist.org/observations/368021126,https://static.inaturalist.org/sounds/1999156.m4a?1780491341,CC-BY-NC,cc-by-nc,False,"(c) Tosia, some rights reserved (CC BY-NC)",research,2026-06-03,24.916407118,110.5278619006,"WG8H+F4V, Yangshuo, Guilin, Kuangsi, Chiny, 541906",,inaturalist_observation_368021126,data\raw\inaturalist\other_frog\inat_368021126_1999156.m4a,7449bda9fdf70b4a0db1ec3dec58cd088f369e95c2dc7fc89ad23746faa81c70,source_curated,,,trusted iNaturalist research-grade community label
inaturalist,inat_368023197_1999161,other_frog,Duttaphrynus melanostictus,其他蛙类,frog,https://www.inaturalist.org/observations/368023197,https://static.inaturalist.org/sounds/1999161.mp3?1780491853,CC-BY-NC,cc-by-nc,False,"(c) wresy, some rights reserved (CC BY-NC)",research,2026-05-25,26.05733,119.374679,"Fuzhou, CN-FJ, CN",,inaturalist_observation_368023197,data\raw\inaturalist\other_frog\inat_368023197_1999161.mp3,01d5ffdbff00874de1e559b55cc62dd4777d5d203252a25dabe6c08231772e1f,source_curated,,,trusted iNaturalist research-grade community label
inaturalist,inat_368355910_2001449,other_frog,Kaloula borealis,其他蛙类,frog,https://www.inaturalist.org/observations/368355910,https://static.inaturalist.org/sounds/2001449.m4a?1780585810,CC-BY-NC,cc-by-nc,False,"(c) Liu Wai Sing, some rights reserved (CC BY-NC)",research,2026-06-03,36.3646786435,120.6876272534,中国山东省青岛市即墨区,,inaturalist_observation_368355910,data\raw\inaturalist\other_frog\inat_368355910_2001449.m4a,73b7afd85a01a0939157710c7ede273bf01d2142980e97714a8628ba4485abd8,source_curated,,,trusted iNaturalist research-grade community label
inaturalist,inat_370049226_2012058,other_frog,Lithobates catesbeianus,其他蛙类,frog,https://www.inaturalist.org/observations/370049226,https://static.inaturalist.org/sounds/2012058.mp3?1781017108,CC-BY-NC,cc-by-nc,False,"(c) 管牧山, some rights reserved (CC BY-NC)",research,2026-06-09,40.0006302064,116.20283565,中国北京市海淀区,,inaturalist_observation_370049226,data\raw\inaturalist\other_frog\inat_370049226_2012058.mp3,6e2b88497d835cc91ac7f10f6ad93ba4c977e7b088224c3404a874bb2989204d,source_curated,,,trusted iNaturalist research-grade community label
inaturalist,inat_370767391_2016478,other_frog,Lithobates catesbeianus,其他蛙类,frog,https://www.inaturalist.org/observations/370767391,https://static.inaturalist.org/sounds/2016478.mp3?1781221196,CC-BY-NC,cc-by-nc,False,"(c) 管牧山, some rights reserved (CC BY-NC)",research,2026-06-11,40.0014652935,116.2045692167,中国北京市海淀区,,inaturalist_observation_370767391,data\raw\inaturalist\other_frog\inat_370767391_2016478.mp3,9cf7cd9e1db86a35690d0a9ca5bb85034195a20b5f35f2b11d2f2ca03560a606,source_curated,,,trusted iNaturalist research-grade community label
inaturalist,inat_371897839_2023072,other_frog,Kaloula borealis,其他蛙类,frog,https://www.inaturalist.org/observations/371897839,https://static.inaturalist.org/sounds/2023072.wav?1781513054,CC-BY-NC,cc-by-nc,False,"(c) orientalstork, some rights reserved (CC BY-NC)",research,2026-06-15,40.4021866979,118.9557984844,中国 河北省保定市易县 尉都乡村北路,,inaturalist_observation_371897839,data\raw\inaturalist\other_frog\inat_371897839_2023072.wav,e9bf345ecf041de6f385003f602b79d3a0627898ba9be866cf204705c9837e66,source_curated,,,trusted iNaturalist research-grade community label
inaturalist,inat_373107523_2029875,other_frog,Leptobrachium hainanense,其他蛙类,frog,https://www.inaturalist.org/observations/373107523,https://static.inaturalist.org/sounds/2029875.m4a?1781829528,CC-BY-NC,cc-by-nc,False,"(c) Dave Guo, some rights reserved (CC BY-NC)",research,2026-03-14,18.930783051,109.7211403503,"Hainan, CN-HA, CN",,inaturalist_observation_373107523,data\raw\inaturalist\other_frog\inat_373107523_2029875.m4a,1ba8d09729326f6d0345553c8ed9fc875ad3416ce604e98f963d933367e78138,source_curated,,,trusted iNaturalist research-grade community label
inaturalist,inat_373244865_2030823,other_frog,Kaloula borealis,其他蛙类,frog,https://www.inaturalist.org/observations/373244865,https://static.inaturalist.org/sounds/2030823.mp3?1781880016,CC-BY-NC,cc-by-nc,False,"(c) Biswas Sajib, some rights reserved (CC BY-NC)",research,2026-06-19,32.0810399793,118.8161998987,"Nan Jing Lin Ye Da Xue - You Yong Guan, 孝陵卫 Xuan Wu Qu, Nan Jing Shi, Jiang Su Sheng, China, 210042",,inaturalist_observation_373244865,data\raw\inaturalist\other_frog\inat_373244865_2030823.mp3,f8506ca5b501e754b0925c07d4df0759e1aa22e9659d4dceee2b2e6d46560ed3,source_curated,,,trusted iNaturalist research-grade community label
inaturalist,inat_374578565_2038670,other_frog,Dryophytes japonicus,其他蛙类,frog,https://www.inaturalist.org/observations/374578565,https://static.inaturalist.org/sounds/2038670.m4a?1782217502,CC-BY-NC,cc-by-nc,False,"(c) Amaël Borzée, some rights reserved (CC BY-NC)",research,2026-06-23,43.9974766667,125.3983466667,"China Kuancheng, Changchun, Jilin Changchun New Area",,inaturalist_observation_374578565,data\raw\inaturalist\other_frog\inat_374578565_2038670.m4a,cc702f682cc1c51c1a88155247a70390ad39fd36776bc18d19539765286b21b3,source_curated,,,trusted iNaturalist research-grade community label
inaturalist,inat_374578731_2038685,other_frog,Pelophylax nigromaculatus,其他蛙类,frog,https://www.inaturalist.org/observations/374578731,https://static.inaturalist.org/sounds/2038685.m4a?1782217557,CC-BY-NC,cc-by-nc,False,"(c) Amaël Borzée, some rights reserved (CC BY-NC)",research,2026-06-23,43.9975833333,125.3985283333,"China Kuancheng, Changchun, Jilin Changchun New Area",,inaturalist_observation_374578731,data\raw\inaturalist\other_frog\inat_374578731_2038685.m4a,281b90c19ed7d1cb9ef16a6b07c4fef03e91e6e28a267fc379d1803c4a44df01,source_curated,,,trusted iNaturalist research-grade community label
inaturalist,inat_376543293_2048795,other_frog,Kaloula borealis,其他蛙类,frog,https://www.inaturalist.org/observations/376543293,https://static.inaturalist.org/sounds/2048795.mp3?1782742341,CC-BY-NC-SA,cc-by-nc-sa,False,"(c) 渔喵, some rights reserved (CC BY-NC-SA)",research,2026-06-27,39.6088816252,123.3330928886,"Dalian, CN-LN, CN",,inaturalist_observation_376543293,data\raw\inaturalist\other_frog\inat_376543293_2048795.mp3,21a47d268ee800a74f12093af4f1c03cde4bd80d6d4bee338cb716e2cc3aa94c,source_curated,,,trusted iNaturalist research-grade community label
inaturalist,inat_376569400_2048903,other_frog,Hyla chinensis,其他蛙类,frog,https://www.inaturalist.org/observations/376569400,https://static.inaturalist.org/sounds/2048903.m4a?1782747909,CC0,cc0,True,no rights reserved,research,2026-06-29,29.8038751576,122.1279192518,"Zhoushan, CN-ZJ, CN",,inaturalist_observation_376569400,data\raw\inaturalist\other_frog\inat_376569400_2048903.m4a,a90780eb84260bcbed54642c9f335155a29b7dc00d6a0a33b9b7ac736b7f0169,source_curated,,,trusted iNaturalist research-grade community label
inaturalist,inat_376569565_2048904,other_frog,Hyla chinensis,其他蛙类,frog,https://www.inaturalist.org/observations/376569565,https://static.inaturalist.org/sounds/2048904.m4a?1782747947,CC0,cc0,True,no rights reserved,research,2026-06-29,29.9855820618,122.1924820291,"Zhoushan, CN-ZJ, CN",,inaturalist_observation_376569565,data\raw\inaturalist\other_frog\inat_376569565_2048904.m4a,95459c5413abc699864882c31abb580eb7a0ac93bb0882420b437d1feb183a0f,source_curated,,,trusted iNaturalist research-grade community label
inaturalist,inat_376847863_2050502,other_frog,Hyla chinensis,其他蛙类,frog,https://www.inaturalist.org/observations/376847863,https://static.inaturalist.org/sounds/2050502.m4a?1782828932,CC0,cc0,True,no rights reserved,research,2026-06-30,30.0019595523,122.3319538591,"普陀区海岛公园, 舟山市, 浙江省, CN",,inaturalist_observation_376847863,data\raw\inaturalist\other_frog\inat_376847863_2050502.m4a,a519c5d27555005cd344ddb764a805e1740acd990fa801abc1ebb2ae4743531f,source_curated,,,trusted iNaturalist research-grade community label
inaturalist,inat_376848663_2050509,other_frog,Hyla chinensis,其他蛙类,frog,https://www.inaturalist.org/observations/376848663,https://static.inaturalist.org/sounds/2050509.m4a?1782829143,CC0,cc0,True,no rights reserved,research,2026-06-30,30.0016377549,122.3315735972,"普陀区海岛公园, 舟山市, 浙江省, CN",,inaturalist_observation_376848663,data\raw\inaturalist\other_frog\inat_376848663_2050509.m4a,16ffb99cbb3809039e3ce580e6f5267daab1c25d9317ec6046c1bdb9f186eabc,source_curated,,,trusted iNaturalist research-grade community label
inaturalist,inat_377168154_2055709,other_frog,Hyla chinensis,其他蛙类,frog,https://www.inaturalist.org/observations/377168154,https://static.inaturalist.org/sounds/2055709.wav?1783142113,CC-BY-NC,cc-by-nc,False,"(c) campbellfmh, some rights reserved (CC BY-NC)",research,2026-07-01,30.573382,119.428392,"China, 313304",,inaturalist_observation_377168154,data\raw\inaturalist\other_frog\inat_377168154_2055709.wav,8581f74ab2b730337217f78b1df84bd4891e2d954ef3e1ef861d737dbca6b52e,source_curated,,,trusted iNaturalist research-grade community label
inaturalist,inat_377806290_2055090,other_frog,Hyla chinensis,其他蛙类,frog,https://www.inaturalist.org/observations/377806290,https://static.inaturalist.org/sounds/2055090.m4a?1783102904,CC0,cc0,True,no rights reserved,research,2026-07-04,29.9611879309,122.1139443968,"Zhoushan, CN-ZJ, CN",,inaturalist_observation_377806290,data\raw\inaturalist\other_frog\inat_377806290_2055090.m4a,5062cba07d33ee78ccc2307c6707b92ad8fe71d5990dfceb7268703a4d5863d1,source_curated,,,trusted iNaturalist research-grade community label
inaturalist,inat_377806425_2055093,other_frog,Hyla chinensis,其他蛙类,frog,https://www.inaturalist.org/observations/377806425,https://static.inaturalist.org/sounds/2055093.m4a?1783102943,CC0,cc0,True,no rights reserved,research,2026-07-04,29.8137398619,122.1094586365,"Zhoushan, CN-ZJ, CN",,inaturalist_observation_377806425,data\raw\inaturalist\other_frog\inat_377806425_2055093.m4a,786472fb927ae5083fcb7b946e99a4e1a76e7c1d2d2bed807fbf3d3ffc123ed6,source_curated,,,trusted iNaturalist research-grade community label
inaturalist,inat_377806808_2055094,other_frog,Hyla chinensis,其他蛙类,frog,https://www.inaturalist.org/observations/377806808,https://static.inaturalist.org/sounds/2055094.m4a?1783103030,CC0,cc0,True,no rights reserved,research,2026-07-04,29.9771135193,122.168118245,"如心小镇景区, 舟山市, 浙江省, CN",,inaturalist_observation_377806808,data\raw\inaturalist\other_frog\inat_377806808_2055094.m4a,f4df573059b9e9db14f461cb68d6e03ab5b0948f860ad077eded663b4329d58d,source_curated,,,trusted iNaturalist research-grade community label
inaturalist,inat_377807746_2055103,other_frog,Hyla chinensis,其他蛙类,frog,https://www.inaturalist.org/observations/377807746,https://static.inaturalist.org/sounds/2055103.m4a?1783103241,CC0,cc0,True,no rights reserved,research,2026-07-04,29.8613296281,122.1449675514,"Zhoushan, CN-ZJ, CN",,inaturalist_observation_377807746,data\raw\inaturalist\other_frog\inat_377807746_2055103.m4a,ed8c46b7c0de4f51e7d8870369e0b39ff9f0b2dc9f97218428837cd3fc34aa73,source_curated,,,trusted iNaturalist research-grade community label
inaturalist,inat_377808765_2055111,other_frog,Hyla chinensis,其他蛙类,frog,https://www.inaturalist.org/observations/377808765,https://static.inaturalist.org/sounds/2055111.m4a?1783103499,CC0,cc0,True,no rights reserved,research,2026-07-04,29.9910375392,122.1028064253,"Zhoushan, CN-ZJ, CN",,inaturalist_observation_377808765,data\raw\inaturalist\other_frog\inat_377808765_2055111.m4a,b315ba613ff9d2f796b6856950f5f907f6e40dff3918db76aed91d272d5e314f,source_curated,,,trusted iNaturalist research-grade community label
inaturalist,inat_381053637_2070654,other_frog,Nidirana mangveni,其他蛙类,frog,https://www.inaturalist.org/observations/381053637,https://static.inaturalist.org/sounds/2070654.mp3?1783955406,CC-BY-NC,cc-by-nc,False,"(c) Biswas Sajib, some rights reserved (CC BY-NC)",research,2026-07-13,29.19824055,118.11333809,"China, 324306",,inaturalist_observation_381053637,data\raw\inaturalist\other_frog\inat_381053637_2070654.mp3,1412a638a96f4d5900351028ae4ff9b1693902187bf8d45c961172ba30b2c891,source_curated,,,trusted iNaturalist research-grade community label
inaturalist,inat_381053908_2070655,other_frog,Nidirana mangveni,其他蛙类,frog,https://www.inaturalist.org/observations/381053908,https://static.inaturalist.org/sounds/2070655.mp3?1783955452,CC-BY-NC,cc-by-nc,False,"(c) Biswas Sajib, some rights reserved (CC BY-NC)",research,2026-07-13,29.19819337,118.11326183,"China, 324306",,inaturalist_observation_381053908,data\raw\inaturalist\other_frog\inat_381053908_2070655.mp3,ebae9c6707985a6c45770c8c88c57ee0b67bcbd6335337ff31a565dce6932fe0,source_curated,,,trusted iNaturalist research-grade community label
inaturalist,inat_381054123_2070657,other_frog,Nidirana mangveni,其他蛙类,frog,https://www.inaturalist.org/observations/381054123,https://static.inaturalist.org/sounds/2070657.mp3?1783955498,CC-BY-NC,cc-by-nc,False,"(c) Biswas Sajib, some rights reserved (CC BY-NC)",research,2026-07-13,29.1983099,118.11334792,"China, 324306",,inaturalist_observation_381054123,data\raw\inaturalist\other_frog\inat_381054123_2070657.mp3,bd3c2be79cfc7909a51bbb2018af0b12ac3acfd3b39f69ee22a2cd041c59490d,source_curated,,,trusted iNaturalist research-grade community label
inaturalist,inat_381404485_2072097,other_frog,Kaloula pulchra,其他蛙类,frog,https://www.inaturalist.org/observations/381404485,https://static.inaturalist.org/sounds/2072097.m4a?1784045514,CC-BY-NC,cc-by-nc,False,"(c) 虹, some rights reserved (CC BY-NC)",research,2026-07-15,23.7244556359,111.9003026534,"Zhaoqing, CN-GD, CN",,inaturalist_observation_381404485,data\raw\inaturalist\other_frog\inat_381404485_2072097.m4a,afd3497d2f7f0a9cddda81e54b06b4f51c6cc886a3dc25f356e902c3d571739a,source_curated,,,trusted iNaturalist research-grade community label
inaturalist,inat_384180199_2084101,other_frog,Nidirana leishanensis,其他蛙类,frog,https://www.inaturalist.org/observations/384180199,https://static.inaturalist.org/sounds/2084101.wav?1784792931,CC-BY-NC,cc-by-nc,False,(c) orientalstork，保留部分权利（CC BY-NC）,research,2026-07-23,25.9908293105,108.6273951083,"Qiandongnan Miao and Dong, CN-GZ, CN",,inaturalist_observation_384180199,data\raw\inaturalist\other_frog\inat_384180199_2084101.wav,fb16e0b2066dcba72714ae661fee4511a617be3cc10d7af9c915b0de25d9cc4e,source_curated,,,trusted iNaturalist research-grade community label
inaturalist,inat_387193321_2098198,other_frog,Boulenophrys daoji,其他蛙类,frog,https://www.inaturalist.org/observations/387193321,https://static.inaturalist.org/sounds/2098198.m4a?1785595048,CC-BY-NC,cc-by-nc,False,"(c) 虹, some rights reserved (CC BY-NC)",research,2026-08-01,29.7066834025,121.1593657932,"Huxi Line, Ningbo, Zhejiang, CN",,inaturalist_observation_387193321,data\raw\inaturalist\other_frog\inat_387193321_2098198.m4a,ebee33bb4190bfd05e1b8181393527f38d1055829e93216f3b38e008a2e3b1ef,source_curated,,,trusted iNaturalist research-grade community label
inaturalist,inat_358244557_1926093,other_insect,Gaeana maculata,其他鸣虫,insect,https://www.inaturalist.org/observations/358244557,https://static.inaturalist.org/sounds/1926093.mp3?1777890902,CC-BY-NC,cc-by-nc,False,"(c) yyawc, some rights reserved (CC BY-NC)",research,2026-05-04,29.567576,103.439547,"Leshan, CN-SC, CN",,inaturalist_observation_358244557,data\raw\inaturalist\other_insect\inat_358244557_1926093.mp3,452b193946786e176394e8893081c9c14e1a5235bf2389e8f86a4e31f05060ba,source_curated,,,trusted iNaturalist research-grade community label
inaturalist,inat_359803013_1937517,other_insect,Euterpnosia sinensis hwaisana,其他鸣虫,insect,https://www.inaturalist.org/observations/359803013,https://static.inaturalist.org/sounds/1937517.mp3?1778326530,CC-BY-NC,cc-by-nc,False,"(c) yyawc, some rights reserved (CC BY-NC)",research,2026-05-09,30.660966,104.028833,四川省成都市青羊区草堂,,inaturalist_observation_359803013,data\raw\inaturalist\other_insect\inat_359803013_1937517.mp3,9f317e451250e0b5cbe1977f947b6bcc015fb30b4a568965ee7738278a41ffd2,source_curated,,,trusted iNaturalist research-grade community label
inaturalist,inat_359803013_1937518,other_insect,Euterpnosia sinensis hwaisana,其他鸣虫,insect,https://www.inaturalist.org/observations/359803013,https://static.inaturalist.org/sounds/1937518.mp3?1778326533,CC-BY-NC,cc-by-nc,False,"(c) yyawc, some rights reserved (CC BY-NC)",research,2026-05-09,30.660966,104.028833,四川省成都市青羊区草堂,,inaturalist_observation_359803013,data\raw\inaturalist\other_insect\inat_359803013_1937518.mp3,1166b99d11e71f48bf254d77fd7fce8ef325ec4e57816cc18339f1ca145bd47e,source_curated,,,trusted iNaturalist research-grade community label
inaturalist,inat_359805824_1937524,other_insect,Euterpnosia sinensis hwaisana,其他鸣虫,insect,https://www.inaturalist.org/observations/359805824,https://static.inaturalist.org/sounds/1937524.mp3?1778326917,CC-BY-NC,cc-by-nc,False,"(c) yyawc, some rights reserved (CC BY-NC)",research,2026-05-09,30.6609166667,104.027735,四川省成都市青羊区草堂,,inaturalist_observation_359805824,data\raw\inaturalist\other_insect\inat_359805824_1937524.mp3,e52ee8538238217b55e875d07c8bfba310ab679b6faf4ca96eeb5f1fb9216258,source_curated,,,trusted iNaturalist research-grade community label
inaturalist,inat_359808464_1937559,other_insect,Euterpnosia sinensis,其他鸣虫,insect,https://www.inaturalist.org/observations/359808464,https://static.inaturalist.org/sounds/1937559.mp3?1778327691,CC-BY-NC,cc-by-nc,False,"(c) yyawc, some rights reserved (CC BY-NC)",research,2026-05-09,30.660849,104.026769,四川省成都市青羊区杜甫草堂,,inaturalist_observation_359808464,data\raw\inaturalist\other_insect\inat_359808464_1937559.mp3,dc7035603a07a16d731fb0ed1f88f2e335201f8dced095bc412959e01cfda02f,source_curated,,,trusted iNaturalist research-grade community label
inaturalist,inat_359808495_1937560,other_insect,Euterpnosia sinensis hwaisana,其他鸣虫,insect,https://www.inaturalist.org/observations/359808495,https://static.inaturalist.org/sounds/1937560.mp3?1778327702,CC-BY-NC,cc-by-nc,False,"(c) yyawc, some rights reserved (CC BY-NC)",research,2026-05-09,30.660161,104.02653,四川省成都市青羊区草堂,,inaturalist_observation_359808495,data\raw\inaturalist\other_insect\inat_359808495_1937560.mp3,5471a46bde39a4df974586fbf6be289ff3a01a5d03ab7bbafc7c5e1e827374b0,source_curated,,,trusted iNaturalist research-grade community label
inaturalist,inat_361892464_1953404,other_insect,Mogannia hebes,其他鸣虫,insect,https://www.inaturalist.org/observations/361892464,https://static.inaturalist.org/sounds/1953404.mp3?1778903506,CC-BY-NC,cc-by-nc,False,"(c) yyawc, some rights reserved (CC BY-NC)",research,2026-05-16,30.57305,104.2937533333,四川省成都市龙泉驿区龙泉驿区天府桃园片区,,inaturalist_observation_361892464,data\raw\inaturalist\other_insect\inat_361892464_1953404.mp3,5a53587aa0162947f1690b9a2c7f25fb2af41ec94c81d6c1d3594f37c16e2331,source_curated,,,trusted iNaturalist research-grade community label
inaturalist,inat_361899482_1953438,other_insect,Mogannia hebes,其他鸣虫,insect,https://www.inaturalist.org/observations/361899482,https://static.inaturalist.org/sounds/1953438.mp3?1778906106,CC-BY-NC,cc-by-nc,False,"(c) yyawc, some rights reserved (CC BY-NC)",research,2026-05-16,30.57346,104.29385,四川省成都市龙泉驿区龙泉驿区天府桃园片区,,inaturalist_observation_361899482,data\raw\inaturalist\other_insect\inat_361899482_1953438.mp3,0f097aca33cee8c1f5e7732686fa9b5b8f73754ab92d260b47cb7dcb5179d50e,source_curated,,,trusted iNaturalist research-grade community label
inaturalist,inat_361900781_1953447,other_insect,Mogannia hebes,其他鸣虫,insect,https://www.inaturalist.org/observations/361900781,https://static.inaturalist.org/sounds/1953447.mp3?1778906741,CC-BY-NC,cc-by-nc,False,"(c) yyawc, some rights reserved (CC BY-NC)",research,2026-05-16,30.57325,104.2936583333,四川省成都市龙泉驿区龙泉驿区天府桃园片区,,inaturalist_observation_361900781,data\raw\inaturalist\other_insect\inat_361900781_1953447.mp3,44cbb2a22ce1cdbb806cacb51f847c56d094af1f78cec5ba256670782671409d,source_curated,,,trusted iNaturalist research-grade community label
inaturalist,inat_364194499_1971731,other_insect,Talainga binghami,其他鸣虫,insect,https://www.inaturalist.org/observations/364194499,https://static.inaturalist.org/sounds/1971731.m4a?1779515880,CC-BY-NC,cc-by-nc,False,"(c) Tosia, some rights reserved (CC BY-NC)",research,2026-05-23,29.37006364,110.4588026,"Zhangjiajie, Chiny, 427401",,inaturalist_observation_364194499,data\raw\inaturalist\other_insect\inat_364194499_1971731.m4a,60e98d757c5d8927d047b46bdcd60e89608bc31719399317efab21c0d18d4666,source_curated,,,trusted iNaturalist research-grade community label
inaturalist,inat_367615098_1996387,other_insect,Leptosemia huasipana,其他鸣虫,insect,https://www.inaturalist.org/observations/367615098,https://static.inaturalist.org/sounds/1996387.mp3?1780368686,CC-BY-NC,cc-by-nc,False,"(c) longa, some rights reserved (CC BY-NC)",research,2026-06-02,25.0829296111,102.7177352778,云南省昆明市五华区龙泉,,inaturalist_observation_367615098,data\raw\inaturalist\other_insect\inat_367615098_1996387.mp3,9e099dfc61bd5b55014799e2ee2983d85b0b42bfc685e8a9bc08d0df67c405bd,source_curated,,,trusted iNaturalist research-grade community label
inaturalist,inat_368862830_2004558,other_insect,Vagitanus terminalis,其他鸣虫,insect,https://www.inaturalist.org/observations/368862830,https://static.inaturalist.org/sounds/2004558.mp3?1780724694,CC-BY-NC,cc-by-nc,False,"(c) yyawc, some rights reserved (CC BY-NC)",research,2026-06-06,30.6474483333,104.1778633333,"Chengdu, CN-SC, CN",,inaturalist_observation_368862830,data\raw\inaturalist\other_insect\inat_368862830_2004558.mp3,aa833ced7ed49405cce71a5fbbca13facfbb491e511df84eb6422ddbb0d64136,source_curated,,,trusted iNaturalist research-grade community label
inaturalist,inat_368884067_2004703,other_insect,Planopleura kaempferi,其他鸣虫,insect,https://www.inaturalist.org/observations/368884067,https://static.inaturalist.org/sounds/2004703.mp3?1780733833,CC-BY-NC,cc-by-nc,False,"(c) yyawc, some rights reserved (CC BY-NC)",research,2026-06-06,30.639478,104.181864,"Chengdu, CN-SC, CN",,inaturalist_observation_368884067,data\raw\inaturalist\other_insect\inat_368884067_2004703.mp3,3d25b5122196576664dec62b0da96fce04f17fe3f4854bea58ac74ae7dba0ca8,source_curated,,,trusted iNaturalist research-grade community label
inaturalist,inat_369251160_2007395,other_insect,Purana gigas,其他鸣虫,insect,https://www.inaturalist.org/observations/369251160,https://static.inaturalist.org/sounds/2007395.m4a?1780822591,CC-BY-NC,cc-by-nc,False,"(c) zerteyua, some rights reserved (CC BY-NC)",research,2026-06-07,29.5446603745,120.8141944931,"嵊州市, 绍兴市, 浙江省, CN",,inaturalist_observation_369251160,data\raw\inaturalist\other_insect\inat_369251160_2007395.m4a,d82000fae034b96866b48d07ca186dde37193e4e8dd8c1c74c00173f043d577a,source_curated,,,trusted iNaturalist research-grade community label
inaturalist,inat_370828326_2017528,other_insect,Talainga binghami,其他鸣虫,insect,https://www.inaturalist.org/observations/370828326,https://static.inaturalist.org/sounds/2017528.mp3?1781280051,CC-BY-NC,cc-by-nc,False,"(c) agelena, some rights reserved (CC BY-NC)",research,2026-06-12,31.87837285,104.57164403,四川省绵阳市北川羌族自治县陈家坝镇太洪酒厂,,inaturalist_observation_370828326,data\raw\inaturalist\other_insect\inat_370828326_2017528.mp3,987855ede88670b3b5b9ea8efe345e2cf97f85af13fc826a236fd5dd57436771,source_curated,,,trusted iNaturalist research-grade community label
inaturalist,inat_371517794_2020988,other_insect,Planopleura kaempferi,其他鸣虫,insect,https://www.inaturalist.org/observations/371517794,https://static.inaturalist.org/sounds/2020988.m4a?1781424544,CC-BY-NC,cc-by-nc,False,"(c) zerteyua, some rights reserved (CC BY-NC)",research,2026-06-14,29.5430795106,120.8203844726,"嵊州市, 绍兴市, 浙江省, CN",,inaturalist_observation_371517794,data\raw\inaturalist\other_insect\inat_371517794_2020988.m4a,c97b8ae9f612acd518e2ba4846620572d158e8ed0a057f226ddc3bbd95a50131,source_curated,,,trusted iNaturalist research-grade community label
inaturalist,inat_371545156_2021146,other_insect,Streeyola mongolica,其他鸣虫,insect,https://www.inaturalist.org/observations/371545156,https://static.inaturalist.org/sounds/2021146.m4a?1781433170,CC-BY-NC,cc-by-nc,False,"(c) Hugo Sun, some rights reserved (CC BY-NC)",research,2026-06-14,31.1367237106,121.2387822626,"Liuxia Road, Shanghai, CN",,inaturalist_observation_371545156,data\raw\inaturalist\other_insect\inat_371545156_2021146.m4a,a8a9fc899630b13201a167053ec13d8febca95aa8c0aa4addd6e336925fb8315,source_curated,,,trusted iNaturalist research-grade community label
inaturalist,inat_371878923_2022995,other_insect,Macrosemia pieli,其他鸣虫,insect,https://www.inaturalist.org/observations/371878923,https://static.inaturalist.org/sounds/2022995.mp3?1781504816,CC-BY-NC,cc-by-nc,False,"(c) wresy, some rights reserved (CC BY-NC)",research,2026-06-06,26.842773,120.021449,"Ningde, CN-FJ, CN",,inaturalist_observation_371878923,data\raw\inaturalist\other_insect\inat_371878923_2022995.mp3,a3f2a2b5ac2250b35b325764072d694ca2da850985938a1126fd10a94da14065,source_curated,,,trusted iNaturalist research-grade community label
inaturalist,inat_371915948_2023194,other_insect,Trombonia linearis,其他鸣虫,insect,https://www.inaturalist.org/observations/371915948,https://static.inaturalist.org/sounds/2023194.m4a?1781519750,CC-BY-NC,cc-by-nc,False,"(c) MP Zhou, some rights reserved (CC BY-NC)",research,2026-06-15,27.8836584174,108.7968792021,"Tongren, CN-GZ, CN",,inaturalist_observation_371915948,data\raw\inaturalist\other_insect\inat_371915948_2023194.m4a,5c61fa25ede759e1106673743ba32754a909bad8153ca85a8b4a290b08c326b2,source_curated,,,trusted iNaturalist research-grade community label
inaturalist,inat_372950407_2029010,other_insect,Callogaeana viridula,其他鸣虫,insect,https://www.inaturalist.org/observations/372950407,https://static.inaturalist.org/sounds/2029010.wav?1781793235,CC-BY-NC,cc-by-nc,False,"(c) ZF VT, some rights reserved (CC BY-NC)",research,2026-05-07,25.256728,107.717139,中国贵州省黔南布依族苗族自治州荔波县7P48+MVR 邮政编码: 558402,,inaturalist_observation_372950407,data\raw\inaturalist\other_insect\inat_372950407_2029010.wav,44c963f5768fe51e5fc0f2cde76fa8b093409db82a4f8a302a17db509c3c5736,source_curated,,,trusted iNaturalist research-grade community label
inaturalist,inat_372950419_2029031,other_insect,Yezoterpnosia nigricosta,其他鸣虫,insect,https://www.inaturalist.org/observations/372950419,https://static.inaturalist.org/sounds/2029031.wav?1781793988,CC-BY-NC,cc-by-nc,False,"(c) ZF VT, some rights reserved (CC BY-NC)",research,2026-05-31,31.199382,115.804836,中国安徽省六安市金寨县天堂寨镇 邮政编码: 237343,,inaturalist_observation_372950419,data\raw\inaturalist\other_insect\inat_372950419_2029031.wav,62503830bafa71f135ad8bac57a3c27a544959d3e3794fecc02a6bf4217c201d,source_curated,,,trusted iNaturalist research-grade community label
inaturalist,inat_372950420_2029032,other_insect,Tettigetta shansiensis,其他鸣虫,insect,https://www.inaturalist.org/observations/372950420,https://static.inaturalist.org/sounds/2029032.wav?1781793989,CC-BY-NC,cc-by-nc,False,"(c) ZF VT, some rights reserved (CC BY-NC)",research,2026-05-31,31.199382,115.804836,中国安徽省六安市金寨县天堂寨镇 邮政编码: 237343,,inaturalist_observation_372950420,data\raw\inaturalist\other_insect\inat_372950420_2029032.wav,95737b432bfc5deab7d1fa18a5895861c076c33a62c8274b1839bf3c57398d4c,source_curated,,,trusted iNaturalist research-grade community label
inaturalist,inat_372950426_2029033,other_insect,Yezoterpnosia obscura,其他鸣虫,insect,https://www.inaturalist.org/observations/372950426,https://static.inaturalist.org/sounds/2029033.wav?1781793990,CC-BY-NC,cc-by-nc,False,"(c) ZF VT, some rights reserved (CC BY-NC)",research,2026-06-01,31.199382,115.804836,中国安徽省六安市金寨县天堂寨镇 邮政编码: 237343,,inaturalist_observation_372950426,data\raw\inaturalist\other_insect\inat_372950426_2029033.wav,a72f4ab85513f43a0ca24e230059087f5dfb11ac35ae83131436fd5686cbcba5,source_curated,,,trusted iNaturalist research-grade community label
inaturalist,inat_372950429_2029061,other_insect,Taiwanosemia hoppoensis,其他鸣虫,insect,https://www.inaturalist.org/observations/372950429,https://static.inaturalist.org/sounds/2029061.wav?1781794830,CC-BY-NC,cc-by-nc,False,"(c) ZF VT, some rights reserved (CC BY-NC)",research,2026-06-06,25.61973,119.77714,中国福建省福州市平潭县JQ9G+VVR 邮政编码: 350411,,inaturalist_observation_372950429,data\raw\inaturalist\other_insect\inat_372950429_2029061.wav,23f3d5ee5dc143bbee39b35e4d8e9e8ed2906a4dbcce7d0ab2da604cdd0c60ef,source_curated,,,trusted iNaturalist research-grade community label
inaturalist,inat_372950430_2029059,other_insect,Leptosemia sakaii,其他鸣虫,insect,https://www.inaturalist.org/observations/372950430,https://static.inaturalist.org/sounds/2029059.wav?1781794821,CC-BY-NC,cc-by-nc,False,"(c) ZF VT, some rights reserved (CC BY-NC)",research,2026-06-14,30.8695382,116.0827607,中国安庆市岳西县明堂山风景名胜区 邮政编码: 246661,,inaturalist_observation_372950430,data\raw\inaturalist\other_insect\inat_372950430_2029059.wav,c3297a8b3823fbb1157c0165b8ebb55dc2d844588c77560549d65dcadebfd079,source_curated,,,trusted iNaturalist research-grade community label
inaturalist,inat_373191792_2030534,other_insect,Taiwanosemia hoppoensis,其他鸣虫,insect,https://www.inaturalist.org/observations/373191792,https://static.inaturalist.org/sounds/2030534.m4a?1781864219,CC-BY-NC,cc-by-nc,False,"(c) sichuannani, some rights reserved (CC BY-NC)",research,2026-06-19,25.6147583154,119.7721017336,"平潭国际旅游岛, 福州市, 福建省, CN",,inaturalist_observation_373191792,data\raw\inaturalist\other_insect\inat_373191792_2030534.m4a,231b70cedc1096a22dd48f5c8e5b338a47957c36e6fe38d281cdfc2579cb843f,source_curated,,,trusted iNaturalist research-grade community label
inaturalist,inat_373449696_2032032,other_insect,Sinfonia opalifera,其他鸣虫,insect,https://www.inaturalist.org/observations/373449696,https://static.inaturalist.org/sounds/2032032.wav?1781928095,CC-BY-NC,cc-by-nc,False,"(c) 蝉之风韵, some rights reserved (CC BY-NC)",research,2026-06-20,32.01938,118.902085,"Nanjing, CN-JS, CN",,inaturalist_observation_373449696,data\raw\inaturalist\other_insect\inat_373449696_2032032.wav,44accb1c52c4bbaf92dbafe0b56061685f29d71ca3ae27a5a578705a4567edd2,source_curated,,,trusted iNaturalist research-grade community label
inaturalist,inat_373449727_2032033,other_insect,Streeyola mongolica,其他鸣虫,insect,https://www.inaturalist.org/observations/373449727,https://static.inaturalist.org/sounds/2032033.wav?1781928110,CC-BY-NC,cc-by-nc,False,"(c) 蝉之风韵, some rights reserved (CC BY-NC)",research,2026-06-20,32.0240465,118.8986535,"Nanjing, CN-JS, CN",,inaturalist_observation_373449727,data\raw\inaturalist\other_insect\inat_373449727_2032033.wav,8b3bbfbcf64ab9029aa38dae9f515fc67d40a846c30fa01e15d8b535d25a36a7,source_curated,,,trusted iNaturalist research-grade community label
inaturalist,inat_373453532_2032062,other_insect,Sinfonia opalifera,其他鸣虫,insect,https://www.inaturalist.org/observations/373453532,https://static.inaturalist.org/sounds/2032062.wav?1781929649,CC-BY-NC,cc-by-nc,False,"(c) 蝉之风韵, some rights reserved (CC BY-NC)",research,2026-06-20,32.0194316667,118.902115,"Nanjing, CN-JS, CN",,inaturalist_observation_373453532,data\raw\inaturalist\other_insect\inat_373453532_2032062.wav,b656e9e34b7677756d667e8fa2d1b435e5313eb48223f9b0e4f52153527a3794,source_curated,,,trusted iNaturalist research-grade community label
inaturalist,inat_373453847_2032063,other_insect,Planopleura kaempferi,其他鸣虫,insect,https://www.inaturalist.org/observations/373453847,https://static.inaturalist.org/sounds/2032063.wav?1781929656,CC-BY-NC,cc-by-nc,False,"(c) 蝉之风韵, some rights reserved (CC BY-NC)",research,2026-06-20,32.021361,118.902773,"Nanjing, CN-JS, CN",,inaturalist_observation_373453847,data\raw\inaturalist\other_insect\inat_373453847_2032063.wav,950bee3a22f8122402c60b47408884d37f5d07c27a44fe925e61cc1e520927fc,source_curated,,,trusted iNaturalist research-grade community label
inaturalist,inat_373517181_2032440,other_insect,Macrosemia pieli,其他鸣虫,insect,https://www.inaturalist.org/observations/373517181,https://static.inaturalist.org/sounds/2032440.m4a?1781953195,CC-BY-NC,cc-by-nc,False,"(c) zerteyua, some rights reserved (CC BY-NC)",research,2026-06-20,29.549673046,120.8176328336,"西五线, 绍兴市, 浙江省, CN",,inaturalist_observation_373517181,data\raw\inaturalist\other_insect\inat_373517181_2032440.m4a,d5ef6990cf36c4fa7041de854bcb2e456851498740da0f0f6f6edc1d3e2e3f39,source_curated,,,trusted iNaturalist research-grade community label
inaturalist,inat_373518696_2032455,other_insect,Streeyola mongolica,其他鸣虫,insect,https://www.inaturalist.org/observations/373518696,https://static.inaturalist.org/sounds/2032455.m4a?1781953707,CC-BY-NC,cc-by-nc,False,"(c) zerteyua, some rights reserved (CC BY-NC)",research,2026-06-20,29.5484300098,120.8203549405,"嵊州市, 绍兴市, 浙江省, CN",,inaturalist_observation_373518696,data\raw\inaturalist\other_insect\inat_373518696_2032455.m4a,26cf71a68c6b8526b80b07554c6473573c9ff72a15ced8d2becf037903eb2c6d,source_curated,,,trusted iNaturalist research-grade community label
inaturalist,inat_373542861_2032589,other_insect,Planopleura kaempferi,其他鸣虫,insect,https://www.inaturalist.org/observations/373542861,https://static.inaturalist.org/sounds/2032589.wav?1781960218,CC-BY-NC,cc-by-nc,False,"(c) khola, some rights reserved (CC BY-NC)",research,2026-06-20,36.6430540474,117.0316851828,中国山东省济南市历下区,,inaturalist_observation_373542861,data\raw\inaturalist\other_insect\inat_373542861_2032589.wav,f4b54933b2dcc4f9039288f6c7299edb6aa3afaadef585f89645d2f31ce74061,source_curated,,,trusted iNaturalist research-grade community label
inaturalist,inat_373542862_2032590,other_insect,Leptosemia takanonis,其他鸣虫,insect,https://www.inaturalist.org/observations/373542862,https://static.inaturalist.org/sounds/2032590.wav?1781960218,CC-BY-NC,cc-by-nc,False,"(c) khola, some rights reserved (CC BY-NC)",research,2026-06-20,36.6428633846,117.0331335756,中国山东省济南市历下区,,inaturalist_observation_373542862,data\raw\inaturalist\other_insect\inat_373542862_2032590.wav,57744a0a9c66a2bb94e8f530228a86ea18eb6dca5eca69b96ecc7ef7fd0a23c4,source_curated,,,trusted iNaturalist research-grade community label
inaturalist,inat_375791380_2045055,other_insect,Leptosemia takanonis,其他鸣虫,insect,https://www.inaturalist.org/observations/375791380,https://static.inaturalist.org/sounds/2045055.m4a?1782559586,CC-BY-NC,cc-by-nc,False,"(c) 莲子, some rights reserved (CC BY-NC)",research,2026-06-27,36.5359025497,116.8326287988,中国山东省济南市长清区,,inaturalist_observation_375791380,data\raw\inaturalist\other_insect\inat_375791380_2045055.m4a,3dc2bc155857413470a39c3b4f3fd83b11879a6ca014bd010e29a9e31c994442,source_curated,,,trusted iNaturalist research-grade community label
inaturalist,inat_376054026_2046451,other_insect,Leptosemia takanonis,其他鸣虫,insect,https://www.inaturalist.org/observations/376054026,https://static.inaturalist.org/sounds/2046451.m4a?1782613901,CC-BY-NC,cc-by-nc,False,"(c) 冰绒绒绒, some rights reserved (CC BY-NC)",research,2026-06-28,37.300756,121.76199,山东省烟台市牟平区昆嵛镇滩上,,inaturalist_observation_376054026,data\raw\inaturalist\other_insect\inat_376054026_2046451.m4a,f6bcfe8ea51e89fedfeb3e2a402396dd0277119b42a0dc1c384465665a7093b2,source_curated,,,trusted iNaturalist research-grade community label
inaturalist,inat_376549696_2055733,other_insect,Streeyola mongolica,其他鸣虫,insect,https://www.inaturalist.org/observations/376549696,https://static.inaturalist.org/sounds/2055733.wav?1783143392,CC-BY-NC,cc-by-nc,False,"(c) campbellfmh, some rights reserved (CC BY-NC)",research,2026-06-29,31.38132,120.922593,"China, Su Zhou Shi, Kun Shan Shi, 前进路江浦路 邮政编码: 215399",,inaturalist_observation_376549696,data\raw\inaturalist\other_insect\inat_376549696_2055733.wav,72566e5157dd14ca4543b34395057507070ff743747daac864ca23df46d0a9d1,source_curated,,,trusted iNaturalist research-grade community label
inaturalist,inat_376549696_2055734,other_insect,Streeyola mongolica,其他鸣虫,insect,https://www.inaturalist.org/observations/376549696,https://static.inaturalist.org/sounds/2055734.wav?1783143398,CC-BY-NC,cc-by-nc,False,"(c) campbellfmh, some rights reserved (CC BY-NC)",research,2026-06-29,31.38132,120.922593,"China, Su Zhou Shi, Kun Shan Shi, 前进路江浦路 邮政编码: 215399",,inaturalist_observation_376549696,data\raw\inaturalist\other_insect\inat_376549696_2055734.wav,86f47e2cdfafe9dc8becf079e30e159b3bd9596078292306bc9d1d3a528f9b25,source_curated,,,trusted iNaturalist research-grade community label
inaturalist,inat_377149402_2051997,other_insect,Trombonia linearis,其他鸣虫,insect,https://www.inaturalist.org/observations/377149402,https://static.inaturalist.org/sounds/2051997.mp3?1782915631,CC-BY-NC,cc-by-nc,False,"(c) wresy, some rights reserved (CC BY-NC)",research,2026-06-27,26.054431,119.389249,"Fuzhou, CN-FJ, CN",,inaturalist_observation_377149402,data\raw\inaturalist\other_insect\inat_377149402_2051997.mp3,acdd1c7a6c9da58d8b88bdf9cc17ab419ae739fed352bd2bf5afa6b1698b8816,source_curated,,,trusted iNaturalist research-grade community label
inaturalist,inat_377149760_2052000,other_insect,Trombonia linearis,其他鸣虫,insect,https://www.inaturalist.org/observations/377149760,https://static.inaturalist.org/sounds/2052000.mp3?1782915707,CC-BY-NC,cc-by-nc,False,"(c) wresy, some rights reserved (CC BY-NC)",research,2026-06-27,26.0547389358,119.3881487846,"Fuzhou, CN-FJ, CN",,inaturalist_observation_377149760,data\raw\inaturalist\other_insect\inat_377149760_2052000.mp3,ce3614b2e3c6faad6fd3682d7ec3844136b88065f8f39687d45dda753e03d982,source_curated,,,trusted iNaturalist research-grade community label
inaturalist,inat_377628061_2054240,other_insect,Scieroptera formosana,其他鸣虫,insect,https://www.inaturalist.org/observations/377628061,https://static.inaturalist.org/sounds/2054240.m4a?1783050785,CC-BY-NC,cc-by-nc,False,"(c) zerteyua, some rights reserved (CC BY-NC)",research,2026-07-03,29.5482069673,120.8200263699,"嵊州市, 绍兴市, 浙江省, CN",,inaturalist_observation_377628061,data\raw\inaturalist\other_insect\inat_377628061_2054240.m4a,01c642fbd8c0529030e10134caed1d0c5d9329dee5802b6a5ea0966cad2cdc0d,source_curated,,,trusted iNaturalist research-grade community label
inaturalist,inat_377678557_2054390,other_insect,Planopleura kaempferi,其他鸣虫,insect,https://www.inaturalist.org/observations/377678557,https://static.inaturalist.org/sounds/2054390.m4a?1783069339,CC-BY-NC,cc-by-nc,False,"(c) zerteyua, some rights reserved (CC BY-NC)",research,2026-07-03,29.5488616667,120.8204716667,"西五线, 绍兴市, 浙江省, CN",,inaturalist_observation_377678557,data\raw\inaturalist\other_insect\inat_377678557_2054390.m4a,765e0ba88ac8dbd284920faa118067d1801dae643065d197d7d835c6a2cf9404,source_curated,,,trusted iNaturalist research-grade community label
inaturalist,inat_377955120_2055726,other_insect,Planopleura kaempferi,其他鸣虫,insect,https://www.inaturalist.org/observations/377955120,https://static.inaturalist.org/sounds/2055726.wav?1783143250,CC-BY-NC,cc-by-nc,False,"(c) campbellfmh, some rights reserved (CC BY-NC)",research,2026-06-29,31.388185,120.9226,"China, Su Zhou Shi, Kun Shan Shi, 市一中 邮政编码: 215399",,inaturalist_observation_377955120,data\raw\inaturalist\other_insect\inat_377955120_2055726.wav,ef6998193bbd589ab175268cb8be65bb92a30a85c408055b46f60dbae415846e,source_curated,,,trusted iNaturalist research-grade community label
inaturalist,inat_377955438_2055727,other_insect,Planopleura kaempferi,其他鸣虫,insect,https://www.inaturalist.org/observations/377955438,https://static.inaturalist.org/sounds/2055727.wav?1783143260,CC-BY-NC,cc-by-nc,False,"(c) campbellfmh, some rights reserved (CC BY-NC)",research,2026-07-02,31.388328,120.939547,"Kunshan, Suzhou, China, 215399",,inaturalist_observation_377955438,data\raw\inaturalist\other_insect\inat_377955438_2055727.wav,30edfe9607fd4cd0ab3c29d0d55dfe3be631cfac1eb1c9e18ff4bdb4bd23956f,source_curated,,,trusted iNaturalist research-grade community label
inaturalist,inat_377988209_2055884,other_insect,Vagitanus terminalis,其他鸣虫,insect,https://www.inaturalist.org/observations/377988209,https://static.inaturalist.org/sounds/2055884.mp3?1783156264,CC-BY-NC,cc-by-nc,False,"(c) yyawc, some rights reserved (CC BY-NC)",research,2026-07-04,30.662287,104.023174,四川省成都市青羊区草堂之春,,inaturalist_observation_377988209,data\raw\inaturalist\other_insect\inat_377988209_2055884.mp3,1862a16b9054edb11397a03005b03f2bacbf7b2f247e960159db0f8bea1ef333,source_curated,,,trusted iNaturalist research-grade community label
inaturalist,inat_378276392_2057505,other_insect,Leptosemia sakaii,其他鸣虫,insect,https://www.inaturalist.org/observations/378276392,https://static.inaturalist.org/sounds/2057505.m4a?1783230837,CC-BY-NC,cc-by-nc,False,"(c) zerteyua, some rights reserved (CC BY-NC)",research,2026-07-05,29.4909947884,120.9779849942,"新昌县, 绍兴市, 浙江省, CN",,inaturalist_observation_378276392,data\raw\inaturalist\other_insect\inat_378276392_2057505.m4a,299dc2e15d93c869303f13486fa0a4ef06c22b37a7071685ec54b8fdddd03353,source_curated,,,trusted iNaturalist research-grade community label
inaturalist,inat_378276392_2057506,other_insect,Leptosemia sakaii,其他鸣虫,insect,https://www.inaturalist.org/observations/378276392,https://static.inaturalist.org/sounds/2057506.m4a?1783230895,CC-BY-NC,cc-by-nc,False,"(c) zerteyua, some rights reserved (CC BY-NC)",research,2026-07-05,29.4909947884,120.9779849942,"新昌县, 绍兴市, 浙江省, CN",,inaturalist_observation_378276392,data\raw\inaturalist\other_insect\inat_378276392_2057506.m4a,750332ce455c91571b6d3cee9150a0e5487872e5f3a7f25727a006a223b0d7cb,source_curated,,,trusted iNaturalist research-grade community label
inaturalist,inat_378282971_2057368,other_insect,Planopleura kaempferi,其他鸣虫,insect,https://www.inaturalist.org/observations/378282971,https://static.inaturalist.org/sounds/2057368.wav?1783224917,CC-BY-NC,cc-by-nc,False,"(c) 蒋聪怡, some rights reserved (CC BY-NC)",research,2026-07-02,30.5356519948,120.9786440805,"Jiaxing, CN-ZJ, CN",,inaturalist_observation_378282971,data\raw\inaturalist\other_insect\inat_378282971_2057368.wav,eba262548419398698f7faa627e1faf29ffad99cb0394c6546ad1954ddcfe4e4,source_curated,,,trusted iNaturalist research-grade community label
inaturalist,inat_378283108_2057370,other_insect,Streeyola mongolica,其他鸣虫,insect,https://www.inaturalist.org/observations/378283108,https://static.inaturalist.org/sounds/2057370.mp3?1783224956,CC-BY-NC,cc-by-nc,False,"(c) 蒋聪怡, some rights reserved (CC BY-NC)",research,2026-07-02,30.5356078118,120.9786648676,"Jiaxing, CN-ZJ, CN",,inaturalist_observation_378283108,data\raw\inaturalist\other_insect\inat_378283108_2057370.mp3,cf5f695366944ee872ee0c8d02f1c245e137d5c0cbecda4e7b23b8a163f6e2c1,source_curated,,,trusted iNaturalist research-grade community label
inaturalist,inat_378297281_2057499,other_insect,Scieroptera formosana,其他鸣虫,insect,https://www.inaturalist.org/observations/378297281,https://static.inaturalist.org/sounds/2057499.wav?1783230624,CC-BY-NC,cc-by-nc,False,"(c) 蝉之风韵, some rights reserved (CC BY-NC)",research,2026-07-05,32.0265905,118.90861,"Nanjing, CN-JS, CN",,inaturalist_observation_378297281,data\raw\inaturalist\other_insect\inat_378297281_2057499.wav,7443c10a07cb5a2ac74d1da2359fa6f4d794be6494b35a98e1bc39691573d2a7,source_curated,,,trusted iNaturalist research-grade community label
inaturalist,inat_378326432_2057640,other_insect,Euterpnosia sinensis sinensis,其他鸣虫,insect,https://www.inaturalist.org/observations/378326432,https://static.inaturalist.org/sounds/2057640.m4a?1783241193,CC-BY-NC,cc-by-nc,False,"(c) zerteyua, some rights reserved (CC BY-NC)",research,2026-07-05,29.4905965962,120.9777757992,"新昌县, 绍兴市, 浙江省, CN",,inaturalist_observation_378326432,data\raw\inaturalist\other_insect\inat_378326432_2057640.m4a,fe5833427085eb04538743910a5c3809c2683c186588b325f64bf72f25de0ed9,source_curated,,,trusted iNaturalist research-grade community label
inaturalist,inat_379323580_2062258,other_insect,Scieroptera formosana,其他鸣虫,insect,https://www.inaturalist.org/observations/379323580,https://static.inaturalist.org/sounds/2062258.m4a?1783502625,CC-BY-NC,cc-by-nc,False,"(c) zerteyua, some rights reserved (CC BY-NC)",research,2026-07-08,29.5480139478,120.8199841769,"嵊州市, 绍兴市, 浙江省, CN",,inaturalist_observation_379323580,data\raw\inaturalist\other_insect\inat_379323580_2062258.m4a,2e00f91092913114db77956189b311c68bdb9a50eeb26991c2cb963ce31418b4,source_curated,,,trusted iNaturalist research-grade community label
inaturalist,inat_379616227_2063566,other_insect,Leptosemia huasipana,其他鸣虫,insect,https://www.inaturalist.org/observations/379616227,https://static.inaturalist.org/sounds/2063566.mp3?1783580741,CC-BY-NC,cc-by-nc,False,"(c) yyawc, some rights reserved (CC BY-NC)",research,2026-07-09,30.554814,104.281117,四川省成都市龙泉驿区龙泉驿区天府桃园片区,,inaturalist_observation_379616227,data\raw\inaturalist\other_insect\inat_379616227_2063566.mp3,d25a80f3a79889e96d8747ebe35bb7789e4e5b41d11c5df8d20e7348ceb7f2c3,source_curated,,,trusted iNaturalist research-grade community label
inaturalist,inat_379699210_2063949,other_insect,Vagitanus terminalis,其他鸣虫,insect,https://www.inaturalist.org/observations/379699210,https://static.inaturalist.org/sounds/2063949.m4a?1783608509,CC-BY-NC,cc-by-nc,False,"(c) 秦硕, some rights reserved (CC BY-NC)",research,2026-07-09,30.6678551383,104.0201463564,"Chengdu, CN-SC, CN",,inaturalist_observation_379699210,,,source_curated,,,download_failed:URLError
inaturalist,inat_380206213_2066478,other_insect,Planopleura kaempferi,其他鸣虫,insect,https://www.inaturalist.org/observations/380206213,https://static.inaturalist.org/sounds/2066478.mp3?1783742439,CC-BY-NC,cc-by-nc,False,"(c) wresy, some rights reserved (CC BY-NC)",research,2026-07-01,26.0896879722,119.3916329722,"Fuzhou, CN-FJ, CN",,inaturalist_observation_380206213,data\raw\inaturalist\other_insect\inat_380206213_2066478.mp3,0e7a6c173ff5775534d1f4729555ff4428aae51084f2bcb35a55011b318bb79b,duplicate,,,duplicate_of:inat_380206265_2066479
inaturalist,inat_380206265_2066479,other_insect,Vagitanus terminalis,其他鸣虫,insect,https://www.inaturalist.org/observations/380206265,https://static.inaturalist.org/sounds/2066479.mp3?1783742448,CC-BY-NC,cc-by-nc,False,"(c) wresy, some rights reserved (CC BY-NC)",research,2026-07-01,26.0909779722,119.3917409722,"Fuzhou, CN-FJ, CN",,inaturalist_observation_380206265,data\raw\inaturalist\other_insect\inat_380206265_2066479.mp3,0e7a6c173ff5775534d1f4729555ff4428aae51084f2bcb35a55011b318bb79b,source_curated,,,trusted iNaturalist research-grade community label
inaturalist,inat_380220670_2066564,other_insect,Platylomia strongata,其他鸣虫,insect,https://www.inaturalist.org/observations/380220670,https://static.inaturalist.org/sounds/2066564.m4a?1783748421,CC-BY-NC,cc-by-nc,False,"(c) Stargazer, some rights reserved (CC BY-NC)",research,2026-07-11,25.1976637223,115.7835959839,"汉仙岩风景名胜区, 赣州市, 江西省, CN",,inaturalist_observation_380220670,,,source_curated,,,download_failed:URLError
inaturalist,inat_380220679_2066565,other_insect,Platylomia strongata,其他鸣虫,insect,https://www.inaturalist.org/observations/380220679,https://static.inaturalist.org/sounds/2066565.m4a?1783748425,CC-BY-NC,cc-by-nc,False,"(c) Stargazer, some rights reserved (CC BY-NC)",research,2026-07-11,25.1957630323,115.7844732176,"汉仙岩风景名胜区, 赣州市, 江西省, CN",,inaturalist_observation_380220679,,,source_curated,,,download_failed:URLError
inaturalist,inat_380263826_2066750,other_insect,Tanna abdominalis,其他鸣虫,insect,https://www.inaturalist.org/observations/380263826,https://static.inaturalist.org/sounds/2066750.mp3?1783764882,CC-BY-NC,cc-by-nc,False,"(c) yyawc, some rights reserved (CC BY-NC)",research,2026-07-11,29.5840633333,103.2853166667,四川省乐山市峨眉山市黄湾镇峨眉山半山渡民宿(零公里店),,inaturalist_observation_380263826,,,source_curated,,,download_failed:URLError
inaturalist,inat_380579624_2068285,other_insect,Auritibicen nani,其他鸣虫,insect,https://www.inaturalist.org/observations/380579624,https://static.inaturalist.org/sounds/2068285.mp3?1783837238,CC-BY-NC,cc-by-nc,False,"(c) yyawc, some rights reserved (CC BY-NC)",research,2026-07-12,29.583722,103.286814,四川省乐山市峨眉山市黄湾镇峨眉山鑫和酒店(峨眉山景区零公里店),,inaturalist_observation_380579624,data\raw\inaturalist\other_insect\inat_380579624_2068285.mp3,1efc6d2d117a8e5dd38b6aa3442a2dc5ad29f85f08464ae7b18df4777a06097b,source_curated,,,trusted iNaturalist research-grade community label
inaturalist,inat_380584002_2068321,other_insect,Auritibicen nani,其他鸣虫,insect,https://www.inaturalist.org/observations/380584002,https://static.inaturalist.org/sounds/2068321.mp3?1783839080,CC-BY-NC,cc-by-nc,False,"(c) yyawc, some rights reserved (CC BY-NC)",research,2026-07-12,29.5840466667,103.2867366667,四川省乐山市峨眉山市黄湾镇峨眉山鑫和酒店(峨眉山景区零公里店),,inaturalist_observation_380584002,data\raw\inaturalist\other_insect\inat_380584002_2068321.mp3,a99d4f8a7b3ce671b89fb016ebd6754432d246c0f157abe844782a8be2c7734c,source_curated,,,trusted iNaturalist research-grade community label
inaturalist,inat_380588321_2068342,other_insect,Semia klapperichi,其他鸣虫,insect,https://www.inaturalist.org/observations/380588321,https://static.inaturalist.org/sounds/2068342.mp3?1783840838,CC-BY-NC,cc-by-nc,False,"(c) yyawc, some rights reserved (CC BY-NC)",research,2026-07-12,29.5871816667,103.2834433333,四川省乐山市峨眉山市黄湾镇峨眉山圣地山庄(峨眉山景区零公里店),,inaturalist_observation_380588321,data\raw\inaturalist\other_insect\inat_380588321_2068342.mp3,5cfa7526e8a3fa26f1a37bae72391171d4502f2892d5324622a43a55e1efa3af,source_curated,,,trusted iNaturalist research-grade community label
inaturalist,inat_380622939_2068571,other_insect,Tanna abdominalis,其他鸣虫,insect,https://www.inaturalist.org/observations/380622939,https://static.inaturalist.org/sounds/2068571.mp3?1783853646,CC-BY-NC,cc-by-nc,False,"(c) yyawc, some rights reserved (CC BY-NC)",research,2026-07-12,29.583778,103.28677,四川省乐山市峨眉山市黄湾镇峨眉山鑫和酒店(峨眉山景区零公里店),,inaturalist_observation_380622939,data\raw\inaturalist\other_insect\inat_380622939_2068571.mp3,2baad3251fc7034d5b5e3e7518ad272d52287ee815db187651e86c476e53dbd9,source_curated,,,trusted iNaturalist research-grade community label
inaturalist,inat_380625057_2068589,other_insect,Abroma bengalensis,其他鸣虫,insect,https://www.inaturalist.org/observations/380625057,https://static.inaturalist.org/sounds/2068589.mp3?1783854321,CC-BY-NC,cc-by-nc,False,"(c) yyawc, some rights reserved (CC BY-NC)",research,2026-07-12,29.584085,103.286735,四川省乐山市峨眉山市黄湾镇峨眉山鑫和酒店(峨眉山景区零公里店),,inaturalist_observation_380625057,data\raw\inaturalist\other_insect\inat_380625057_2068589.mp3,bd5ef665a2fc8f421c5d9db79e9f695e855231cd35c09b78ebf925eca89e5876,source_curated,,,trusted iNaturalist research-grade community label
inaturalist,inat_380626077_2068592,other_insect,Abroma bengalensis,其他鸣虫,insect,https://www.inaturalist.org/observations/380626077,https://static.inaturalist.org/sounds/2068592.mp3?1783854634,CC-BY-NC,cc-by-nc,False,"(c) yyawc, some rights reserved (CC BY-NC)",research,2026-07-12,29.583865,103.2863333333,四川省乐山市峨眉山市黄湾镇峨眉山鑫和酒店(峨眉山景区零公里店),,inaturalist_observation_380626077,data\raw\inaturalist\other_insect\inat_380626077_2068592.mp3,2176babb5ac8e56427f7f5bdbabacd2197312aaadd02e587428eba45c03ff704,source_curated,,,trusted iNaturalist research-grade community label
inaturalist,inat_380640500_2068649,other_insect,Macrosemia pieli,其他鸣虫,insect,https://www.inaturalist.org/observations/380640500,https://static.inaturalist.org/sounds/2068649.mp3?1783858722,CC-BY-NC,cc-by-nc,False,"(c) yyawc, some rights reserved (CC BY-NC)",research,2026-07-12,29.583691,103.286842,四川省乐山市峨眉山市黄湾镇峨眉山鑫和酒店(峨眉山景区零公里店),,inaturalist_observation_380640500,data\raw\inaturalist\other_insect\inat_380640500_2068649.mp3,41b2731aea6f2859a9b40eea1ff071b5a929b0fe55b6ed61a540a3f038ff8303,source_curated,,,trusted iNaturalist research-grade community label
inaturalist,inat_380642537_2068660,other_insect,Tanna abdominalis,其他鸣虫,insect,https://www.inaturalist.org/observations/380642537,https://static.inaturalist.org/sounds/2068660.mp3?1783859213,CC-BY-NC,cc-by-nc,False,"(c) yyawc, some rights reserved (CC BY-NC)",research,2026-07-12,29.583721,103.286818,四川省乐山市峨眉山市黄湾镇峨眉山鑫和酒店(峨眉山景区零公里店),,inaturalist_observation_380642537,data\raw\inaturalist\other_insect\inat_380642537_2068660.mp3,b679de552872922de25b628c3f0c3d5a6ad666b8aeabbd06456ab0c15f5ee1db,source_curated,,,trusted iNaturalist research-grade community label
inaturalist,inat_380887848_2069827,other_insect,Auritibicen nani,其他鸣虫,insect,https://www.inaturalist.org/observations/380887848,https://static.inaturalist.org/sounds/2069827.mp3?1783904375,CC-BY-NC,cc-by-nc,False,"(c) yyawc, some rights reserved (CC BY-NC)",research,2026-07-13,29.583755,103.286797,四川省乐山市峨眉山市黄湾镇峨眉山鑫和酒店(峨眉山景区零公里店),,inaturalist_observation_380887848,data\raw\inaturalist\other_insect\inat_380887848_2069827.mp3,528f4f8e231ca9cb2706a8dec003811bdd3a302c5e4f0fba739de93576871ddc,source_curated,,,trusted iNaturalist research-grade community label
inaturalist,inat_380890234_2069834,other_insect,Auritibicen nani,其他鸣虫,insect,https://www.inaturalist.org/observations/380890234,https://static.inaturalist.org/sounds/2069834.mp3?1783904907,CC-BY-NC,cc-by-nc,False,"(c) yyawc, some rights reserved (CC BY-NC)",research,2026-07-13,29.583867,103.28671,四川省乐山市峨眉山市黄湾镇峨眉山鑫和酒店(峨眉山景区零公里店),,inaturalist_observation_380890234,data\raw\inaturalist\other_insect\inat_380890234_2069834.mp3,12e918572bd918095ab6fd4053c10f68bda5122a04bb274bd312ea3ef64d95e1,source_curated,,,trusted iNaturalist research-grade community label
inaturalist,inat_380890837_2069837,other_insect,Semia klapperichi,其他鸣虫,insect,https://www.inaturalist.org/observations/380890837,https://static.inaturalist.org/sounds/2069837.mp3?1783905022,CC-BY-NC,cc-by-nc,False,"(c) yyawc, some rights reserved (CC BY-NC)",research,2026-07-13,29.583837,103.286715,四川省乐山市峨眉山市黄湾镇峨眉山鑫和酒店(峨眉山景区零公里店),,inaturalist_observation_380890837,data\raw\inaturalist\other_insect\inat_380890837_2069837.mp3,2a944330ae038f844475cf18de0c04f35782a9f258688380fcb5c536b6ac2684,source_curated,,,trusted iNaturalist research-grade community label
inaturalist,inat_380898008_2069874,other_insect,Semia klapperichi,其他鸣虫,insect,https://www.inaturalist.org/observations/380898008,https://static.inaturalist.org/sounds/2069874.mp3?1783906727,CC-BY-NC,cc-by-nc,False,"(c) yyawc, some rights reserved (CC BY-NC)",research,2026-07-13,29.606833,103.267609,四川省眉山市洪雅县七里坪镇诚远轮胎,,inaturalist_observation_380898008,data\raw\inaturalist\other_insect\inat_380898008_2069874.mp3,8c81cccfc6865d7ed429eb3e6927119183ea66586a0957b079a66a135f67b698,source_curated,,,trusted iNaturalist research-grade community label
inaturalist,inat_380954544_2070164,other_insect,Trombonia linearis,其他鸣虫,insect,https://www.inaturalist.org/observations/380954544,https://static.inaturalist.org/sounds/2070164.mp3?1783924634,CC-BY-NC,cc-by-nc,False,"(c) wresy, some rights reserved (CC BY-NC)",research,2026-07-01,26.0895634403,119.4002147019,"Fuzhou, CN-FJ, CN",,inaturalist_observation_380954544,data\raw\inaturalist\other_insect\inat_380954544_2070164.mp3,6ef190e5f7df56993bc3a86e5f5ef42ebd60a71cc98090ddbf7666e3c9e46b48,source_curated,,,trusted iNaturalist research-grade community label
inaturalist,inat_381096423_2070854,other_insect,Hyalessa maculaticollis,其他鸣虫,insect,https://www.inaturalist.org/observations/381096423,https://static.inaturalist.org/sounds/2070854.m4a?1783962711,CC-BY-NC,cc-by-nc,False,"(c) 莲子, some rights reserved (CC BY-NC)",research,2026-07-13,36.5409549985,116.8284386553,"Jinan, CN-SD, CN",,inaturalist_observation_381096423,data\raw\inaturalist\other_insect\inat_381096423_2070854.m4a,ea2abf5cecde0dc3ed04da84d8dad055cbb31c4a4a310139de18213a6c52492f,source_curated,,,trusted iNaturalist research-grade community label
inaturalist,inat_381321342_2071729,other_insect,Yezoterpnosia fuscoapicalis,其他鸣虫,insect,https://www.inaturalist.org/observations/381321342,https://static.inaturalist.org/sounds/2071729.mp3?1784022916,CC-BY-NC,cc-by-nc,False,"(c) yyawc, some rights reserved (CC BY-NC)",research,2026-07-14,30.08139,103.053085,四川省雅安市名山区蒙顶山镇雅安芸芮山庄,,inaturalist_observation_381321342,data\raw\inaturalist\other_insect\inat_381321342_2071729.mp3,aa756f310d1ad5c242eaab5594b599718d3ec3ce41c88759e436aa2a8d667aad,source_curated,,,trusted iNaturalist research-grade community label
inaturalist,inat_381567418_2072823,other_insect,Cryptotympana holsti,其他鸣虫,insect,https://www.inaturalist.org/observations/381567418,https://static.inaturalist.org/sounds/2072823.mp3?1784084777,CC-BY-NC,cc-by-nc,False,"(c) yyawc, some rights reserved (CC BY-NC)",research,2026-07-15,30.079109,103.045074,四川省雅安市名山区蒙顶山镇雅安花鹿池胡家院(二店)蒙顶山,,inaturalist_observation_381567418,data\raw\inaturalist\other_insect\inat_381567418_2072823.mp3,71d1084a7acb7cd757ea35bc42227222e06d44b4b29bd5083e48456d19e6b787,source_curated,,,trusted iNaturalist research-grade community label
inaturalist,inat_381579600_2072891,other_insect,Yezoterpnosia fuscoapicalis,其他鸣虫,insect,https://www.inaturalist.org/observations/381579600,https://static.inaturalist.org/sounds/2072891.mp3?1784088779,CC-BY-NC,cc-by-nc,False,"(c) yyawc, some rights reserved (CC BY-NC)",research,2026-07-15,30.079036,103.048619,四川省雅安市名山区蒙顶山镇雅安芸芮山庄天盖寺,,inaturalist_observation_381579600,data\raw\inaturalist\other_insect\inat_381579600_2072891.mp3,c7663544d7c18a4e5ec2c0125cd6af6cb35bbb520ac0e79758df4dd96fc0dbdd,source_curated,,,trusted iNaturalist research-grade community label
inaturalist,inat_381889002_2074225,other_insect,Planopleura kaempferi,其他鸣虫,insect,https://www.inaturalist.org/observations/381889002,https://static.inaturalist.org/sounds/2074225.m4a?1784177154,CC-BY-NC,cc-by-nc,False,"(c) 哈基人, some rights reserved (CC BY-NC)",research,2026-07-16,31.4328490085,121.5301130041,"Shanghai, Shanghai, CN",,inaturalist_observation_381889002,data\raw\inaturalist\other_insect\inat_381889002_2074225.m4a,0a64e3595bbb996eba384b36a7091e598d01cbd3bc5c6705503f08cc569e81eb,source_curated,,,trusted iNaturalist research-grade community label
inaturalist,inat_381890218_2074233,other_insect,Planopleura kaempferi,其他鸣虫,insect,https://www.inaturalist.org/observations/381890218,https://static.inaturalist.org/sounds/2074233.m4a?1784177568,CC-BY-NC,cc-by-nc,False,"(c) 哈基人, some rights reserved (CC BY-NC)",research,2026-07-09,31.300338154,121.554236686,"Shanghai, Shanghai, CN",,inaturalist_observation_381890218,,,source_curated,,,download_failed:URLError
inaturalist,inat_381904463_2074302,other_insect,Tanna abdominalis,其他鸣虫,insect,https://www.inaturalist.org/observations/381904463,https://static.inaturalist.org/sounds/2074302.m4a?1784183636,CC-BY-NC,cc-by-nc,False,"(c) 李博恒, some rights reserved (CC BY-NC)",research,2026-07-16,30.2859254515,119.4249629903,"Zhejiang, CN",,inaturalist_observation_381904463,data\raw\inaturalist\other_insect\inat_381904463_2074302.m4a,93c00f8d884604510194f7dfe72fc48b49b0aa18cf17c5aa8f8db9ea74ce4ff8,source_curated,,,trusted iNaturalist research-grade community label
inaturalist,inat_381908686_2074334,other_insect,Trombonia linearis,其他鸣虫,insect,https://www.inaturalist.org/observations/381908686,https://static.inaturalist.org/sounds/2074334.m4a?1784185709,CC-BY-NC,cc-by-nc,False,"(c) 李博恒, some rights reserved (CC BY-NC)",research,2026-07-16,30.3132932311,119.4094054685,"Zhejiang, CN",,inaturalist_observation_381908686,data\raw\inaturalist\other_insect\inat_381908686_2074334.m4a,55441b7cf5f31ec6eb4cfa3df687aad8a1c9b7d9cf12a407fa5bd428dc7443da,source_curated,,,trusted iNaturalist research-grade community label
inaturalist,inat_381928891_2074435,other_insect,Planopleura kaempferi,其他鸣虫,insect,https://www.inaturalist.org/observations/381928891,https://static.inaturalist.org/sounds/2074435.mp3?1784194588,CC-BY-NC,cc-by-nc,False,"(c) longa, some rights reserved (CC BY-NC)",research,2026-07-15,25.57476,103.8121866667,"Qujing, CN-YN, CN",,inaturalist_observation_381928891,data\raw\inaturalist\other_insect\inat_381928891_2074435.mp3,79d3b30ebefb00c4986d4d2e5038b92a23df3eb1e6d08ffba4d8bf70bddc4e5e,source_curated,,,trusted iNaturalist research-grade community label
inaturalist,inat_381939047_2074502,other_insect,Chremistica ochracea,其他鸣虫,insect,https://www.inaturalist.org/observations/381939047,https://static.inaturalist.org/sounds/2074502.mp3?1784198985,CC-BY-NC,cc-by-nc,False,"(c) yyawc, some rights reserved (CC BY-NC)",research,2026-07-15,30.660423,104.025091,四川省成都市青羊区金林半岛(草堂巷),,inaturalist_observation_381939047,data\raw\inaturalist\other_insect\inat_381939047_2074502.mp3,74d921f5cbd44da2cddc1f2bd30e7fc47ddb28d1a589524cfa8fbee9b2677d1a,source_curated,,,trusted iNaturalist research-grade community label
inaturalist,inat_382332210_2076147,other_insect,Formocicada taiwana,其他鸣虫,insect,https://www.inaturalist.org/observations/382332210,https://static.inaturalist.org/sounds/2076147.wav?1784308881,CC-BY-NC,cc-by-nc,False,"(c) ZF VT, some rights reserved (CC BY-NC)",research,2026-07-16,25.2949618878,116.8815341152,中国福建省龙岩市上杭县,,inaturalist_observation_382332210,data\raw\inaturalist\other_insect\inat_382332210_2076147.wav,015b612c0c0d8fb1605d73e7ab0800e46e5ecaedaf932c5d99d8fe52555c23c8,source_curated,,,trusted iNaturalist research-grade community label
inaturalist,inat_382439135_2076509,other_insect,Hyalessa maculaticollis,其他鸣虫,insect,https://www.inaturalist.org/observations/382439135,https://static.inaturalist.org/sounds/2076509.m4a?1784334917,CC-BY-NC,cc-by-nc,False,"(c) Mike Yan, some rights reserved (CC BY-NC)",research,2026-07-18,40.6816461754,117.2328476086,"Beijing, CN",,inaturalist_observation_382439135,data\raw\inaturalist\other_insect\inat_382439135_2076509.m4a,f16a49e2987d3fdd8e40a9496e9aeeba17e9289c608ee0532125ccd822b46cff,source_curated,,,trusted iNaturalist research-grade community label
inaturalist,inat_382817619_2078193,other_insect,Hyalessa maculaticollis,其他鸣虫,insect,https://www.inaturalist.org/observations/382817619,https://static.inaturalist.org/sounds/2078193.mp3?1784433047,CC-BY-NC,cc-by-nc,False,"(c) yyawc, some rights reserved (CC BY-NC)",research,2026-07-19,30.924765,103.4876916667,"Ngawa Tibetan and Qiang, CN-SC, CN",,inaturalist_observation_382817619,data\raw\inaturalist\other_insect\inat_382817619_2078193.mp3,fc16c1fbd7522dd34b93b341adda08507fa0aaa86537b72da009c7884dac31f6,source_curated,,,trusted iNaturalist research-grade community label
inaturalist,inat_382833767_2078279,other_insect,Streeyola mongolica,其他鸣虫,insect,https://www.inaturalist.org/observations/382833767,https://static.inaturalist.org/sounds/2078279.m4a?1784438422,CC-BY-NC,cc-by-nc,False,"(c) 哈基人, some rights reserved (CC BY-NC)",research,2026-07-19,31.6614864359,121.5946557222,"Shanghai, Shanghai, CN",,inaturalist_observation_382833767,data\raw\inaturalist\other_insect\inat_382833767_2078279.m4a,232dceb3ffc3a16b850ea65e8ab4e302421ced3d294fd6ad28b5ad5f72c3501f,source_curated,,,trusted iNaturalist research-grade community label
inaturalist,inat_382912985_2078644,other_insect,Tettigetta chaharensis,其他鸣虫,insect,https://www.inaturalist.org/observations/382912985,https://static.inaturalist.org/sounds/2078644.m4a?1784464850,CC-BY-NC,cc-by-nc,False,"(c) Kevin, some rights reserved (CC BY-NC)",research,2026-07-19,40.2801743287,116.1526117846,北京市昌平区南口镇虎峪自然风景区,,inaturalist_observation_382912985,data\raw\inaturalist\other_insect\inat_382912985_2078644.m4a,9c186ac73d598d2b4876bf8963cb6c00b8222f91aff1f112ed27bae0db3cc9d5,source_curated,,,trusted iNaturalist research-grade community label
inaturalist,inat_382956714_2078800,other_insect,Streeyola mongolica,其他鸣虫,insect,https://www.inaturalist.org/observations/382956714,https://static.inaturalist.org/sounds/2078800.m4a?1784473447,CC-BY-NC,cc-by-nc,False,"(c) xqxd, some rights reserved (CC BY-NC)",research,2026-07-19,31.1095423721,121.2327427991,中国上海市松江区,,inaturalist_observation_382956714,data\raw\inaturalist\other_insect\inat_382956714_2078800.m4a,73d132e8350020e11f8ac26e20e86fe8f26a9b6678e13ffeaf109348ba1eca76,source_curated,,,trusted iNaturalist research-grade community label
inaturalist,inat_383239210_2079852,other_insect,Tanna abdominalis,其他鸣虫,insect,https://www.inaturalist.org/observations/383239210,https://static.inaturalist.org/sounds/2079852.m4a?1784539289,CC-BY-NC-SA,cc-by-nc-sa,False,"(c) Matt Rempel, some rights reserved (CC BY-NC-SA)",research,2026-07-20,29.5647087667,103.2559962943,"H784+FMH, Hongya County, Meishan, Sichuan, China, 620365",,inaturalist_observation_383239210,data\raw\inaturalist\other_insect\inat_383239210_2079852.m4a,cb33f7ef55236e0e5186b2764d2b7d1be103f6b094c91edfa365231a8f178223,source_curated,,,trusted iNaturalist research-grade community label
inaturalist,inat_383544540_2081297,other_insect,Sinfonia opalifera,其他鸣虫,insect,https://www.inaturalist.org/observations/383544540,https://static.inaturalist.org/sounds/2081297.m4a?1784617490,CC-BY-NC,cc-by-nc,False,"(c) zerteyua, some rights reserved (CC BY-NC)",research,2026-07-21,29.5460154727,120.8195060799,"绿城云庐, 绍兴市, 浙江省, CN",,inaturalist_observation_383544540,data\raw\inaturalist\other_insect\inat_383544540_2081297.m4a,bff349e190714cbe91b73c0435546ac4541c1c6e18b778b1aca4335059577fba,source_curated,,,trusted iNaturalist research-grade community label
inaturalist,inat_384180158_2084100,other_insect,Macrosemia pieli,其他鸣虫,insect,https://www.inaturalist.org/observations/384180158,https://static.inaturalist.org/sounds/2084100.wav?1784792925,CC-BY-NC,cc-by-nc,False,"(c) orientalstork, some rights reserved (CC BY-NC)",research,2026-07-23,25.9835700424,108.6244533956,中国 贵州省黔东南苗族侗族自治州榕江县 栽麻镇归柳村,,inaturalist_observation_384180158,data\raw\inaturalist\other_insect\inat_384180158_2084100.wav,78b7bf43bbea73fa6a86c1b02b2f785fab61df36f7e1a93950c78119627d1e96,source_curated,,,trusted iNaturalist research-grade community label
inaturalist,inat_384538432_2085611,other_insect,Streeyola mongolica,其他鸣虫,insect,https://www.inaturalist.org/observations/384538432,https://static.inaturalist.org/sounds/2085611.m4a?1784898298,CC-BY-NC,cc-by-nc,False,"(c) Baixun Xun, some rights reserved (CC BY-NC)",research,2026-07-24,36.06347217,120.33540619,"Qingdao, CN-SD, CN",,inaturalist_observation_384538432,data\raw\inaturalist\other_insect\inat_384538432_2085611.m4a,f0be66ca7fc5067d34a8ce734c3794f104753e49ed4f4ae4c58cdf3b04f6e101,source_curated,,,trusted iNaturalist research-grade community label
inaturalist,inat_384813970_2086847,other_insect,Streeyola mongolica,其他鸣虫,insect,https://www.inaturalist.org/observations/384813970,https://static.inaturalist.org/sounds/2086847.m4a?1784965734,CC-BY-NC,cc-by-nc,False,"(c) 哈基人, some rights reserved (CC BY-NC)",research,2026-07-25,31.395451,121.482722,中国 上海市宝山区 淞宝,,inaturalist_observation_384813970,data\raw\inaturalist\other_insect\inat_384813970_2086847.m4a,0f716fec1e090723f7a2091e0fa8798529e3f04bc280c8838c74026a984de2f0,source_curated,,,trusted iNaturalist research-grade community label
inaturalist,inat_385241713_2089443,other_insect,Sinfonia opalifera,其他鸣虫,insect,https://www.inaturalist.org/observations/385241713,https://static.inaturalist.org/sounds/2089443.mp3?1785070839,CC-BY-NC,cc-by-nc,False,"(c) wresy, some rights reserved (CC BY-NC)",research,2026-07-03,26.1194319486,119.1003102064,"Fuzhou, CN-FJ, CN",,inaturalist_observation_385241713,data\raw\inaturalist\other_insect\inat_385241713_2089443.mp3,5a063800723eeb7817523fe532629f52aeec77080c425412206bb138a66e5634,source_curated,,,trusted iNaturalist research-grade community label
inaturalist,inat_385925730_2092124,other_insect,Streeyola mongolica,其他鸣虫,insect,https://www.inaturalist.org/observations/385925730,https://static.inaturalist.org/sounds/2092124.m4a?1785239542,CC-BY-NC,cc-by-nc,False,(c) Heran Wang，保留部分权利（CC BY-NC）,research,2026-07-28,39.9586024835,116.3936999908,"Beijing, Beijing, CN",,inaturalist_observation_385925730,data\raw\inaturalist\other_insect\inat_385925730_2092124.m4a,e2e4690997b631fb57328f6228696a6a556014ea1b6381083ce31d524ac3c7dd,source_curated,,,trusted iNaturalist research-grade community label
inaturalist,inat_387141435_2097928,other_insect,Macrosemia pieli,其他鸣虫,insect,https://www.inaturalist.org/observations/387141435,https://static.inaturalist.org/sounds/2097928.wav?1785581294,CC-BY-NC,cc-by-nc,False,"(c) 蒋聪怡, some rights reserved (CC BY-NC)",research,2026-07-30,27.8867510844,119.1912689433,中国 浙江省丽水市龙泉市 龙南乡龙泉山景区-黄茅尖景区,,inaturalist_observation_387141435,data\raw\inaturalist\other_insect\inat_387141435_2097928.wav,052605e09c50a479782ff499d0079a1380463a157afca8a5649332a96e4070fb,source_curated,,,trusted iNaturalist research-grade community label
inaturalist,inat_387141771_2097931,other_insect,Auritibicen aethus,其他鸣虫,insect,https://www.inaturalist.org/observations/387141771,https://static.inaturalist.org/sounds/2097931.wav?1785581436,CC-BY-NC,cc-by-nc,False,"(c) 蒋聪怡, some rights reserved (CC BY-NC)",research,2026-07-30,27.8979599286,119.1596899554,中国 浙江省丽水市龙泉市 屏南镇凤阳山龙泉山景区,,inaturalist_observation_387141771,data\raw\inaturalist\other_insect\inat_387141771_2097931.wav,58e94af6879ba5a919b6fee1860e238d810a0548cfeab0a0f1d28c741af71559,source_curated,,,trusted iNaturalist research-grade community label
inaturalist,inat_387141897_2097932,other_insect,Kosemia mogannia,其他鸣虫,insect,https://www.inaturalist.org/observations/387141897,https://static.inaturalist.org/sounds/2097932.mp3?1785581499,CC-BY-NC,cc-by-nc,False,(c) 蒋聪怡，保留部分权利（CC BY-NC）,research,2026-07-30,27.8979599286,119.1596899554,中国 浙江省丽水市龙泉市 屏南镇凤阳山龙泉山景区,,inaturalist_observation_387141897,data\raw\inaturalist\other_insect\inat_387141897_2097932.mp3,554b4e317af9fb9e702e1ccd9543f47ec28589f04e8afdc7f721c78ce398b3bc,source_curated,,,trusted iNaturalist research-grade community label
inaturalist,inat_387142080_2097933,other_insect,Tanna abdominalis,其他鸣虫,insect,https://www.inaturalist.org/observations/387142080,https://static.inaturalist.org/sounds/2097933.wav?1785581567,CC-BY-NC,cc-by-nc,False,"(c) 蒋聪怡, some rights reserved (CC BY-NC)",research,2026-07-29,27.8979599286,119.1596899554,中国 浙江省丽水市龙泉市 屏南镇凤阳山龙泉山景区,,inaturalist_observation_387142080,data\raw\inaturalist\other_insect\inat_387142080_2097933.wav,f754d5fd31bccf12e91bb87ad358f06def67b231a8400229e6300b6ac25c6c7e,source_curated,,,trusted iNaturalist research-grade community label
inaturalist,inat_387486986_2100256,other_insect,Macrosemia pieli,其他鸣虫,insect,https://www.inaturalist.org/observations/387486986,https://static.inaturalist.org/sounds/2100256.m4a?1785668148,CC-BY-NC,cc-by-nc,False,"(c) chen_jy, some rights reserved (CC BY-NC)",research,2026-08-02,28.8044902909,119.1040771271,"Quzhou, Zhejiang, CN",,inaturalist_observation_387486986,data\raw\inaturalist\other_insect\inat_387486986_2100256.m4a,b41631e7916c3b812b6b15de071a5a7767551f4810f8f322384949d8ae5863ea,source_curated,,,trusted iNaturalist research-grade community label
inaturalist,inat_125013574_492420,polypedates_braueri,Polypedates braueri,布氏泛树蛙,frog,https://www.inaturalist.org/observations/125013574,https://static.inaturalist.org/sounds/492420.wav?1657111534,CC-BY-NC-SA,cc-by-nc-sa,False,"(c) Nat Panda, some rights reserved (CC BY-NC-SA)",research,2022-06-14,26.4234217295,106.3695259008,"平坝花园, Pingba District, Anshun, Guizhou, China",,inaturalist_observation_125013574,data\raw\inaturalist\polypedates_braueri\inat_125013574_492420.wav,dcd4fef671c4d7f78d598e310153d2aae4afe1fcbb9b1e20398f89ead6743194,source_curated,,,trusted iNaturalist research-grade community label
inaturalist,inat_213458540_1017112,polypedates_braueri,Polypedates braueri,布氏泛树蛙,frog,https://www.inaturalist.org/observations/213458540,https://static.inaturalist.org/sounds/1017112.wav?1714843339,CC-BY-NC,cc-by-nc,False,"(c) Amaël Borzée, some rights reserved (CC BY-NC)",research,2024-05-05,31.4033964466,115.8096471056,"Lu'an, CN-AH, CN",,inaturalist_observation_213458540,data\raw\inaturalist\polypedates_braueri\inat_213458540_1017112.wav,902401a9c048ba3fc7427feee989baaeba98b15d5ac7dea9fe04ff79b0f7cb69,source_curated,,,trusted iNaturalist research-grade community label
inaturalist,inat_218363181_1060994,polypedates_braueri,Polypedates braueri,布氏泛树蛙,frog,https://www.inaturalist.org/observations/218363181,https://static.inaturalist.org/sounds/1060994.m4a?1716729717,CC-BY-NC,cc-by-nc,False,"(c) Amaël Borzée, some rights reserved (CC BY-NC)",research,2024-05-26,31.062851,111.27011213,"Yichang, CN-HU, CN",,inaturalist_observation_218363181,data\raw\inaturalist\polypedates_braueri\inat_218363181_1060994.m4a,e51b4831354ce9f29cf996430d32c03fc354240cb87108c92a8b97b64832ffd7,source_curated,,,trusted iNaturalist research-grade community label
inaturalist,inat_230270023_1136772,polypedates_braueri,Polypedates braueri,布氏泛树蛙,frog,https://www.inaturalist.org/observations/230270023,https://static.inaturalist.org/sounds/1136772.m4a?1721388192,CC-BY-NC,cc-by-nc,False,"(c) Dallin Kohler, some rights reserved (CC BY-NC)",research,2024-07-19,29.8369878327,121.861987992,中国宁波市 邮政编码: 315809,,inaturalist_observation_230270023,data\raw\inaturalist\polypedates_braueri\inat_230270023_1136772.m4a,d0e4e292f89c0198b40034a560b481d69cc5e64b6743ba2596152a26187ab42f,source_curated,,,trusted iNaturalist research-grade community label
inaturalist,inat_260702780_1300615,polypedates_braueri,Polypedates braueri,布氏泛树蛙,frog,https://www.inaturalist.org/observations/260702780,https://static.inaturalist.org/sounds/1300615.m4a?1738758503,CC-BY-NC,cc-by-nc,False,"(c) Dave GUO, some rights reserved (CC BY-NC)",research,2023-07-06,30.347181,119.428912,"West Tianmu Mountain, Lin'An, Hangzhou, China, 313304",,inaturalist_observation_260702780,data\raw\inaturalist\polypedates_braueri\inat_260702780_1300615.m4a,a710b6e1ef401dd0f744ae4f01e86969483f0be7a1b68eeba4a035bf8ca413af,source_curated,,,trusted iNaturalist research-grade community label
inaturalist,inat_260702781_1300614,polypedates_braueri,Polypedates braueri,布氏泛树蛙,frog,https://www.inaturalist.org/observations/260702781,https://static.inaturalist.org/sounds/1300614.m4a?1738758502,CC-BY-NC,cc-by-nc,False,"(c) Dave GUO, some rights reserved (CC BY-NC)",research,2022-05-19,25.223894005,98.6716923757,"6MFC+R4H, Tengchong, Baoshan, Yunnan, China, 679105",,inaturalist_observation_260702781,data\raw\inaturalist\polypedates_braueri\inat_260702781_1300614.m4a,153e0f3fa41edbc1b3da6832b5cb2184e61c95e0666ffefd49fa6e7f1cc947f4,source_curated,,,trusted iNaturalist research-grade community label
inaturalist,inat_272673476_1393026,polypedates_braueri,Polypedates braueri,布氏泛树蛙,frog,https://www.inaturalist.org/observations/272673476,https://static.inaturalist.org/sounds/1393026.m4a?1745499667,CC-BY-NC,cc-by-nc,False,"(c) c-dragon0205, some rights reserved (CC BY-NC)",research,2025-04-24,30.1271093331,118.017458004,"黄山区, 黄山市, 安徽省, CN",,inaturalist_observation_272673476,data\raw\inaturalist\polypedates_braueri\inat_272673476_1393026.m4a,698358c871c56d6a48c475bb586eec105e4030f795162357b0391e64cb7de6d4,source_curated,,,trusted iNaturalist research-grade community label
inaturalist,inat_282351690_1472057,polypedates_braueri,Polypedates braueri,布氏泛树蛙,frog,https://www.inaturalist.org/observations/282351690,https://static.inaturalist.org/sounds/1472057.m4a?1747657767,CC-BY-NC,cc-by-nc,False,"(c) Amaël Borzée, some rights reserved (CC BY-NC)",research,2025-05-19,30.27303105,119.55806392,"Hangzhou, CN-ZJ, CN",,inaturalist_observation_282351690,data\raw\inaturalist\polypedates_braueri\inat_282351690_1472057.m4a,a8871dde28b9b314313d78bcb7b934cf93494ef1205d3c4ab10c9f98e2f99e96,source_curated,,,trusted iNaturalist research-grade community label
inaturalist,inat_292593586_1540993,polypedates_braueri,Polypedates braueri,布氏泛树蛙,frog,https://www.inaturalist.org/observations/292593586,https://static.inaturalist.org/sounds/1540993.m4a?1750853117,CC0,cc0,True,no rights reserved,research,2025-06-25,30.9883544316,116.0929417815,"岳西县, 安庆市, 安徽省, CN",,inaturalist_observation_292593586,data\raw\inaturalist\polypedates_braueri\inat_292593586_1540993.m4a,500bbca1a2c3eb6d55c71656e4595a15c7da8532777c0ed9ad68d0c96b70c8d4,source_curated,,,trusted iNaturalist research-grade community label
inaturalist,inat_292605263_1541041,polypedates_braueri,Polypedates braueri,布氏泛树蛙,frog,https://www.inaturalist.org/observations/292605263,https://static.inaturalist.org/sounds/1541041.m4a?1750857143,CC0,cc0,True,no rights reserved,research,2025-06-25,30.8606897739,116.0465553352,"Anqing, CN-AH, CN",,inaturalist_observation_292605263,data\raw\inaturalist\polypedates_braueri\inat_292605263_1541041.m4a,ebab4ec5797197606786b7f5f0bfd7ac6a2a3c4d32b126ba058dbf25ddb0bb06,source_curated,,,trusted iNaturalist research-grade community label
inaturalist,inat_293185143_1544154,polypedates_braueri,Polypedates braueri,布氏泛树蛙,frog,https://www.inaturalist.org/observations/293185143,https://static.inaturalist.org/sounds/1544154.m4a?1751048922,CC0,cc0,True,no rights reserved,research,2025-06-28,30.8395894256,116.169565975,"Anqing, CN-AH, CN",,inaturalist_observation_293185143,data\raw\inaturalist\polypedates_braueri\inat_293185143_1544154.m4a,bf16ba02f3543cdde2a59e0023ba500c59ee145e5f8a65adf57f418cdee948d4,source_curated,,,trusted iNaturalist research-grade community label
inaturalist,inat_294779529_1552538,polypedates_braueri,Polypedates braueri,布氏泛树蛙,frog,https://www.inaturalist.org/observations/294779529,https://static.inaturalist.org/sounds/1552538.m4a?1751523142,CC-BY-NC,cc-by-nc,False,"(c) yihan_chen_ss, some rights reserved (CC BY-NC)",research,2025-06-21,30.162135,118.916574,中国杭州市临安区太子尖 邮政编码: 311323,,inaturalist_observation_294779529,data\raw\inaturalist\polypedates_braueri\inat_294779529_1552538.m4a,cf3b38d9c6e264ddd042ef74181fd0d487a92ce35a4b07858fbd551cc59ad94f,source_curated,,,trusted iNaturalist research-grade community label
inaturalist,inat_299825095_1576779,polypedates_braueri,Polypedates braueri,布氏泛树蛙,frog,https://www.inaturalist.org/observations/299825095,https://static.inaturalist.org/sounds/1576779.m4a?1753103889,CC-BY-NC,cc-by-nc,False,"(c) Herpeto-Ichthyo Ecosystems and Lifeforms International Observance Society (HELIOS), some rights reserved (CC BY-NC)",research,2025-07-21,31.3015235502,115.6804041351,"马鬃岭景区, 六安市, 安徽省, CN",,inaturalist_observation_299825095,data\raw\inaturalist\polypedates_braueri\inat_299825095_1576779.m4a,dd2edb194556f266dcc0a12befbcf580301ba7d8bd67d5ee6cb38a45175bfb33,source_curated,,,trusted iNaturalist research-grade community label
inaturalist,inat_308009357_1611314,polypedates_braueri,Polypedates braueri,布氏泛树蛙,frog,https://www.inaturalist.org/observations/308009357,https://static.inaturalist.org/sounds/1611314.wav?1755798050,CC-BY,cc-by,True,"(c) Wang.QG, some rights reserved (CC BY)",research,2025-08-16,30.2097127716,119.3303709434,杭州市临安区,,inaturalist_observation_308009357,data\raw\inaturalist\polypedates_braueri\inat_308009357_1611314.wav,d762a1c6152f7ec8f3ee051e6a098698cc8f2d103ad2550364a9c8cb2a8fd298,source_curated,,,trusted iNaturalist research-grade community label
inaturalist,inat_370877308_2017215,polypedates_braueri,Polypedates braueri,布氏泛树蛙,frog,https://www.inaturalist.org/observations/370877308,https://static.inaturalist.org/sounds/2017215.mp3?1781263849,CC-BY-NC,cc-by-nc,False,"(c) xqxd, some rights reserved (CC BY-NC)",research,2026-06-11,32.4661971526,104.8343017198,中国四川省广元市青川县,,inaturalist_observation_370877308,data\raw\inaturalist\polypedates_braueri\inat_370877308_2017215.mp3,ccdc572bc171bdaedc3a8a1e3dacf258af3f91441313ccdfc84d72c2bbcd198f,source_curated,,,trusted iNaturalist research-grade community label
inaturalist,inat_384883736_2087230,polypedates_braueri,Polypedates braueri,布氏泛树蛙,frog,https://www.inaturalist.org/observations/384883736,https://static.inaturalist.org/sounds/2087230.m4a?1784987731,CC-BY-NC,cc-by-nc,False,(c) Herpeto-Ichthyo Ecosystems and Lifeforms International Observation Society (HELIOS)，保留部分权利（CC BY-NC）,research,2026-07-25,31.0837823067,116.1961126655,"霍山县, 六安市, 安徽省, CN",,inaturalist_observation_384883736,data\raw\inaturalist\polypedates_braueri\inat_384883736_2087230.m4a,ec9e78ff139cfc00df2f559337574e41af2357b16d7bcbc8d10ed12534fae411,source_curated,,,trusted iNaturalist research-grade community label
